job_id,title,company,city,posted_date,job_type,source
JOBSEARCH_118,Data Analyst - Fresher,Simply Vyapar Apps Private Limited,Bangalore,2026-07-14,Fresher,indeed_2026
JOBSEARCH_119,Data Analyst,ALSTOM,Bangalore,2026-08-05,Full-time,indeed_2026
JOBSEARCH_120,Data Analyst,Indium software,Bangalore,2026-04-20,Permanent,indeed_2026
JOBSEARCH_128,Data Scientist,Cisco,Bangalore,2026-08-25,Full-time,indeed_2026
JOBSEARCH_138,Junior Data Analyst,Institutional Shareholder Services,Mumbai,2026-08-17,Full-time,indeed_2026
JOBSEARCH_141,Data Analyst,Anarock Property Consultants,Mumbai,2026-08-18,Full-time,indeed_2026
JOBSEARCH_148,Data Analyst/PowerBI Engineer,ProArch,Hyderabad,2026-06-08,Full-time,indeed_2026
JOBSEARCH_149,Data Analyst,Tanla Platforms,Hyderabad,2026-05-13,Full-time,indeed_2026
KAGGLE_00001,Technology Lead : Data Science I Machine Learning,Infosys Limited,Bangalore,2022-06-26,,kaggle_2022
KAGGLE_00002,"Software Engineer, Machine Learning",Google,Bangalore,2022-06-26,,kaggle_2022
KAGGLE_00003,Experienced Over The Shoulder Mechanic- C17,BOEING,Remote,2022-07-23,,kaggle_2022
KAGGLE_00004,Data Scientist,Infosys Limited,Bangalore,2022-06-26,,kaggle_2022
KAGGLE_00005,Python Developer,Infosys Limited,Bangalore,2022-06-26,,kaggle_2022
KAGGLE_00006,Senior Data Analyst,AdTech Holding,Bangalore,2022-07-21,,kaggle_2022
KAGGLE_00007,Machine Learning Engineer,Oracle,Bangalore,2022-07-12,,kaggle_2022
KAGGLE_00008,Machine Learning-Python,Atos,Pune,2022-07-23,,kaggle_2022
KAGGLE_00009,Data Analytics,Infochola,India,2022-07-26,,kaggle_2022
KAGGLE_00010,Machine Learning Data Engineer,BlueOptima,Bangalore,2022-07-25,,kaggle_2022
KAGGLE_00011,Machine Learning Engineer,Impetus Technologies,Gurgaon,2022-07-21,,kaggle_2022
KAGGLE_00012,"Software Engineering Intern, Winter 2023",Google,Bangalore,2022-07-14,,kaggle_2022
KAGGLE_00013,Cloud Engineer (Remote),Julia Computing,Bangalore,2022-07-23,,kaggle_2022
KAGGLE_00014,Machine Learning Engineer,DTN,Remote,2022-07-22,,kaggle_2022
KAGGLE_00015,Machine Learning Engineer and Big Data Engineer,Infimetrics Info Solutions Pvt. Ltd.,Bangalore,2022-07-21,,kaggle_2022
KAGGLE_00016,Associate Data Scientist I,UST Global,Bangalore,2022-07-07,,kaggle_2022
KAGGLE_00017,Machine Learning Developer,Tech Opportunity,Mumbai,2022-07-25,,kaggle_2022
KAGGLE_00018,Machine Learning Engineer,Quantiphi,Mumbai,2022-07-22,,kaggle_2022
KAGGLE_00019,Python Machine Learning/AI Engineer,Mobotics,Delhi,2022-06-26,,kaggle_2022
KAGGLE_00020,Data Analyst,Maersk,Chennai,2022-07-19,,kaggle_2022
KAGGLE_00021,Machine Learning Engineer,Ideapoke,Bangalore,2022-07-19,,kaggle_2022
KAGGLE_00022,Data analyst,Honeywell,Bangalore,2022-07-19,,kaggle_2022
KAGGLE_00023,Machine Learning Engineer,ServiceNow,Hyderabad,2022-07-21,,kaggle_2022
KAGGLE_00024,Machine Learning Intern,Hacklab Solutions Private Limited,Bangalore,2022-07-24,,kaggle_2022
KAGGLE_00025,Machine Learning Engineer,PeopleGrove,Remote,2022-06-26,,kaggle_2022
KAGGLE_00026,Data Scientist,Lincode Labs,Bangalore,2022-07-26,,kaggle_2022
KAGGLE_00027,– Machine Learning Engineer,Sourcedesk Global,Kolkata,2022-06-26,,kaggle_2022
KAGGLE_00028,Machine Learning Engineer,Mercedes-Benz Research and Development India...,Bangalore,2022-06-26,,kaggle_2022
KAGGLE_00029,Associate Machine Learning Scientist,Wadhwani Institute for Artificial Intelligence,Delhi,2022-07-22,,kaggle_2022
KAGGLE_00030,Computer Vision Research/ Platform Engineer - Machine Learni...,Mercedes-Benz Research and Development India...,Bangalore,2022-06-26,,kaggle_2022
KAGGLE_00031,– Machine Learning Engineer,Sourcedesk Global,Kolkata,2022-06-26,,kaggle_2022
KAGGLE_00032,Machine Learning Engineer,Mercedes-Benz Research and Development India...,Bangalore,2022-06-26,,kaggle_2022
KAGGLE_00033,Associate Machine Learning Scientist,Wadhwani Institute for Artificial Intelligence,Delhi,2022-07-22,,kaggle_2022
KAGGLE_00034,Computer Vision Research/ Platform Engineer - Machine Learni...,Mercedes-Benz Research and Development India...,Bangalore,2022-06-26,,kaggle_2022
KAGGLE_00035,Machine Learning Engineer,MetaMap,Bangalore,2022-06-26,,kaggle_2022
KAGGLE_00036,( Pyspark ) Data Scientist,EY,Bangalore,2022-07-26,,kaggle_2022
KAGGLE_00037,Machine Learning Engineer,Alphanet Solution,Bangalore,2022-07-16,,kaggle_2022
KAGGLE_00038,Data science,Gex Search,Hyderabad,,,kaggle_2022
KAGGLE_00039,Freelance Content Writer,Badatya Private Limited,Delhi,2022-07-25,,kaggle_2022
KAGGLE_00040,Admin Manager,Climate Connect,Delhi,2022-07-21,,kaggle_2022
KAGGLE_00041,Operation Analyst,Financial Fabric,Kolkata,,,kaggle_2022
KAGGLE_00042,Java Developer,Recrosoft Technologies,Bangalore,2022-07-22,,kaggle_2022
KAGGLE_00043,Machine Learning Engineer,Hitachi Vantara Corporation,Pune,2022-07-22,,kaggle_2022
KAGGLE_00044,Machine Learning-Consultant,Wipro Limited,Bangalore,2022-06-26,,kaggle_2022
KAGGLE_00045,Machine learning engineer,3loq,Hyderabad,2022-07-01,,kaggle_2022
KAGGLE_00046,KYC System Analyst,Brickendon Consulting,Hyderabad,2022-07-19,,kaggle_2022
KAGGLE_00047,Data Science/Data Analytics,Intrics Solutions Pvt Ltd,Noida,2022-07-22,,kaggle_2022
KAGGLE_00048,Data Analyst 2-8,PayPal,Bangalore,2022-07-22,,kaggle_2022
KAGGLE_00049,Machine Learning,Angel's Virtual World,Delhi,2022-07-09,,kaggle_2022
KAGGLE_00050,Machine Learning Engineer,Hitachi,Pune,2022-07-22,,kaggle_2022
KAGGLE_00051,Data Science/Data Analytics,Excellence and Eminence LLP,Bangalore,2022-07-21,,kaggle_2022
KAGGLE_00052,Senior Machine Learning Scientist,Microsoft,Bangalore,2022-07-23,,kaggle_2022
KAGGLE_00053,Computer Vision Research Engineer - Machine Learning,Mercedes-Benz Research and Development India...,Bangalore,2022-06-26,,kaggle_2022
KAGGLE_00054,Machine Learning (ML) Research Engineer,Robert Bosch,Bangalore,2022-07-06,,kaggle_2022
KAGGLE_00055,Machine Learning Engineer 2,Adobe,Bangalore,2022-07-14,,kaggle_2022
KAGGLE_00056,Data Annotator,Ezeiatech Systems Pvt Ltd,Gurgaon,,,kaggle_2022
KAGGLE_00057,ML Engineer,Enterpret,Bangalore,2022-07-20,,kaggle_2022
KAGGLE_00058,"Analyst, Risk Analytics (PPNR/Machine Learning)",Northern Trust Corp.,Bangalore,2022-07-15,,kaggle_2022
KAGGLE_00059,Automation Engineer,Paras Defence & Space Technologies,Mumbai,2022-07-22,,kaggle_2022
KAGGLE_00060,Cloud Operations Engineer I,EagleView Technologies,Bangalore,2022-07-09,,kaggle_2022
KAGGLE_00061,Machine Learning-Python,Quant AIs,Delhi,2022-06-26,,kaggle_2022
KAGGLE_00062,Associate II - Data Analysis,UST Global,Thiruvananthapuram,2022-07-07,,kaggle_2022
KAGGLE_00063,Machine Learning Engineer,Jumio Corporation,Remote,2022-06-26,,kaggle_2022
KAGGLE_00064,Scientist (Bioinformatics and Computational Biology),Aganitha AI,Hyderabad,2022-07-16,,kaggle_2022
KAGGLE_00065,Data Scientist,JMS ADVISORY SERVICES PVT.LTD,Pune,2022-07-21,,kaggle_2022
KAGGLE_00066,Machine Learning Engineer (Remote),HackerRank,Bangalore,2022-07-01,,kaggle_2022
KAGGLE_00067,"Director/VP, Machine Learning",Leena AI India Pvt Ltd,Bangalore,2022-07-22,,kaggle_2022
KAGGLE_00068,Machine learning Engineer,indiagold,Gurgaon,2022-06-26,,kaggle_2022
KAGGLE_00069,Machine Learning Engineer - Deloitte AI Center of Excellence...,Deloitte,Bangalore,2022-07-09,,kaggle_2022
KAGGLE_00070,Data Scientist,C2FO ITPL,Noida,2022-07-22,,kaggle_2022
KAGGLE_00071,Machine Learning Developer,Cybage,Pune,2022-07-07,,kaggle_2022
KAGGLE_00072,Machine Learning Engineer,Vitrana,Bangalore,2022-07-15,,kaggle_2022
KAGGLE_00073,Data Science,Globussoft Technologies,Bangalore,2022-07-05,,kaggle_2022
KAGGLE_00074,Machine Learning Engineer/Data Scientist,Innowise,Remote,2022-06-26,,kaggle_2022
KAGGLE_00075,Data Analyst,Creditas Solutions,Gurgaon,2022-07-07,,kaggle_2022
KAGGLE_00076,Data Scientist,MARJ TECHNOLOGIES,Noida,2022-07-21,,kaggle_2022
KAGGLE_00077,Data Scientist,Danske Bank,Bangalore,2022-07-16,,kaggle_2022
KAGGLE_00078,Data science and Machine learning Trainer,Merida Tech Minds,Bangalore,2022-06-26,,kaggle_2022
KAGGLE_00079,Machine Learning Engineer,DeepEdge,Hyderabad,2022-06-26,,kaggle_2022
KAGGLE_00080,"Manager, Customer Experience Quality, gCare Operations and P...",Google,Hyderabad,2022-07-20,,kaggle_2022
KAGGLE_00081,Data Scientist,Barclays,Delhi,2022-07-21,,kaggle_2022
KAGGLE_00082,Machine Learning,Think Future Technologies,Gurgaon,2022-06-26,,kaggle_2022
KAGGLE_00083,Data Scientist,OneBanc Technologies,Gurgaon,2022-07-17,,kaggle_2022
KAGGLE_00084,Data Engineer,Meridian soft,Bangalore,2022-07-21,,kaggle_2022
KAGGLE_00085,Machine Learning Intern - (Final Year),cloudsek,Bangalore,2022-06-26,,kaggle_2022
KAGGLE_00086,Software Quality Senior Engineer,Dell Technologies,Bangalore,,,kaggle_2022
KAGGLE_00087,Data Science and Machine Learning Consultant,Quess Corp,Hyderabad,2022-07-23,,kaggle_2022
KAGGLE_00088,Software Quality Senior Engineer,Dell Technologies,Bangalore,,,kaggle_2022
KAGGLE_00089,Business Analyst,TGS the global skills,Gurgaon,2022-07-15,,kaggle_2022
KAGGLE_00090,Data Science and Machine Learning Consultant,Quess Corp,Hyderabad,2022-07-23,,kaggle_2022
KAGGLE_00091,Intern - Business Analyst,Climate Connect,Remote,2022-07-12,,kaggle_2022
KAGGLE_00092,Manager - Data Analyst,Maruti Suzuki India Ltd,Gurgaon,2022-06-26,,kaggle_2022
KAGGLE_00093,R&D Member of Technical Staff II,Aveva,India,2022-07-21,,kaggle_2022
KAGGLE_00094,Microsoft Azure Machine Learning Application Developer,Accenture,Mumbai,2022-07-20,,kaggle_2022
KAGGLE_00095,Machine Learning Engineer II,"Neustar, Inc.",Bangalore,2022-07-19,,kaggle_2022
KAGGLE_00096,Office Administrator,Wood Mackenzie,Delhi,2022-07-26,,kaggle_2022
KAGGLE_00097,Data Analyst,Serendipity corporate services,Hyderabad,2022-07-19,,kaggle_2022
KAGGLE_00098,Data Annotator,Objectways,Karur,2022-07-05,,kaggle_2022
KAGGLE_00099,Machine Learning Engineer,MedTourEasy,Delhi,2022-06-26,,kaggle_2022
KAGGLE_00100,Sr Software Engineer,WELLS FARGO BANK,Bangalore,2022-07-15,,kaggle_2022
KAGGLE_00101,Software Engineer – Python,Crowe,Noida,2022-07-16,,kaggle_2022
KAGGLE_00102,Data Engineer,HRhelpdesk,Noida,2022-07-20,,kaggle_2022
KAGGLE_00103,ML Engineer,EY,Bangalore,2022-07-19,,kaggle_2022
KAGGLE_00104,Data Science & Analytics,Samsung Electronics,Bangalore,2022-06-26,,kaggle_2022
KAGGLE_00105,Strategy Officer,Bosch Group,Bangalore,2022-07-25,,kaggle_2022
KAGGLE_00106,Data Scientist,Accubits Technologies,India,2022-06-26,,kaggle_2022
KAGGLE_00107,US Citizens Only - Machine Learning Engineer,Codvo.ai,Remote,2022-07-07,,kaggle_2022
KAGGLE_00108,Data Analyst,Ericsson,Noida,2022-07-13,,kaggle_2022
KAGGLE_00109,Data Engineer,Recbots,Bangalore,2022-07-23,,kaggle_2022
KAGGLE_00110,PQA - Product Quality Assure,Volvo Group,Bangalore,,,kaggle_2022
KAGGLE_00111,Java Developer,Recro,Bangalore,2022-07-19,,kaggle_2022
KAGGLE_00112,Machine Learning Validation Engineer (169430),"Advanced Micro Devices, Inc.",Bangalore,2022-07-20,,kaggle_2022
KAGGLE_00113,Data Scientist,BEIING,Delhi,2022-06-30,,kaggle_2022
KAGGLE_00114,Affine Returnship Program,Affine,India,2022-07-07,,kaggle_2022
KAGGLE_00115,Senior Machine Learning Scientist,Algonomy,Bangalore,2022-07-18,,kaggle_2022
KAGGLE_00116,Machine Learning Engineer - QuantumBlack,McKinsey & Company,Bangalore,2022-06-26,,kaggle_2022
KAGGLE_00117,Data Scientist,Serendipity corporate services,Bangalore,2022-07-23,,kaggle_2022
KAGGLE_00118,ML Engineer - Permanent Remote,Alpha Net Technologies Pvt Ltd,Hyderabad,2022-07-22,,kaggle_2022
KAGGLE_00119,Machine Learning Lead,tiket.com,India,2022-07-20,,kaggle_2022
KAGGLE_00120,Machine Learning Engineer ( 3 to 5 yrs),IceCream Labs,Bangalore,2022-06-26,,kaggle_2022
KAGGLE_00121,Machine Learning Engineer,Multirecruit,Bangalore,2022-07-23,,kaggle_2022
KAGGLE_00122,ML & Data Scientist,Fortinet,Bangalore,2022-07-03,,kaggle_2022
KAGGLE_00123,Machine Learning Engineer,Walmart Global Tech India,Bangalore,2022-06-30,,kaggle_2022
KAGGLE_00124,Machine Learning (Data Scientist) - 2 Positions,itechnolabs india pvt ltd,Mohali,2022-07-23,,kaggle_2022
KAGGLE_00125,Customer Service Representative,Freshplate Pvt Ltd,Bangalore,2022-07-22,,kaggle_2022
KAGGLE_00126,Data Scientist,Aganitha AI,Hyderabad,2022-07-01,,kaggle_2022
KAGGLE_00127,Software Product Engineer,WadhwaniAI,Delhi,2022-07-21,,kaggle_2022
KAGGLE_00128,Python/Django Developer,VuNet Systems,Bangalore,2022-07-22,,kaggle_2022
KAGGLE_00129,Machine Learning Engineer,Masters India Private Limited,Noida,2022-06-26,,kaggle_2022
KAGGLE_00130,Technical Business Analyst,Vv Consultancy,Bangalore,2022-07-13,,kaggle_2022
KAGGLE_00131,Machine Learning Engineer,Samyak Infotech,Ahmedabad,2022-06-26,,kaggle_2022
KAGGLE_00132,Deep Learning Engineer (SIPS-PS),Sony India Software Centre Pvt Ltd,Bangalore,2022-07-22,,kaggle_2022
KAGGLE_00133,Machine Learning DevOps Engineer,Conxai Technologies GmbH,Bangalore,2022-07-12,,kaggle_2022
KAGGLE_00134,Analyst-Data Operations,Nielsen,Bangalore,2022-06-26,,kaggle_2022
KAGGLE_00135,Cloud Software Engineer,"JPMorgan Chase Bank, N.A.",Bangalore,,,kaggle_2022
KAGGLE_00136,Machine Learning Scientist,Wadhwani AI,Mumbai,2022-06-26,,kaggle_2022
KAGGLE_00137,Entry Level Software Engineer,Auxia Inc,Bangalore,2022-07-06,,kaggle_2022
KAGGLE_00138,Computer Vision Engineer,Ajna Lens,Thane,2022-07-23,,kaggle_2022
KAGGLE_00139,Machine Learning Engineer- Automation,Alpha Net Consulting,Remote,2022-06-29,,kaggle_2022
KAGGLE_00140,Software Engineer,Wadhwani Institute for Artificial Intelligence,Delhi,2022-07-22,,kaggle_2022
KAGGLE_00141,Associate - QR Strats Data Analytics - APAC,Morgan Stanley,Mumbai,2022-07-23,,kaggle_2022
KAGGLE_00142,Engineer I - Verification,Microchip Technology,Chennai,2022-07-26,,kaggle_2022
KAGGLE_00143,Machine Learning Engineer,Botways Tech,Pune,2022-06-26,,kaggle_2022
KAGGLE_00144,Data Analyst,Benchmark Digital Partners,Bangalore,,,kaggle_2022
KAGGLE_00145,Machine Learning Engineers,Inavan India Technologies,Kochi,2022-06-26,,kaggle_2022
KAGGLE_00146,Machine Learning Engineer,Lucida Technologies Private Limited,Bangalore,2022-07-22,,kaggle_2022
KAGGLE_00147,Accounts Receivable Manager,GoKwik,Gurgaon,,,kaggle_2022
KAGGLE_00148,Software Engineer - UI,Dell Technologies,Bangalore,2022-07-19,,kaggle_2022
KAGGLE_00149,Senior Machine Learning Engineer,Svastir Global Services Private Limited,Delhi,2022-07-17,,kaggle_2022
KAGGLE_00150,Software Tester,Turbolab Technologies Private Limited,Kochi,2022-07-20,,kaggle_2022
KAGGLE_00151,Data Analyst,Vodafone,Pune,,,kaggle_2022
KAGGLE_00152,Software Development Engineer - I,BEIING,Remote,2022-06-30,,kaggle_2022
KAGGLE_00153,Machine Learning Engineer,Wadhwani AI,Mumbai,2022-06-26,,kaggle_2022
KAGGLE_00154,Process Associate-Data Analyst,Genpact,Noida,,,kaggle_2022
KAGGLE_00155,Subject Matter Expert (SME) -Computer Science (WFH),TutorBin,Remote,2022-07-21,,kaggle_2022
KAGGLE_00156,Analyst (Writer),Mind Works Global,Remote,2022-06-26,,kaggle_2022
KAGGLE_00157,Machine Learning Engineer,TAC Security,Bangalore,2022-06-26,,kaggle_2022
KAGGLE_00158,AI-ML Engineer,Kizora,Nagpur,2022-07-16,,kaggle_2022
KAGGLE_00159,"Machine Learning Engineer - Data Pre-processing, Pipeline, S...",Zscaler,Bangalore,2022-07-20,,kaggle_2022
KAGGLE_00160,Senior Technical Support Executive,Vymo,Bangalore,2022-07-26,,kaggle_2022
KAGGLE_00161,Software Engineer 2,Microsoft,Hyderabad,2022-07-21,,kaggle_2022
KAGGLE_00162,Data Engineer,iMentus Technologies,Indore,2022-07-22,,kaggle_2022
KAGGLE_00163,Lead Machine Learning Engineer,Climate Connect,Remote,2022-07-12,,kaggle_2022
KAGGLE_00164,Data Scientist,Apple,Hyderabad,2022-07-24,,kaggle_2022
KAGGLE_00165,ACN - Applied Intelligence - C4DI - T&O Analytics - 07,Accenture,Gurgaon,2022-07-12,,kaggle_2022
KAGGLE_00166,Mtech Freshers,Ignitarium Technology Solutions,India,2022-06-26,,kaggle_2022
KAGGLE_00167,Data Engineer,IBM,Gurgaon,2022-07-07,,kaggle_2022
KAGGLE_00168,Machine Learning/Artificial Intelligence,Code Tree Software Solutions,Vijayawada,2022-06-29,,kaggle_2022
KAGGLE_00169,Backend Java Developer,BIG IT JOBS,India,2022-07-09,,kaggle_2022
KAGGLE_00170,Backend Java Developer,BIG IT JOBS,India,2022-07-09,,kaggle_2022
KAGGLE_00171,AI - Deep Learning/Computer Vision,Ignitarium Technology Solutions,India,2022-06-26,,kaggle_2022
KAGGLE_00172,Full Stack Developer,Schmid vision soft,Bangalore,2022-07-23,,kaggle_2022
KAGGLE_00173,Software Engineer,Dell Technologies,Pune,2022-07-21,,kaggle_2022
KAGGLE_00174,Data Science Engineer,Tuebora,Bangalore,2022-06-26,,kaggle_2022
KAGGLE_00175,MIS Analyst (Logistics),Trucknetic (Savir Logistics Pvt Ltd),Delhi,2022-07-23,,kaggle_2022
KAGGLE_00176,Associate Machine Learning Scientist,Wadhwani AI,Delhi,2022-06-26,,kaggle_2022
KAGGLE_00177,Machine Learning Engineer - Innovation Center Network,SAP,Bangalore,2022-07-13,,kaggle_2022
KAGGLE_00178,Senior Data Engineer,Optimhire,Remote,,,kaggle_2022
KAGGLE_00179,USI Consulting - S&A - HS&I - Converge Consumer - Machine Le...,Deloitte,Bangalore,2022-06-29,,kaggle_2022
KAGGLE_00180,Machine Learning Engineer III,Expedia Group,Gurgaon,2022-07-22,,kaggle_2022
KAGGLE_00181,Senior Data Analyst- Machine Learning,Oracle,Bangalore,2022-06-26,,kaggle_2022
KAGGLE_00182,Machine Learning Interns,DeepEdge,Hyderabad,2022-06-26,,kaggle_2022
KAGGLE_00183,Machine Learning Engineer,Niramai,Bangalore,2022-06-26,,kaggle_2022
KAGGLE_00184,NLP Engineer,Griffon Technology: A Placement Partner,Bangalore,2022-07-22,,kaggle_2022
KAGGLE_00185,Data Science,ZunRoof Tech,Gurgaon,2022-06-26,,kaggle_2022
KAGGLE_00186,Associate Data Scientist,Gour Institute,Kolkata,2022-07-22,,kaggle_2022
KAGGLE_00187,ML Developer,Agilite Global Solutions Company,Remote,2022-07-18,,kaggle_2022
KAGGLE_00188,Data Science Consultant / Senior Consultant,Thanks Buddy,Bangalore,2022-07-21,,kaggle_2022
KAGGLE_00189,Data Engineer,Walmart Global Tech India,Bangalore,2022-06-26,,kaggle_2022
KAGGLE_00190,Machine Learning Engineer,Inkers,Bangalore,2022-06-26,,kaggle_2022
KAGGLE_00191,Machine Learning Engineer,Micron,Bangalore,2022-06-26,,kaggle_2022
KAGGLE_00192,Sr Machine Learning Engr,Synopsys,Delhi,2022-06-26,,kaggle_2022
KAGGLE_00193,Data Scientist,Alphaabets,Bangalore,2022-07-21,,kaggle_2022
KAGGLE_00194,Associate Cloud Support Engineer,RWS,Bangalore,2022-06-26,,kaggle_2022
KAGGLE_00195,ML Engineer I,UST Global,Bangalore,2022-07-07,,kaggle_2022
KAGGLE_00196,Conversational AI Developer,Deloitte,Bangalore,2022-07-21,,kaggle_2022
KAGGLE_00197,Machine Learning Engineer,Tekolutions.ai,India,2022-06-26,,kaggle_2022
KAGGLE_00198,Applied AI ML Analyst (Data Annotation),"JPMorgan Chase Bank, N.A.",Hyderabad,2022-07-21,,kaggle_2022
KAGGLE_00199,Performance Engineer,Beyondsoft International (Singapore),Hyderabad,2022-07-21,,kaggle_2022
KAGGLE_00200,Data Engineering Internship,ZineOne,Mumbai,2022-06-26,,kaggle_2022
KAGGLE_00201,QA Analyst,Fictiv,Pune,2022-07-15,,kaggle_2022
KAGGLE_00202,Data Scientist,Mindtree,Chennai,2022-07-20,,kaggle_2022
KAGGLE_00203,Data Scientist,Springer Nature,Pune,2022-07-15,,kaggle_2022
KAGGLE_00204,Data Science Senior Analyst,Accenture,India,2022-07-20,,kaggle_2022
KAGGLE_00205,Software Engineer II,MatrixCare,Chennai,2022-07-20,,kaggle_2022
KAGGLE_00206,Data Scientist,iMentus Technologies,Indore,2022-07-22,,kaggle_2022
KAGGLE_00207,Lead Analyst,Amex,Gurgaon,,,kaggle_2022
KAGGLE_00208,Data Analyst - KPI Evaluation for vision systems,Mercedes-Benz Research and Development India...,Bangalore,2022-07-02,,kaggle_2022
KAGGLE_00209,Machine Learning/Deep Learning Experts,CrunchMetrics,Bangalore,2022-06-26,,kaggle_2022
KAGGLE_00210,Professional Development Coordinator - QuantumBlack,McKinsey & Company,Gurgaon,,,kaggle_2022
KAGGLE_00211,Data Annotator,Navayuga Infotech,Hyderabad,2022-06-26,,kaggle_2022
KAGGLE_00212,AUTOMATION CYPRESS TESTING,Prodapt SA,Hyderabad,2022-07-14,,kaggle_2022
KAGGLE_00213,QA Analyst 3-ProdDev,Oracle,Bangalore,2022-07-06,,kaggle_2022
KAGGLE_00214,ML Engineer,Nonstop Corporation,Nagpur,2022-07-23,,kaggle_2022
KAGGLE_00215,Cloud Engineer for CVML (Computer Vision and Machine Learnin...,Ittiam,Bangalore,2022-06-26,,kaggle_2022
KAGGLE_00216,Member of Technical Staff - 2,Adobe,Noida,2022-07-14,,kaggle_2022
KAGGLE_00217,Python Developer,Talent Ladder Consulting,Delhi,2022-07-19,,kaggle_2022
KAGGLE_00218,Financial Analyst II,Amex,Gurgaon,2022-07-20,,kaggle_2022
KAGGLE_00219,Associate Software Engineer,Celeb-AI-Technologies,Noida,2022-07-23,,kaggle_2022
KAGGLE_00220,"Machine Learning Intern, Core ML",Skit.ai,Bangalore,2022-06-26,,kaggle_2022
KAGGLE_00221,Machine Learning Technology Educator,Accenture,Pune,2022-07-20,,kaggle_2022
KAGGLE_00222,Applications Engineer,Oracle,Bangalore,2022-07-22,,kaggle_2022
KAGGLE_00223,Machine Learning Engineer,Avesha,Bangalore,2022-06-26,,kaggle_2022
KAGGLE_00224,Machine Learning Engineer 2,PayPal,Bangalore,2022-06-26,,kaggle_2022
KAGGLE_00225,Data Engineer,Freedom From Diabetes,Pune,2022-07-22,,kaggle_2022
KAGGLE_00226,Program Manager,Oracle,Bangalore,2022-07-06,,kaggle_2022
KAGGLE_00227,Data Science - Intern,Paytm,Noida,2022-06-26,,kaggle_2022
KAGGLE_00228,Software Engineer,Micro Focus,Bangalore,2022-06-26,,kaggle_2022
KAGGLE_00229,R&D Engineer,NOKIA,Bangalore,,,kaggle_2022
KAGGLE_00230,Software Engineer,Micro Focus,Bangalore,2022-06-26,,kaggle_2022
KAGGLE_00231,Urgent Part Time Recruitment for Data Engineer With Oracle A...,Intellecto Global Services,Chennai,,,kaggle_2022
KAGGLE_00232,Business Analyst ( Mandatory 3 to 4yrs Experience required ),TGS the global skills,Gurgaon,2022-07-20,,kaggle_2022
KAGGLE_00233,AI and ML Engineer,Visteon Corporation,Pune,2022-07-02,,kaggle_2022
KAGGLE_00234,Machine Learning Research Fellow,Skit.ai,Bangalore,2022-06-26,,kaggle_2022
KAGGLE_00235,Data science,Ticker Job,Bangalore,2022-07-21,,kaggle_2022
KAGGLE_00236,Data Scientist,Multirecruit,Bangalore,2022-07-23,,kaggle_2022
KAGGLE_00237,Associate - Student Success,UpGrad,India,2022-06-26,,kaggle_2022
KAGGLE_00238,Sr Executive/ Asst. Manager Talent Acquisition,spocto solutions,Thane,2022-07-25,,kaggle_2022
KAGGLE_00239,DATA SCIENTIST,MAHIRA RESOURCES PRIVATE LIMITED,Hyderabad,2022-07-19,,kaggle_2022
KAGGLE_00240,Executive Assistant,Amex,Gurgaon,2022-07-24,,kaggle_2022
KAGGLE_00241,Senior Data Scientist,Foundation AI (Cognial AI Solutions Pvt. Ltd.),Hyderabad,2022-07-21,,kaggle_2022
KAGGLE_00242,"Remote Machine Learning Developer (Python, Pandas, Numpy)",Turing,Remote,2022-07-22,,kaggle_2022
KAGGLE_00243,Data Artitect,Valiance Solutions,Noida,2022-07-05,,kaggle_2022
KAGGLE_00244,Data Scientist,Infosys Limited,Bangalore,2022-06-26,,kaggle_2022
KAGGLE_00245,Technology Lead : Data Science I Machine Learning,Infosys Limited,Bangalore,2022-06-26,,kaggle_2022
KAGGLE_00246,Senior Data Analyst - Data Engineering/Analytics,Exusia,Bangalore,2022-07-22,,kaggle_2022
KAGGLE_00247,Data Science Associate,Data Analytics Solutions,Indore,2022-07-25,,kaggle_2022
KAGGLE_00248,Data Science Trainee with PPO,Yeag Technology,Remote,2022-07-22,,kaggle_2022
KAGGLE_00249,Data Science/Data Analytics,Intrics Solutions Pvt Ltd,Noida,2022-07-22,,kaggle_2022
KAGGLE_00250,Data Science Internship Opportunity for University Graduates,Microsoft,India,2022-07-16,,kaggle_2022
KAGGLE_00251,Data science,Gex Search,Hyderabad,,,kaggle_2022
KAGGLE_00252,Data Science/Data Analytics,Excellence and Eminence LLP,Bangalore,2022-07-21,,kaggle_2022
KAGGLE_00253,Data Science & Analytics,Samsung Electronics,Bangalore,2022-06-26,,kaggle_2022
KAGGLE_00254,Software Engineering Internship Opportunity for University G...,Microsoft,India,2022-07-05,,kaggle_2022
KAGGLE_00255,Data Science,Globussoft Technologies,Bangalore,2022-07-05,,kaggle_2022
KAGGLE_00256,Data Science Consultant / Senior Consultant,Thanks Buddy,Bangalore,2022-07-21,,kaggle_2022
KAGGLE_00257,Data Scientist: Artificial Intelligence,IBM,Gurgaon,2022-07-09,,kaggle_2022
KAGGLE_00258,Analyst - Data Science,Amex,Gurgaon,2022-07-22,,kaggle_2022
KAGGLE_00259,"Software Engineering Intern, Winter 2023",Google,Bangalore,2022-07-14,,kaggle_2022
KAGGLE_00260,Data Science - Intern,Paytm,Noida,2022-06-26,,kaggle_2022
KAGGLE_00261,Data Science Consultant,ITC Infotech India Ltd,Bangalore,2022-07-21,,kaggle_2022
KAGGLE_00262,Content Strategist - Data Science,Testbook,Mumbai,2022-07-23,,kaggle_2022
KAGGLE_00263,Cyber Intelligence Specialist (Junior),FENG GROUP,Patna,2022-07-25,,kaggle_2022
KAGGLE_00264,Data Analyst,Foxx Life Sciences Pvt Ltd,Remote,2022-07-22,,kaggle_2022
KAGGLE_00265,Data Science Analytics,Aavas Financiers Limited,Jaipur,2022-07-23,,kaggle_2022
KAGGLE_00266,Data science,Ticker Job,Bangalore,2022-07-21,,kaggle_2022
KAGGLE_00267,Data Science - Consultant,ALIQAN Technologies,Bangalore,2022-07-09,,kaggle_2022
KAGGLE_00268,Data Engineer,Ultrafly Solutions Private Limited,Bangalore,2022-07-23,,kaggle_2022
KAGGLE_00269,Analyst,IQVIA,Bangalore,2022-07-24,,kaggle_2022
KAGGLE_00270,USI Consulting - S&A - HS&I - Converge Consumer - Data Scien...,Deloitte,Bangalore,2022-06-29,,kaggle_2022
KAGGLE_00271,Associate II - Data Analysis,UST Global,Thiruvananthapuram,2022-07-07,,kaggle_2022
KAGGLE_00272,"Faculty - Python, Data Science, Full Stack",TGC Animation and Multimedia,Delhi,2022-07-21,,kaggle_2022
KAGGLE_00273,Data Science Intern,Emerging India Analytics,Noida,2022-07-25,,kaggle_2022
KAGGLE_00274,Data Science Intern,Hashwide Pvt Ltd,Ernakulam,2022-07-22,,kaggle_2022
KAGGLE_00275,Data Scientist - Team AI Science,CropIn Technology Solutions,Bangalore,2022-07-16,,kaggle_2022
KAGGLE_00276,QA Engineer - Hitachi Astemo Gurugram Powertrain Systems,"Hitachi India Pvt, Ltd.",Noida,,,kaggle_2022
KAGGLE_00277,Data Science Trainer,FirstBit Solutions,Pune,2022-07-20,,kaggle_2022
KAGGLE_00278,Data Science Platform Support Analyst,Barclays,Pune,2022-07-24,,kaggle_2022
KAGGLE_00279,Data Science Engineer,Tuebora,Bangalore,2022-06-26,,kaggle_2022
KAGGLE_00280,Data Analyst 2-8,PayPal,Bangalore,2022-07-22,,kaggle_2022
KAGGLE_00281,Data Science – Sr. Associate,ALIQAN Technologies,Bangalore,2022-07-09,,kaggle_2022
KAGGLE_00282,Data science internship,Trukky Logistics,Gurgaon,2022-06-30,,kaggle_2022
KAGGLE_00283,Analyst - Tech Consulting - National - Data & Analytics - Ba...,EY,Bangalore,2022-07-16,,kaggle_2022
KAGGLE_00284,Data Science Trainer,Hellowork Technologies Pvt Ltd,Bangalore,2022-07-21,,kaggle_2022
KAGGLE_00285,Data Science Senior Analyst,Accenture,India,2022-07-20,,kaggle_2022
KAGGLE_00286,Data And Analytics - CRL 2.0 Data Science,EY,Bangalore,2022-07-13,,kaggle_2022
KAGGLE_00287,Data Engineer (Junior),FENG GROUP,Remote,2022-07-16,,kaggle_2022
KAGGLE_00288,Data Science Engineer,AMSYS Innovative Solution,Remote,2022-06-26,,kaggle_2022
KAGGLE_00289,Data Analyst Intern,GUVI GEEK NETWORK PRIVATE LIMITED,Chennai,2022-07-22,,kaggle_2022
KAGGLE_00290,Software Engineering Full Time Opportunity for University Gr...,Microsoft,India,2022-07-05,,kaggle_2022
KAGGLE_00291,Machine Learning Data Engineer,BlueOptima,Bangalore,2022-07-25,,kaggle_2022
KAGGLE_00292,Data Analyst,Patra Corp,Remote,2022-07-20,,kaggle_2022
KAGGLE_00293,DATA SCIENCE TRAINER,Nettech India,Thane,2022-07-23,,kaggle_2022
KAGGLE_00294,Data Scientist,Mindtree,Bangalore,2022-07-01,,kaggle_2022
KAGGLE_00295,Data Scientist,Pinimbus Software Ltd,Hyderabad,2022-07-26,,kaggle_2022
KAGGLE_00296,Data Architect,Miracle Software Systems,India,,,kaggle_2022
KAGGLE_00297,Data Science - Python Developer,Cyient,Pune,2022-06-26,,kaggle_2022
KAGGLE_00298,Junior Data Scientist,Conxai Technologies GmbH,Bangalore,2022-07-25,,kaggle_2022
KAGGLE_00299,Data Scientist,Barclays,Delhi,2022-07-21,,kaggle_2022
KAGGLE_00300,Data Science Trainer,Learn Digital Academy,Bangalore,2022-07-21,,kaggle_2022
KAGGLE_00301,Data Scientist,Mindtree,Bangalore,2022-07-01,,kaggle_2022
KAGGLE_00302,Data Architect,Miracle Software Systems,India,,,kaggle_2022
KAGGLE_00303,Data Science - Python Developer,Cyient,Pune,2022-06-26,,kaggle_2022
KAGGLE_00304,Junior Data Scientist,Conxai Technologies GmbH,Bangalore,2022-07-25,,kaggle_2022
KAGGLE_00305,Data Science Trainer,Learn Digital Academy,Bangalore,2022-07-21,,kaggle_2022
KAGGLE_00306,Data Scientist,Barclays,Delhi,2022-07-21,,kaggle_2022
KAGGLE_00307,"Sales Engineer(analytics, data science, or BI)",Crux Intelligence,Bangalore,2022-07-21,,kaggle_2022
KAGGLE_00308,Data Science Specialist,Skill-Lync,Bangalore,2022-07-20,,kaggle_2022
KAGGLE_00309,Data Science Trainer,Uncodemy,Noida,2022-07-16,,kaggle_2022
KAGGLE_00310,Data Science Intern,Honeybee Digital,Gandhinagar,2022-07-23,,kaggle_2022
KAGGLE_00311,Data Analyst,Quotient Technology,Bangalore,,,kaggle_2022
KAGGLE_00312,Data Analytics Developer,Standard Chartered,Bangalore,2022-07-12,,kaggle_2022
KAGGLE_00313,Data Analyst,Benchmark Digital Partners,Bangalore,,,kaggle_2022
KAGGLE_00314,Data Scientist,Testbook,Mumbai,2022-07-07,,kaggle_2022
KAGGLE_00315,"Specialist, Data Science",Standard Chartered,Bangalore,2022-06-26,,kaggle_2022
KAGGLE_00316,Data Science Engineer,Johnson Electric,Chennai,,,kaggle_2022
KAGGLE_00317,Data Scientist,C2FO ITPL,Noida,2022-07-22,,kaggle_2022
KAGGLE_00318,Data Engineer: Data Warehouse,IBM,Pune,2022-07-21,,kaggle_2022
KAGGLE_00319,Data Scientist,Orange Business Services,India,2022-07-26,,kaggle_2022
KAGGLE_00320,Digital Analyst - LiveOps Data Science - QuantumBlack Labs,McKinsey & Company,Gurgaon,2022-07-20,,kaggle_2022
KAGGLE_00321,DATA SCIENTIST,Marktine Technology Solutions,Bangalore,2022-07-23,,kaggle_2022
KAGGLE_00322,"Transformation Lead, Healthcare and Data Science",Bosch Group,Bangalore,2022-06-26,,kaggle_2022
KAGGLE_00323,Data Engineer: Data Integration,IBM,Hyderabad,2022-07-14,,kaggle_2022
KAGGLE_00324,Data Scientist,Serendipity corporate services,Bangalore,2022-07-23,,kaggle_2022
KAGGLE_00325,Data Scientist,MARJ TECHNOLOGIES,Noida,2022-07-21,,kaggle_2022
KAGGLE_00326,TA- Data Science- Freelancer,Testbook,Mumbai,2022-06-26,,kaggle_2022
KAGGLE_00327,Senior Analyst-Data Science,Accenture,Bangalore,2022-07-06,,kaggle_2022
KAGGLE_00328,Data Science developer,Intellecto Global Services,Chennai,,,kaggle_2022
KAGGLE_00329,Google Analyst,GunjanApps Studios & Solutions LLP,Kolkata,2022-07-20,,kaggle_2022
KAGGLE_00330,Data Engineer |,MasterCard,Gurgaon,2022-06-26,,kaggle_2022
KAGGLE_00331,"Product Analyst, Data Science, Engineering",Google,Bangalore,2022-06-26,,kaggle_2022
KAGGLE_00332,Data Science,ZunRoof Tech,Gurgaon,2022-06-26,,kaggle_2022
KAGGLE_00333,Research Science Analyst _Global Banking Pool_Gurugram,McKinsey & Company,Gurgaon,2022-07-22,,kaggle_2022
KAGGLE_00334,Junior Data Scientist,Hyringninja,Mumbai,2022-07-23,,kaggle_2022
KAGGLE_00335,Consultant Data Science & Analytics,TransUnion,Mumbai,2022-07-07,,kaggle_2022
KAGGLE_00336,Cyber Intelligence Specialist (Senior),FENG GROUP,Patna,2022-07-21,,kaggle_2022
KAGGLE_00337,"Analyst, Data Unification & Analytics, Cyber & Intelligence...",MasterCard,Gurgaon,2022-06-26,,kaggle_2022
KAGGLE_00338,Cloud Data Science Lead,Virtusa,Bangalore,2022-07-23,,kaggle_2022
KAGGLE_00339,Data Scientist,MasterCard,Gurgaon,2022-06-26,,kaggle_2022
KAGGLE_00340,Senior Member Technical Staff - OCI Data Science,Oracle,Bangalore,2022-06-26,,kaggle_2022
KAGGLE_00341,Data Engineering Architect,Mercedes-Benz Research and Development India...,Bangalore,2022-07-13,,kaggle_2022
KAGGLE_00342,Data Integrity - Analyst,Deloitte,Hyderabad,2022-07-14,,kaggle_2022
KAGGLE_00343,Consultant - Data Science,Bristlecone,Pune,2022-07-19,,kaggle_2022
KAGGLE_00344,Data Scientist,Accubits Technologies,India,2022-06-26,,kaggle_2022
KAGGLE_00345,Data Analyst (Statistician),BuzzBoard,Remote,2022-07-15,,kaggle_2022
KAGGLE_00346,Data Scientist,iMentus Technologies,Indore,2022-07-22,,kaggle_2022
KAGGLE_00347,Jr. Software Engineer,Shiksha,Patna,2022-07-22,,kaggle_2022
KAGGLE_00348,Data science freelance Trainer,Coachx.live,Pune,2022-07-24,,kaggle_2022
KAGGLE_00349,Data Science,OakNorth Bank,Bangalore,2022-06-26,,kaggle_2022
KAGGLE_00350,Data Science Application Developer,Accenture,Hyderabad,2022-07-20,,kaggle_2022
KAGGLE_00351,Data Engineer,Dataminerz Innovative Solutions,Delhi,2022-07-23,,kaggle_2022
KAGGLE_00352,Data Engineer,HRhelpdesk,Noida,2022-07-21,,kaggle_2022
KAGGLE_00353,Reporting and Analytics Data Science Practitioner,Accenture,Bangalore,2022-07-14,,kaggle_2022
KAGGLE_00354,Quality Engineer- Manual,Swific Technology Pvt. Ltd.,Bangalore,2022-07-18,,kaggle_2022
KAGGLE_00355,Data Engineer: Big Data,IBM,Hyderabad,,,kaggle_2022
KAGGLE_00356,Consultant Data science,Aliqan Technologies,Bangalore,2022-07-20,,kaggle_2022
KAGGLE_00357,Data Analyst,Serendipity corporate services,Hyderabad,2022-07-19,,kaggle_2022
KAGGLE_00358,Data Operations Specialist,IQVIA,Bangalore,2022-07-22,,kaggle_2022
KAGGLE_00359,Data Operations Specialist,IQVIA,Bangalore,2022-07-22,,kaggle_2022
KAGGLE_00360,Risk - CCB - Fraud Risk (Data Science) - Associate,"JPMorgan Chase Bank, N.A.",Bangalore,2022-07-18,,kaggle_2022
KAGGLE_00361,Data Engineer,Meridian soft,Bangalore,2022-07-21,,kaggle_2022
KAGGLE_00362,Senior Data Analyst,Maxim Research Private Limited,Pune,2022-07-22,,kaggle_2022
KAGGLE_00363,Data Engineer,IDFC FIRST Bank,Bangalore,2022-07-19,,kaggle_2022
KAGGLE_00364,Data Engineer I,DXC Technology,Bangalore,2022-07-21,,kaggle_2022
KAGGLE_00365,MBOS_Data Science Engineer - Image Database,Mercedes-Benz Research and Development India...,Bangalore,2022-06-26,,kaggle_2022
KAGGLE_00366,Data Scientist,Nielsen,Bangalore,2022-07-23,,kaggle_2022
KAGGLE_00367,Data Science - Manager,Deloitte,Bangalore,2022-06-26,,kaggle_2022
KAGGLE_00368,Data Analyst- power-bi- SQL,T&N Business Services Pvt. Ltd.,Gurgaon,2022-07-21,,kaggle_2022
KAGGLE_00369,Data Analyst,Travitons Technologies Pvt Ltd,Pune,2022-07-23,,kaggle_2022
KAGGLE_00370,Web Developer – Fresher,IntelloGrit,Remote,2022-07-22,,kaggle_2022
KAGGLE_00371,Telecom Networking,IBM,Noida,2022-07-24,,kaggle_2022
KAGGLE_00372,Data science,Blue Diamond Infotech PVT LTD,Thane,2022-07-23,,kaggle_2022
KAGGLE_00373,Associate - Data Science,TheMathCompany,Bangalore,2022-06-26,,kaggle_2022
KAGGLE_00374,Quality Analyst,DR Global HR Services,Chennai,2022-07-20,,kaggle_2022
KAGGLE_00375,Data Science Engineer,Wabtec,Bangalore,,,kaggle_2022
KAGGLE_00376,Senior Data Scientist,Foundation AI (Cognial AI Solutions Pvt. Ltd.),Hyderabad,2022-07-21,,kaggle_2022
KAGGLE_00377,Data management engineer,Siemens,Gurgaon,2022-07-14,,kaggle_2022
KAGGLE_00378,Operation Analyst,NetApp,Bangalore,2022-07-19,,kaggle_2022
KAGGLE_00379,Data Scientist - Data Science,Bristlecone,Mumbai,2022-07-19,,kaggle_2022
KAGGLE_00380,Python Data Science/java/Web Designing Trainer,MISNT Services Pvt.Ltd.,Dehra Dun,2022-07-17,,kaggle_2022
KAGGLE_00381,Data Analyst,Honeywell,Bangalore,2022-07-15,,kaggle_2022
KAGGLE_00382,Programmer Analyst (Junior),FENG GROUP,Patna,2022-07-21,,kaggle_2022
KAGGLE_00383,Data science,VFI SLK,Bangalore,2022-07-16,,kaggle_2022
KAGGLE_00384,Data Science Consultant,Blue Yonder,Bangalore,2022-06-26,,kaggle_2022
KAGGLE_00385,GIS Data Analyst,Carifer Technologies,Erode,2022-06-26,,kaggle_2022
KAGGLE_00386,DATA SCIENTIST,MAHIRA RESOURCES PRIVATE LIMITED,Hyderabad,2022-07-19,,kaggle_2022
KAGGLE_00387,Data Engineer: Enterprise Content Management,IBM,Gurgaon,2022-07-15,,kaggle_2022
KAGGLE_00388,Data Science Specialist,GE Aviation,Bangalore,2022-06-26,,kaggle_2022
KAGGLE_00389,Data Science,Zee Entertainment Enterprises,Bangalore,2022-06-26,,kaggle_2022
KAGGLE_00390,Associate Data Science Engineer,Gramener,Hyderabad,2022-06-26,,kaggle_2022
KAGGLE_00391,Lead Data Analyst,Mercedes-Benz Research and Development India...,Bangalore,2022-06-26,,kaggle_2022
KAGGLE_00392,Data Scientist,Pfizer,Chennai,2022-07-23,,kaggle_2022
KAGGLE_00393,"Trainee Analyst, DS&M",GSK,Bangalore,,,kaggle_2022
KAGGLE_00394,Case Quality Management,IQVIA,Bangalore,2022-07-24,,kaggle_2022
KAGGLE_00395,Data Science Trainer,Innomatics Research Labs,Hyderabad,2022-07-21,,kaggle_2022
KAGGLE_00396,Junior Data Science Team Member,Imurgence,India,2022-06-26,,kaggle_2022
KAGGLE_00397,Data Scientist,Visa,Bangalore,2022-07-13,,kaggle_2022
KAGGLE_00398,Data Scientist,Shell,Bangalore,2022-07-09,,kaggle_2022
KAGGLE_00399,BPS- Data & AI,IBM,Mumbai,2022-06-26,,kaggle_2022
KAGGLE_00400,Manager - Data Science and Analytics (Insights),TransUnion,Mumbai,2022-06-29,,kaggle_2022
KAGGLE_00401,Data Science People Analytics,Unisys,Bangalore,2022-06-26,,kaggle_2022
KAGGLE_00402,Data Scientist,HP,Bangalore,2022-06-26,,kaggle_2022
KAGGLE_00403,Data Science- Corporate Trainer,Synergy plus business group consultant,Delhi,2022-07-17,,kaggle_2022
KAGGLE_00404,Data Analyst,Culture Arc,Bangalore,2022-07-04,,kaggle_2022
KAGGLE_00405,RestartWithInfosys-India-Dell Boomi,Infosys Limited,Bangalore,2022-06-26,,kaggle_2022
KAGGLE_00406,Consulting Analyst,Great Place to Work,Bangalore,,,kaggle_2022
KAGGLE_00407,Data Privacy Officer (Junior),FENG GROUP,Bangalore,2022-07-23,,kaggle_2022
KAGGLE_00408,Data Base Administrator (SQL/Postgres SQL DBA),Albanero Dev Private Limited,Hyderabad,2022-07-26,,kaggle_2022
KAGGLE_00409,Business Insights Analyst,Masalabox Food Network Private Limited,Bangalore,2022-07-26,,kaggle_2022
KAGGLE_00410,data science trainer-Big Data,Presidency Digital India Pvt. Ltd.,Mumbai,2022-07-22,,kaggle_2022
KAGGLE_00411,Application Developer: JD Edwards,IBM,Kolkata,,,kaggle_2022
KAGGLE_00412,Junior ML/ Data Science Engineer,mStack Inc,Kochi,2022-07-05,,kaggle_2022
KAGGLE_00413,Application Architect: Data Platforms,IBM,Hyderabad,2022-07-13,,kaggle_2022
KAGGLE_00414,Data Scientist,Intuit,Bangalore,2022-07-13,,kaggle_2022
KAGGLE_00415,Lead- Data Science,MMC Corporate,Mumbai,2022-07-23,,kaggle_2022
KAGGLE_00416,Associate - QR Strats Data Analytics - APAC,Morgan Stanley,Mumbai,2022-07-23,,kaggle_2022
KAGGLE_00417,Data Scientist Level-2,Ignatiuz Software Pvt. Ltd,Indore,2022-07-19,,kaggle_2022
KAGGLE_00418,"Manager, Data Science 2",PayPal,Bangalore,2022-07-08,,kaggle_2022
KAGGLE_00419,Data Engineer,BI3 Technologies India Pvt Ltd,Chennai,2022-07-23,,kaggle_2022
KAGGLE_00420,Data Science Consultant Lead,Serendipity Corporate Services,Pune,,,kaggle_2022
KAGGLE_00421,Data Scientist,tiket.com,India,2022-07-20,,kaggle_2022
KAGGLE_00422,Data Science- AI Product,Spectral Consultants,Bangalore,2022-07-19,,kaggle_2022
KAGGLE_00423,Data Scientist,Resource Tree,Chennai,2022-07-22,,kaggle_2022
KAGGLE_00424,Data Scientist,drivebuddyAI,Remote,2022-07-23,,kaggle_2022
KAGGLE_00425,Data Science Analytics Manager,Accenture,Gurgaon,2022-07-20,,kaggle_2022
KAGGLE_00426,L3 Consultant Data Science - Remote,Aliqan Technologies,Bangalore,2022-07-15,,kaggle_2022
KAGGLE_00427,Senior Specialist - Data Science,Accelya,Pune,2022-06-26,,kaggle_2022
KAGGLE_00428,Associate Test Engineer,IQVIA,Bangalore,2022-07-24,,kaggle_2022
KAGGLE_00429,Data & Analytics Analyst,NatWest Group,Gurgaon,2022-06-26,,kaggle_2022
KAGGLE_00430,Data Science Analytics Manager,Accenture,Gurgaon,2022-07-20,,kaggle_2022
KAGGLE_00431,Senior Specialist - Data Science,Accelya,Pune,2022-06-26,,kaggle_2022
KAGGLE_00432,Associate Test Engineer,IQVIA,Bangalore,2022-07-24,,kaggle_2022
KAGGLE_00433,Data & Analytics Analyst,NatWest Group,Gurgaon,2022-06-26,,kaggle_2022
KAGGLE_00434,Python Developer – Fresher,IntelloGrit,Remote,2022-07-22,,kaggle_2022
KAGGLE_00435,Data Scientist,Bosch Group,Bangalore,2022-06-26,,kaggle_2022
KAGGLE_00436,Data Engineer,Walmart Global Tech India,Bangalore,2022-06-26,,kaggle_2022
KAGGLE_00437,Data Scientist,BEIING,Delhi,2022-06-30,,kaggle_2022
KAGGLE_00438,Assistant Manager Data Integrity - Hyderabad,Deloitte,Hyderabad,2022-06-26,,kaggle_2022
KAGGLE_00439,Data Engineer 1,JLL,Bangalore,2022-07-13,,kaggle_2022
KAGGLE_00440,Data Science Associate,BlissClub,Bangalore,2022-06-28,,kaggle_2022
KAGGLE_00441,Data Engineer (Web Scraping),Whitetail Technologies,Bangalore,2022-07-21,,kaggle_2022
KAGGLE_00442,Data Science Trainer,Baroda Institute of Technology,Vadodara,2022-07-22,,kaggle_2022
KAGGLE_00443,Associate Data Analyst,UnitedHealthcare,Bangalore,2022-06-26,,kaggle_2022
KAGGLE_00444,Specialist - Data Sciences,Larsen & Toubro Infotech Limited,Delhi,2022-07-20,,kaggle_2022
KAGGLE_00445,Data Engineer,Johnson Electric,Chennai,,,kaggle_2022
KAGGLE_00446,Adjunct Faculty - Data Science (Remote),eduCLaaS,Delhi,2022-07-19,,kaggle_2022
KAGGLE_00447,Data science Trainer,Synergy plus business group consultant,Bangalore,2022-06-26,,kaggle_2022
KAGGLE_00448,Data Scientist,OneBanc Technologies,Gurgaon,2022-07-17,,kaggle_2022
KAGGLE_00449,Associate Manager - Data Science,Standard Chartered,Bangalore,2022-07-21,,kaggle_2022
KAGGLE_00450,Data Scientist,Isquare Soft,Bangalore,2022-06-26,,kaggle_2022
KAGGLE_00451,JBPM / Camunda Consultant,Infosys Limited,Bangalore,2022-07-02,,kaggle_2022
KAGGLE_00452,Data scientist,Honeywell,Bangalore,2022-06-26,,kaggle_2022
KAGGLE_00453,Junior Business Analyst,Khelo Tech & Strategy Pvt Ltd,Delhi,2022-07-21,,kaggle_2022
KAGGLE_00454,Genesys Expert,Infosys Limited,Hyderabad,2022-07-01,,kaggle_2022
KAGGLE_00455,Data Architect,Publicis Groupe,Gurgaon,2022-07-26,,kaggle_2022
KAGGLE_00456,Data Engineer Azure,IBM,Gurgaon,2022-06-26,,kaggle_2022
KAGGLE_00457,Technology Analyst (React Js),Infosys Limited,Hyderabad,2022-06-26,,kaggle_2022
KAGGLE_00458,Software Tester,Virginia Transformer Corp.,Delhi,2022-07-14,,kaggle_2022
KAGGLE_00459,Data Science Trainer,London International Studies and Research Center,Delhi,2022-07-16,,kaggle_2022
KAGGLE_00460,Actuarial Data Analyst,iptiQ,Bangalore,,,kaggle_2022
KAGGLE_00461,Data Science Trainer,Eagletfly Solutions,Delhi,2022-07-23,,kaggle_2022
KAGGLE_00462,Research Analyst - ESG Data Solutions-2,FactSet Research Systems,Hyderabad,2022-07-20,,kaggle_2022
KAGGLE_00463,Azure Data Engineer,ITC Infotech India Ltd,Bangalore,2022-07-14,,kaggle_2022
KAGGLE_00464,"Manager, Data Science",Standard Chartered,Bangalore,2022-07-20,,kaggle_2022
KAGGLE_00465,Data Engineer - Planetrics,McKinsey & Company,Bangalore,2022-06-26,,kaggle_2022
KAGGLE_00466,Data Science,Shifastar,Mumbai,2022-06-26,,kaggle_2022
KAGGLE_00467,ETL/Data Engineer,Eastvantage,Bangalore,2022-07-12,,kaggle_2022
KAGGLE_00468,Clinical Data Manager III,Clinipace,Remote,2022-07-23,,kaggle_2022
KAGGLE_00469,Director - Data Science and Business Analytics,Standard Chartered,Bangalore,2022-06-26,,kaggle_2022
KAGGLE_00470,Big Data Administrator,Valiance Solutions,Noida,2022-07-05,,kaggle_2022
KAGGLE_00471,Senior Manager Data Analytics,GSK,Bangalore,,,kaggle_2022
KAGGLE_00472,Data Analyst,Wakefit,Bangalore,2022-07-09,,kaggle_2022
KAGGLE_00473,Clinical Data Manager III,Clinipace,Remote,2022-07-23,,kaggle_2022
KAGGLE_00474,Director - Data Science and Business Analytics,Standard Chartered,Bangalore,2022-06-26,,kaggle_2022
KAGGLE_00475,Big Data Administrator,Valiance Solutions,Noida,2022-07-05,,kaggle_2022
KAGGLE_00476,Data Analyst,Wakefit,Bangalore,2022-07-09,,kaggle_2022
KAGGLE_00477,Data Scientist,TARGET,Bangalore,2022-07-22,,kaggle_2022
KAGGLE_00478,Datastage Support Developer(Junior),FENG GROUP,Patna,2022-07-24,,kaggle_2022
KAGGLE_00479,"Mgr, Clin Data Mgmt",IQVIA,Bangalore,2022-07-24,,kaggle_2022
KAGGLE_00480,Java Developer,FLOWORX,Bangalore,2022-07-22,,kaggle_2022
KAGGLE_00481,Data Engineer,DataE2E Technologies,Mumbai,2022-07-19,,kaggle_2022
KAGGLE_00482,Unica Quality Testing,IBM,Bangalore,2022-07-23,,kaggle_2022
KAGGLE_00483,Analyst / Consultant - Tax Automation and Data Management,Deloitte,Gurgaon,2022-06-26,,kaggle_2022
KAGGLE_00484,Research Associate – Data Science,Recode Minds,Hyderabad,2022-07-13,,kaggle_2022
KAGGLE_00485,Data Engineer,Mobile Programming LLC,Pune,2022-07-21,,kaggle_2022
KAGGLE_00486,Data Solution Consultant,T&N Business Services Pvt Ltd,Gurgaon,2022-07-15,,kaggle_2022
KAGGLE_00487,Big Data Engineer,Beyondsoft International (Singapore),Hyderabad,2022-07-20,,kaggle_2022
KAGGLE_00488,Associate Data Analytics,Merkle,Pune,2022-06-26,,kaggle_2022
KAGGLE_00489,"Research Scientist - Computer Vision, Data Science and Text...",Adobe,Noida,2022-07-14,,kaggle_2022
KAGGLE_00490,Data Analyst,GSK,Bangalore,2022-06-26,,kaggle_2022
KAGGLE_00491,Data Analyst For A Leading Canadian MNC,Intelliworx Consulting,Chandigarh,2022-07-23,,kaggle_2022
KAGGLE_00492,Junior Data Scientist,Diabsolut Inc.,Remote,2022-06-26,,kaggle_2022
KAGGLE_00493,Data Engineer,BIG IT JOBS,Bangalore,2022-07-09,,kaggle_2022
KAGGLE_00494,ESG Data Analyst,Almug Technologies Pvt Ltd,Bangalore,2022-07-22,,kaggle_2022
KAGGLE_00495,Digital Analyst - LiveOps Data Engineering - QuantumBlack La...,McKinsey & Company,Gurgaon,2022-07-20,,kaggle_2022
KAGGLE_00496,Data Scientist,Springer Nature,Pune,2022-07-15,,kaggle_2022
KAGGLE_00497,Databricks Data Scientist,Indium Software,Remote,2022-07-20,,kaggle_2022
KAGGLE_00498,Data Engineer - Data Science & Analytics FinTech,Booking.Com,Bangalore,2022-06-26,,kaggle_2022
KAGGLE_00499,Data Science,One Sigma Technologies,Bangalore,2022-06-26,,kaggle_2022
KAGGLE_00500,Manager - Modelling / Data Science - Analytics,Ugam,Bangalore,2022-07-07,,kaggle_2022
KAGGLE_00501,Manual Testing,Leena AI India Pvt Ltd,Bangalore,2022-07-23,,kaggle_2022
KAGGLE_00502,System Administrator 3-IT,Oracle,Noida,2022-06-30,,kaggle_2022
KAGGLE_00503,Data Science (1-3yrs),PhonePe,Bangalore,2022-06-26,,kaggle_2022
KAGGLE_00504,Data Engineer,NatWest Group,Gurgaon,2022-07-16,,kaggle_2022
KAGGLE_00505,Data Analyst,Arnowa,Delhi,2022-07-06,,kaggle_2022
KAGGLE_00506,Data Engineer,Isquare Soft,Hyderabad,2022-07-14,,kaggle_2022
KAGGLE_00507,Data Scientist,Whatfix,Bangalore,2022-06-26,,kaggle_2022
KAGGLE_00508,Data Engineer (Python or . Net),Right Head India,Remote,2022-07-19,,kaggle_2022
KAGGLE_00509,Data Scientist,Eoraa & Co.,Delhi,2022-06-26,,kaggle_2022
KAGGLE_00510,Analyst - Data Science,Nuware Systems,Bangalore,2022-06-26,,kaggle_2022
KAGGLE_00511,Data Scientist,ACI Worldwide,Pune,2022-07-21,,kaggle_2022
KAGGLE_00512,Data Analyst-GTO-Hyderabad,Deloitte,Hyderabad,2022-06-26,,kaggle_2022
KAGGLE_00513,Data Analytics Consultant,Crowe,Noida,2022-07-11,,kaggle_2022
KAGGLE_00514,Data Scientist,"Glassbeam, Inc.",Bangalore,2022-07-21,,kaggle_2022
KAGGLE_00515,Databricks Data Engineer,Indium Software,Remote,2022-07-20,,kaggle_2022
KAGGLE_00516,Data Science Consultant,Sathyam Consultants,Hyderabad,2022-07-16,,kaggle_2022
KAGGLE_00517,Data Architect in Cloud - T7,Mercedes-Benz Research and Development India...,Bangalore,2022-06-26,,kaggle_2022
KAGGLE_00518,Data Scientist,RELX,Bangalore,2022-07-19,,kaggle_2022
KAGGLE_00519,Data Engineer,Oracle,Mumbai,2022-06-26,,kaggle_2022
KAGGLE_00520,Data Scientist,Falabella India,Bangalore,2022-06-26,,kaggle_2022
KAGGLE_00521,Strategy Manager for Bosch Data Analytics and AI,Bosch Group,Bangalore,2022-07-20,,kaggle_2022
KAGGLE_00522,"Modeler - Geospatial Data Applications, Noida",Risk Management Solutions,Noida,2022-07-23,,kaggle_2022
KAGGLE_00523,data science trainer,Presidency Digital India Pvt. Ltd.,Mumbai,2022-07-20,,kaggle_2022
KAGGLE_00524,CB_Risk_Credit Analysis Unit - Analytics (Data science)- Ass...,"JPMorgan Chase Bank, N.A.",Bangalore,2022-07-08,,kaggle_2022
KAGGLE_00525,Azure Data Engineer (Fully Remote),iWeb Software Services Pvt Limited,Delhi,2022-07-14,,kaggle_2022
KAGGLE_00526,Program Manager (Data Science & Analytics),Testbook,Mumbai,2022-06-26,,kaggle_2022
KAGGLE_00527,Data Scientist(candidates from Bangalore location preferred),Serendipity Corporate Services,Bangalore,2022-07-12,,kaggle_2022
KAGGLE_00528,Digital Forensics Analyst (Senior),FENG GROUP,Kolkata,2022-07-16,,kaggle_2022
KAGGLE_00529,Roster for Data Unit Lead,World Health Organization,Delhi,2022-07-20,,kaggle_2022
KAGGLE_00530,Analyst-Data Maintenance,Accenture,Bangalore,2022-06-26,,kaggle_2022
KAGGLE_00531,Data Scientist (ML/AI),Visa,Bangalore,2022-07-23,,kaggle_2022
KAGGLE_00532,Program Manager (Data Science & Analytics),Testbook,Mumbai,2022-06-26,,kaggle_2022
KAGGLE_00533,Digital Forensics Analyst (Senior),FENG GROUP,Kolkata,2022-07-16,,kaggle_2022
KAGGLE_00534,Staff Software Engineer,Google,Hyderabad,2022-06-26,,kaggle_2022
KAGGLE_00535,Roster for Data Unit Lead,World Health Organization,Delhi,2022-07-20,,kaggle_2022
KAGGLE_00536,Analyst-Data Maintenance,Accenture,Bangalore,2022-06-26,,kaggle_2022
KAGGLE_00537,Data Scientist (ML/AI),Visa,Bangalore,2022-07-23,,kaggle_2022
KAGGLE_00538,Product Onwer - Data Science,StatusNeo Technology Consulting,Gurgaon,2022-06-26,,kaggle_2022
KAGGLE_00539,Data Engineer,Agilite Global Solutions Company,Remote,2022-07-18,,kaggle_2022
KAGGLE_00540,Department and Project coordinator,Novo Nordisk,Bangalore,,,kaggle_2022
KAGGLE_00541,VOIP Expert,Infosys Limited,Bangalore,2022-07-01,,kaggle_2022
KAGGLE_00542,Data Engineer - QA,Agilite Global Solutions Company,Remote,2022-07-18,,kaggle_2022
KAGGLE_00543,Operate Services - Data Analytics - Senior Associate - Kolka...,PwC,Kolkata,2022-07-19,,kaggle_2022
KAGGLE_00544,Operation Analyst,Financial Fabric,Kolkata,,,kaggle_2022
KAGGLE_00545,Product Data Analyst,Carousell Group,Bangalore,2022-07-19,,kaggle_2022
KAGGLE_00546,Data Analyst (Excel advanced specialist),XShip Design & Analytics Pvt Ltd,Kochi,2022-07-20,,kaggle_2022
KAGGLE_00547,Data Scientist,PlaySimple Games,Bangalore,2022-06-26,,kaggle_2022
KAGGLE_00548,Data Analytics Intern,Reliance Games,Pune,2022-06-26,,kaggle_2022
KAGGLE_00549,Associate Data Scientist,Gour Institute,Kolkata,2022-07-22,,kaggle_2022
KAGGLE_00550,Staff Software Engineer,Google,Hyderabad,2022-06-26,,kaggle_2022
KAGGLE_00551,Data Management - Analyst,Deloitte,Hyderabad,2022-06-26,,kaggle_2022
KAGGLE_00552,Data Science Trainer,Techo@Las,Kochi,2022-07-21,,kaggle_2022
KAGGLE_00553,Azure Data Engineer,Mercedes-Benz Research and Development India...,Bangalore,2022-06-26,,kaggle_2022
KAGGLE_00554,Data Analyst - KPI Evaluation for vision systems,Mercedes-Benz Research and Development India...,Bangalore,2022-07-02,,kaggle_2022
KAGGLE_00555,VOIP Expert,Infosys Limited,Bangalore,2022-07-01,,kaggle_2022
KAGGLE_00556,Data Engineer,Novo Nordisk,Bangalore,2022-06-26,,kaggle_2022
KAGGLE_00557,Data Scientist,Apple,Hyderabad,2022-07-24,,kaggle_2022
KAGGLE_00558,Data Engineer,MSCI Inc,Pune,2022-07-21,,kaggle_2022
KAGGLE_00559,Data Operations Associate,Consilio LLC,Bangalore,2022-06-26,,kaggle_2022
KAGGLE_00560,Data Scientist (experienced),Codvo.ai,Bangalore,2022-07-21,,kaggle_2022
KAGGLE_00561,Computer Vision Engineer,REscan,Bangalore,2022-07-22,,kaggle_2022
KAGGLE_00562,Senior Computer Vision Engineer,REscan,Bangalore,2022-07-22,,kaggle_2022
KAGGLE_00563,Computer Vision Engineer,Leena AI India Pvt Ltd,Bangalore,2022-07-24,,kaggle_2022
KAGGLE_00564,Computer Vision Engineer,Intel,Bangalore,2022-07-17,,kaggle_2022
KAGGLE_00565,Computer Vision Engineer,Ajna Lens,Thane,2022-07-23,,kaggle_2022
KAGGLE_00566,Computer Vision Specialist,Robert Bosch,Bangalore,2022-06-26,,kaggle_2022
KAGGLE_00567,Computer Vision Architect,Bosch Group,Bangalore,2022-07-13,,kaggle_2022
KAGGLE_00568,Computer Vision Developer (R&D),Bosch Group,Bangalore,2022-06-26,,kaggle_2022
KAGGLE_00569,AI Computer Vision Engineer,Fusemachines,Remote,2022-06-26,,kaggle_2022
KAGGLE_00570,Technical lead - Computer vision for Occupant Monitoring,Mercedes-Benz Research and Development India...,Bangalore,2022-06-30,,kaggle_2022
KAGGLE_00571,REF133894M_ESZ2_ADAS_Video_Function_Computer_vision_Develope...,Robert Bosch,Bangalore,2022-06-28,,kaggle_2022
KAGGLE_00572,Computer Vision Engineer,GreenTech Intelligent Transportation System LLP,Delhi,2022-07-22,,kaggle_2022
KAGGLE_00573,Junior Computer Vision Engineer,BizBox Publishing,Remote,2022-06-26,,kaggle_2022
KAGGLE_00574,Junior Data Scientist (Computer Vision),Hitachi,Bangalore,2022-06-28,,kaggle_2022
KAGGLE_00575,"Engineer, Computer vision software",Samsung Electronics,Bangalore,2022-06-26,,kaggle_2022
KAGGLE_00576,Senior Program Manager - Computer Vision Embedded SW Develop...,Mercedes-Benz Research and Development India...,Bangalore,2022-07-07,,kaggle_2022
KAGGLE_00577,Computer Vision Research/ Platform Engineer - Machine Learni...,Mercedes-Benz Research and Development India...,Bangalore,2022-06-26,,kaggle_2022
KAGGLE_00578,Computer Vision/Image Processing Engineer,52 Qualcomm India Private Limited,Bangalore,2022-06-26,,kaggle_2022
KAGGLE_00579,Junior Data Scientist (Computer Vision),"Hitachi India Pvt, Ltd.",Bangalore,2022-06-28,,kaggle_2022
KAGGLE_00580,Computer Vision Lead Engineer,Inferigence Quotient,Bangalore,2022-06-30,,kaggle_2022
KAGGLE_00581,Front-End Developer (Junior),FENG GROUP,Patna,2022-07-04,,kaggle_2022
KAGGLE_00582,Computer Vision,BigAppCompany,Bangalore,2022-06-26,,kaggle_2022
KAGGLE_00583,Data Scientist (Computer Vision),Sciffer,Pune,2022-07-05,,kaggle_2022
KAGGLE_00584,Computer Vision Engineer,Path Partner Technology,Bangalore,2022-06-26,,kaggle_2022
KAGGLE_00585,Computer Vision Research Engineer - Machine Learning,Mercedes-Benz Research and Development India...,Bangalore,2022-06-26,,kaggle_2022
KAGGLE_00586,ESZ2_ADAS_Video_Function_Computer_vision_Developer(CV)- 2022,Bosch Group,Bangalore,2022-06-26,,kaggle_2022
KAGGLE_00587,Computer Vision Intern / Engineer,TensorGo Technologies,Hyderabad,2022-06-26,,kaggle_2022
KAGGLE_00588,AI Computer Vision Developer,IBM,Ahmedabad,2022-06-26,,kaggle_2022
KAGGLE_00589,Computer Vision Engineer (AI/ML),Soaron Aerospace Innovations,Hyderabad,2022-06-26,,kaggle_2022
KAGGLE_00590,Sr Computer Vision Engineer,Performance Industries P. Ltd,Hyderabad,2022-07-01,,kaggle_2022
KAGGLE_00591,Computer Scientist 1 (Frontend),Adobe,Bangalore,2022-07-14,,kaggle_2022
KAGGLE_00592,Computer Vision Engineer,Vimaan Robotics,Bangalore,2022-06-26,,kaggle_2022
KAGGLE_00593,Computer Vision Engineer,Stats Perform,Bangalore,2022-06-26,,kaggle_2022
KAGGLE_00594,Computer Vision Engineer,Verificient Technologies,Pune,2022-06-26,,kaggle_2022
KAGGLE_00595,Data Science/Data Analytics,Intrics Solutions Pvt Ltd,Noida,2022-07-22,,kaggle_2022
KAGGLE_00596,Computer Vision And Machine Learning Specialist – Xr Percept...,52 Qualcomm India Private Limited,Bangalore,2022-07-22,,kaggle_2022
KAGGLE_00597,Tech lead- Computer Vision/ Tech Lead- Imaging,Vehant Technologies,Noida,2022-06-26,,kaggle_2022
KAGGLE_00598,Summer Intern (early career 2022 Q3),Unisys,Bangalore,2022-06-26,,kaggle_2022
KAGGLE_00599,Computer Vision Engineer,Sciative Solutrions,Mumbai,2022-07-03,,kaggle_2022
KAGGLE_00600,Computer Vision Engineer,AlphaICs,Bangalore,2022-06-26,,kaggle_2022
KAGGLE_00601,3D Computer Vision & Machine Perception Expert,Thor Systems,Remote,2022-06-26,,kaggle_2022
KAGGLE_00602,"Research Scientist - Computer Vision, Data Science and Text...",Adobe,Noida,2022-07-14,,kaggle_2022
KAGGLE_00603,Computer Vision Engineer,Eternal Robotics,Hyderabad,2022-07-01,,kaggle_2022
KAGGLE_00604,Software Engineer 4,Unisys,Bangalore,2022-07-22,,kaggle_2022
KAGGLE_00605,"Software Lead, Linux Middleware – Camera/Vision Systems - AL...",Mercedes-Benz Research and Development India...,Bangalore,2022-06-26,,kaggle_2022
KAGGLE_00606,Jr Networ Security Engineer,Unisys,Bangalore,2022-06-26,,kaggle_2022
KAGGLE_00607,Senior Computer Vision Engineer,Beltech Artificial Intelligence,Bangalore,2022-06-26,,kaggle_2022
KAGGLE_00608,Senior Engineer (Computer Vision Testing),52 Qualcomm India Private Limited,Bangalore,2022-06-26,,kaggle_2022
KAGGLE_00609,Urgent Requirement District IT Analyst,Foundation to Educate Girls Globally,Remote,2022-07-20,,kaggle_2022
KAGGLE_00610,"Lead Engineer, Computer Vision Software",Samsung Electronics,Bangalore,2022-06-26,,kaggle_2022
KAGGLE_00611,ML Engineer,Ai Health Highway India Pvt Ltd,Bangalore,2022-07-19,,kaggle_2022
KAGGLE_00612,Computer Vision Systems (Algorithm) Engineer,52 Qualcomm India Private Limited,Bangalore,2022-06-26,,kaggle_2022
KAGGLE_00613,Technology Support - Analyst,Deloitte,Hyderabad,2022-07-02,,kaggle_2022
KAGGLE_00614,Quality Engineer- Manual,Swific Technology Pvt. Ltd.,Bangalore,2022-07-18,,kaggle_2022
KAGGLE_00615,Computer Vision Engineer,AGEYE Technologies,Bangalore,2022-06-26,,kaggle_2022
KAGGLE_00616,Applications Developer 4,Oracle,Bangalore,,,kaggle_2022
KAGGLE_00617,Backend Developer,Ecoconsumer Solutions Private Limited,Bangalore,,,kaggle_2022
KAGGLE_00618,Full Stack Developer,Schmid vision soft,Bangalore,2022-07-22,,kaggle_2022
KAGGLE_00619,Cloud SRE Engineer,Unisys,Bangalore,2022-06-26,,kaggle_2022
KAGGLE_00620,Senior Computer Vision Engineer,WAVELABS TECHNOLOGIES,Hyderabad,2022-06-26,,kaggle_2022
KAGGLE_00621,Computer Vision Specialist,Adoro,Mumbai,2022-06-26,,kaggle_2022
KAGGLE_00622,Computer Vision Jobs in Gurugram,ICS Consultancy Services,India,2022-06-26,,kaggle_2022
KAGGLE_00623,Data Scientist,Lincode Labs,Bangalore,2022-07-26,,kaggle_2022
KAGGLE_00624,Data science,Gex Search,Hyderabad,,,kaggle_2022
KAGGLE_00625,Data Science Internship Opportunity for University Graduates,Microsoft,India,2022-07-16,,kaggle_2022
KAGGLE_00626,Computer Scientist I,Adobe,Noida,2022-07-24,,kaggle_2022
KAGGLE_00627,IT Infrastructure and Operations Lead,BlueOptima,Bangalore,2022-07-25,,kaggle_2022
KAGGLE_00628,COMPUTER VISION ENGINEER,MulticoreWare,Chennai,2022-06-26,,kaggle_2022
KAGGLE_00629,Embedded engineers interns for Computer vision,DeepEdge,Hyderabad,2022-06-26,,kaggle_2022
KAGGLE_00630,Computer Forensics - Solution Advisor,Deloitte,Hyderabad,2022-06-26,,kaggle_2022
KAGGLE_00631,Senior Software Engineer – Computer Vision,GreenPepper,Gurgaon,2022-06-26,,kaggle_2022
KAGGLE_00632,Technical Support- Analyst,Deloitte,Bangalore,2022-07-06,,kaggle_2022
KAGGLE_00633,Computer Visioneer,Inferigence Quotient,Bangalore,2022-06-30,,kaggle_2022
KAGGLE_00634,Cloud associate,Unisys,Bangalore,2022-06-26,,kaggle_2022
KAGGLE_00635,Embedded Computer Vision / AI Engineer,AllGoVision Technologies,Bangalore,2022-07-22,,kaggle_2022
KAGGLE_00636,IT Executive,Quanto Agroworld Private Limited,Mumbai,2022-07-23,,kaggle_2022
KAGGLE_00637,Machine Learning Data Engineer,BlueOptima,Bangalore,2022-07-25,,kaggle_2022
KAGGLE_00638,Data Analyst,Quotient Technology,Bangalore,,,kaggle_2022
KAGGLE_00639,"Support Engineer, Textract Computer Vision",ADCI - Karnataka,Bangalore,2022-07-15,,kaggle_2022
KAGGLE_00640,Lead - Computer Vision,Asteria Aerospace,Bangalore,2022-06-26,,kaggle_2022
KAGGLE_00641,Senior SDET,BlueOptima,Bangalore,2022-07-25,,kaggle_2022
KAGGLE_00642,Team Lead,BlueOptima,Bangalore,2022-07-26,,kaggle_2022
KAGGLE_00643,Trainee Software Engineer-6,Sony India Software Centre Pvt Ltd,Bangalore,2022-07-01,,kaggle_2022
KAGGLE_00644,Computer Vision Engineer,Ford Global Business Services,Chennai,2022-06-26,,kaggle_2022
KAGGLE_00645,Computer Vision Engineer-pune,Talent Zone Consultants,Pune,2022-06-26,,kaggle_2022
KAGGLE_00646,Fresher - Full-stack Developer,Unisys,Bangalore,2022-06-28,,kaggle_2022
KAGGLE_00647,Senior Computer Vision & Deep Learning Engineer,Sony India Software Centre Pvt Ltd,Bangalore,2022-06-26,,kaggle_2022
KAGGLE_00648,Cyber Security Analyst,Unisys,Bangalore,2022-06-26,,kaggle_2022
KAGGLE_00649,Software Development Engineer 1,Pintar,Remote,2022-07-06,,kaggle_2022
KAGGLE_00650,MACHINE LEARNING RESEARCHER(COMPUTER VISION),KnowDis,Delhi,2022-06-26,,kaggle_2022
KAGGLE_00651,Software Engineer - Backend,Virtual Internships,Remote,2022-07-13,,kaggle_2022
KAGGLE_00652,Full Stack Developer (Remote),AppLegos,Gurgaon,2022-07-21,,kaggle_2022
KAGGLE_00653,Assistant Professor/Associate Professor/ Professor (Computer...,Amrita University,Bangalore,2022-07-19,,kaggle_2022
KAGGLE_00654,Full stack Developer,BenoGroup,Gurgaon,2022-06-26,,kaggle_2022
KAGGLE_00655,Software Engineer Intern,Lenek Technologies,Remote,2022-07-18,,kaggle_2022
KAGGLE_00656,Software/Senior Software Engineer- Computer Vision,Stryker,Gurgaon,2022-07-14,,kaggle_2022
KAGGLE_00657,Computer Vision Engineers,HR Devi and Associates,Mumbai,2022-06-26,,kaggle_2022
KAGGLE_00658,Computer Vision Developers,Infognana IG Solution,India,2022-06-26,,kaggle_2022
KAGGLE_00659,Front End Developer,VisionIAS | Ajayvision Education Private Limited,Delhi,2022-06-26,,kaggle_2022
KAGGLE_00660,Technical Analyst 3-Support,Oracle,Hyderabad,,,kaggle_2022
KAGGLE_00661,"Engineer, Computer Vision Technologies – Xr Perception R&D",52 Qualcomm India Private Limited,Bangalore,2022-06-26,,kaggle_2022
KAGGLE_00662,Computer Vision AI Senior Engineer,Qritrim,Chandigarh,2022-07-02,,kaggle_2022
KAGGLE_00663,Service Desk Associate – Level 2 (International Voice Suppor...,Unisys,Bangalore,2022-07-15,,kaggle_2022
KAGGLE_00664,Senior Systems Support Engineer,Travix,Bangalore,2022-06-26,,kaggle_2022
KAGGLE_00665,Azure Data Engineer (Fully Remote),iWeb Software Services Pvt Limited,Delhi,2022-07-14,,kaggle_2022
KAGGLE_00666,"Software Engineer, Backend",Fisker Inc,Remote,2022-07-23,,kaggle_2022
KAGGLE_00667,Software Developer - Virtualization,Siemens,Bangalore,2022-07-14,,kaggle_2022
KAGGLE_00668,3D Computer Vision Lead engineer,Shrofile,Bangalore,2022-07-18,,kaggle_2022
KAGGLE_00669,Embedded Computer Vision Software Engineer,Valeo,Chennai,2022-07-02,,kaggle_2022
KAGGLE_00670,Clinical Pharmacologist,Cloudphysician Healthcare Pvt Ltd,Bangalore,2022-07-22,,kaggle_2022
KAGGLE_00671,Staff Software Engineer,BlueOptima,Gurgaon,2022-07-26,,kaggle_2022
KAGGLE_00672,Computer Vision Engineer / Lead,ZestIOT,Hyderabad,2022-06-26,,kaggle_2022
KAGGLE_00673,Business Development Manager,VisionIAS | Ajayvision Education Private Limited,Lucknow,2022-06-29,,kaggle_2022
KAGGLE_00674,Systems Engineer for CVML (Computer Vision and Machine Learn...,Ittiam,Bangalore,2022-06-26,,kaggle_2022
KAGGLE_00675,Mobile App Developer,Ecoconsumer Solutions Private Limited,Bangalore,2022-07-25,,kaggle_2022
KAGGLE_00676,Robotics Engineer,Recruit Skills,Gurgaon,2022-07-23,,kaggle_2022
KAGGLE_00677,Computer Vision & Artificial Intelligence Lead,Geeky Bee,Ahmedabad,2022-06-26,,kaggle_2022
KAGGLE_00678,AI/ML/DL/ Computer vision Solution Architect,Cyient,Noida,2022-06-26,,kaggle_2022
KAGGLE_00679,Computer Vision Engineer,AgNext,Chandigarh,2022-06-26,,kaggle_2022
KAGGLE_00680,Assistant Professor in Computer Science,"S. B. Jain Institute of Technology, Management &...",Nagpur,2022-07-21,,kaggle_2022
KAGGLE_00681,Senior Data Scientist (Computer Vision),"Hitachi India Pvt, Ltd.",Bangalore,2022-06-29,,kaggle_2022
KAGGLE_00682,Systems Analyst 4,Unisys,Bangalore,2022-07-07,,kaggle_2022
KAGGLE_00683,Java Developer,Vision Tactics,Noida,,,kaggle_2022
KAGGLE_00684,Ethereum Smart Contract Solidity Developer (Full-Time),Ventragate,Remote,2022-07-19,,kaggle_2022
KAGGLE_00685,Immediate jobs in Computer Vision,ICS Consultancy Services,Pune,2022-06-26,,kaggle_2022
KAGGLE_00686,Full Stack Developer,Lenek Technologies,Remote,2022-07-23,,kaggle_2022
KAGGLE_00687,Business Analyst - Products,Great Place to Work,Mumbai,,,kaggle_2022
KAGGLE_00688,Technical Support Manager,Red Vision Computer Technologies,Indore,2022-07-06,,kaggle_2022
KAGGLE_00689,Junior Robotics Software Engineer,Swift Robotics,Mumbai,2022-07-23,,kaggle_2022
KAGGLE_00690,Customer Service Representative,VisionIAS | Ajayvision Education Private Limited,Delhi,2022-07-06,,kaggle_2022
KAGGLE_00691,Data Scientist(candidates from Bangalore location preferred),Serendipity Corporate Services,Bangalore,2022-07-12,,kaggle_2022
KAGGLE_00692,Backend Engineer,WinZO,Delhi,2022-07-12,,kaggle_2022
KAGGLE_00693,Senior Data Analyst,Sworks Software India Pvt Ltd,Pune,2022-07-06,,kaggle_2022
KAGGLE_00694,Quality Assurance (QA) Engineer,Eazifunds,Delhi,2022-07-22,,kaggle_2022
KAGGLE_00695,QA Analyst,Transoft Solutions,Malleswaram,2022-06-26,,kaggle_2022
KAGGLE_00696,Computer Vision Embedded Engineer,Vimaan Robotics,Bangalore,2022-06-26,,kaggle_2022
KAGGLE_00697,Deep learning engineer/ Data scientist (computer vision or n...,Paxcom India,Delhi,2022-06-26,,kaggle_2022
KAGGLE_00698,Senior Service Desk Analyst - Chat,Providence Global Center,Hyderabad,2022-07-25,,kaggle_2022
KAGGLE_00699,Data science,Ticker Job,Bangalore,2022-07-21,,kaggle_2022
KAGGLE_00700,Software Development Engineer,Cradlepoint,Bangalore,2022-07-16,,kaggle_2022
KAGGLE_00701,Data Engineering manager,BT,India,2022-07-12,,kaggle_2022
KAGGLE_00702,Conversational AI Developer,Deloitte,Bangalore,2022-07-21,,kaggle_2022
KAGGLE_00703,IT Support Specialist,Egnyte,Mumbai,2022-07-21,,kaggle_2022
KAGGLE_00704,Graduate Engineer Volvo Group Connected Solutions,Volvo Group,Bangalore,2022-07-22,,kaggle_2022
KAGGLE_00705,Member of Technical Staff,Oracle,Bangalore,2022-06-26,,kaggle_2022
KAGGLE_00706,Data Analyst: Full Time,Heart It Out,Bangalore,2022-06-26,,kaggle_2022
KAGGLE_00707,Hardware Design Verification Engineer,"SiMa.ai, MLSoC - Bangalore India",Bangalore,2022-07-20,,kaggle_2022
KAGGLE_00708,Computer Vision Engineer,XenonStack,Chandigarh,2022-06-26,,kaggle_2022
KAGGLE_00709,Technical Support - International Voice Process,HP Inc,Bangalore,2022-07-22,,kaggle_2022
KAGGLE_00710,Intern (Technical-Engineering),Synopsys,Bangalore,2022-06-26,,kaggle_2022
KAGGLE_00711,System Administrator,Sankey Solutions,Thane,2022-07-21,,kaggle_2022
KAGGLE_00712,Web Security Researcher,Trellix,Bangalore,,,kaggle_2022
KAGGLE_00713,Support Engineer,data.ai,Delhi,2022-06-26,,kaggle_2022
KAGGLE_00714,Computer Vision Engineer,Rucha Yantra,Aurangabad,2022-06-26,,kaggle_2022
KAGGLE_00715,Backend software engineer Junior India,Veridic Solutions,India,2022-07-18,,kaggle_2022
KAGGLE_00716,Full Stack Developer,Avidbots,Hyderabad,2022-06-26,,kaggle_2022
KAGGLE_00717,PHP Developer,VisionIAS | Ajayvision Education Private Limited,Delhi,2022-06-26,,kaggle_2022
KAGGLE_00718,Machine Learning Engineer,Impetus Technologies,Gurgaon,2022-07-21,,kaggle_2022
KAGGLE_00719,Technical Expert: Deep Learning & Computer Vision,Siemens,Bangalore,2022-06-28,,kaggle_2022
KAGGLE_00720,Software Engineer (5065),Allscripts Asia,Bangalore,,,kaggle_2022
KAGGLE_00721,Software Engineer – Backend,PayU,Gurgaon,2022-06-26,,kaggle_2022
KAGGLE_00722,Data Specialist,Harris Computer Systems,Remote,2022-07-02,,kaggle_2022
KAGGLE_00723,Data Intelligence SDM,Robert Bosch,Bangalore,2022-07-25,,kaggle_2022
KAGGLE_00724,IT Project Co-ordinator,BizBox Publishing,Remote,2022-06-26,,kaggle_2022
KAGGLE_00725,Technical Associate - IT,Emeritus,Mumbai,2022-07-08,,kaggle_2022
KAGGLE_00726,Python Developer,Infiyoda Solutions Pvt Ltd,Hyderabad,2022-07-22,,kaggle_2022
KAGGLE_00727,Computer Vision Data Scientist,iTech India,Chennai,2022-06-26,,kaggle_2022
KAGGLE_00728,Data Engineer 1,JLL,Bangalore,2022-07-13,,kaggle_2022
KAGGLE_00729,Support Engineer,Robro Systems Pvt. Ltd.,Indore,2022-07-22,,kaggle_2022
KAGGLE_00730,AI - Embedded Deep Learning/Computer Vision,Ignitarium Technology Solutions,India,2022-06-26,,kaggle_2022
KAGGLE_00731,Software Engineer – C++ & Machine Vision,cybernetyx,Bangalore,2022-06-26,,kaggle_2022
KAGGLE_00732,Technical Support,Live Connections,Hyderabad,,,kaggle_2022
KAGGLE_00733,COMPUTER VISION / ML PROFESSIONALS,Constems-AI,Noida,2022-06-26,,kaggle_2022
KAGGLE_00734,Technical Analyst,UBS,Pune,2022-07-20,,kaggle_2022
KAGGLE_00735,Technical Writer,Altair Engineering,Remote,2022-07-22,,kaggle_2022
KAGGLE_00736,Urgent | Requirement for Mechanical Design Manager,Engineering manpower placement,Noida,2022-07-23,,kaggle_2022
KAGGLE_00737,Intern,National Instruments,Bangalore,2022-06-26,,kaggle_2022
KAGGLE_00738,Data Science - Technical Lead,Paytm,Bangalore,2022-07-21,,kaggle_2022
KAGGLE_00739,Research SDE,Microsoft,Bangalore,2022-07-08,,kaggle_2022
KAGGLE_00740,"Senior Software Engineer,backend developer",optimhire,Remote,2022-07-18,,kaggle_2022
KAGGLE_00741,Service Desk Supervisor,Unisys,Bangalore,,,kaggle_2022
KAGGLE_00742,ReactJS Developer,Logiciel Solutions Private Limited,Remote,2022-07-23,,kaggle_2022
KAGGLE_00743,Technical Writer,InSync Tech-Fin Solutions Ltd.,Kolkata,2022-06-26,,kaggle_2022
KAGGLE_00744,Aveva / Assai - DW and DMDC | 7 Yrs+ | Bangalore,Techstar IT Services,Bangalore,2022-07-08,,kaggle_2022
KAGGLE_00745,SDE2/SDE3 (Backend Developer),Telus,Bangalore,2022-07-12,,kaggle_2022
KAGGLE_00746,"Senior Engineer - AI NLP, Vision",Harman International,Bangalore,2022-07-23,,kaggle_2022
KAGGLE_00747,Sr. Engineer - Design & Development,Pioneer Machine & Automation Pvt Ltd,Ghaziabad,2022-07-22,,kaggle_2022
KAGGLE_00748,Virtual Wellness Advocate,Restore Hyper Wellness of Columbus,Remote,2022-07-26,,kaggle_2022
KAGGLE_00749,Quality Analyst (Remote),SuperProcure,Kolkata,2022-07-01,,kaggle_2022
KAGGLE_00750,Quality Assurance Engineer,GE Digital,Hyderabad,2022-07-23,,kaggle_2022
KAGGLE_00751,Data Engineer,IFLEX,Bangalore,2022-06-26,,kaggle_2022
KAGGLE_00752,Computer Vision Engineer,Quant AIs,Palghat,2022-06-26,,kaggle_2022
KAGGLE_00753,Customer Service Representative,Eazifunds,Delhi,2022-07-23,,kaggle_2022
KAGGLE_00754,CT Full Stack Engg,EY,Bangalore,2022-07-22,,kaggle_2022
KAGGLE_00755,Junior Engineer - Customer / Technical Support,TouchMagix,Pune,2022-06-26,,kaggle_2022
KAGGLE_00756,Network Admin,amdocs,Pune,,,kaggle_2022
KAGGLE_00757,Advanced deep learning developer for computer vision & lidar,MathWorks,Hyderabad,2022-06-26,,kaggle_2022
KAGGLE_00758,"Member of Technical Staff, India",JumpCloud,Bangalore,2022-06-26,,kaggle_2022
KAGGLE_00759,ML Engineer,EY,Bangalore,2022-07-19,,kaggle_2022
KAGGLE_00760,Junior Software Engineer,Mantra Softech india Pvt Ltd,Ahmedabad,2022-07-16,,kaggle_2022
KAGGLE_00761,Computer Vision Deep Learning Team Manager,Valeo,Chennai,2022-06-26,,kaggle_2022
KAGGLE_00762,Android Application Developer,Yogpath wellness Private LImited,Delhi,2022-07-25,,kaggle_2022
KAGGLE_00763,Front End Developer II,Codefree.io,Noida,2022-07-15,,kaggle_2022
KAGGLE_00764,Senior Java Software Engineer,BlueOptima,Bangalore,2022-07-25,,kaggle_2022
KAGGLE_00765,Assistant Manager-Data visualizer,Deloitte,Hyderabad,2022-06-28,,kaggle_2022
KAGGLE_00766,Software Development Engineer – Altair Inspire,Altair Engineering,Bangalore,2022-07-22,,kaggle_2022
KAGGLE_00767,Technical and Content Writer,Bosch Group,Bangalore,2022-07-16,,kaggle_2022
KAGGLE_00768,Software Engineer,GE Digital,Hyderabad,2022-07-22,,kaggle_2022
KAGGLE_00769,Quality Engineer,Barclays,Pune,2022-07-21,,kaggle_2022
KAGGLE_00770,Automation Test Engineer,amdocs,Gurgaon,,,kaggle_2022
KAGGLE_00771,Cyber Security Risk and Compliance- Analyst/Senior Analyst,Deloitte,Bangalore,2022-06-26,,kaggle_2022
KAGGLE_00772,Senior Analyst Customer Applications Support,SITA,India,2022-07-08,,kaggle_2022
KAGGLE_00773,System Testing - LTE eNodeB,Mavenir,Bangalore,2022-06-26,,kaggle_2022
KAGGLE_00774,Automation Testing with HP QTP and UFT,Saraca Solutions,Bangalore,2022-06-26,,kaggle_2022
KAGGLE_00775,Security and Controls Administrator,The Coca-Cola Company,Bangalore,2022-06-26,,kaggle_2022
KAGGLE_00776,Technical Program Manager,Plume,Bangalore,2022-06-26,,kaggle_2022
KAGGLE_00777,Talent Acquisition Manager,VisionIAS | Ajayvision Education Private Limited,Delhi,2022-07-14,,kaggle_2022
KAGGLE_00778,Data Operations Associate,Consilio LLC,Bangalore,2022-06-26,,kaggle_2022
KAGGLE_00779,Technical Program Manager,Plume,Bangalore,2022-06-26,,kaggle_2022
KAGGLE_00780,Talent Acquisition Manager,VisionIAS | Ajayvision Education Private Limited,Delhi,2022-07-14,,kaggle_2022
KAGGLE_00781,Data Operations Associate,Consilio LLC,Bangalore,2022-06-26,,kaggle_2022
KAGGLE_00782,Software Engineer II,HERE Technologies,Mumbai,2022-07-23,,kaggle_2022
KAGGLE_00783,Software Engineer,Microsoft,Hyderabad,2022-06-27,,kaggle_2022
KAGGLE_00784,Image Processing Engineer,Optimized Electrotech Pvt Ltd,Bangalore,2022-07-22,,kaggle_2022
KAGGLE_00785,Sales Head,PropertyXpo Services Pvt.Ltd,Gurgaon,2022-07-25,,kaggle_2022
KAGGLE_00786,Marketing Executive,Videoverse,Mumbai,2022-07-14,,kaggle_2022
KAGGLE_00787,Social Media Executive,RailMitra,Patna,2022-06-26,,kaggle_2022
KAGGLE_00788,Senior Machine Learning Engineer (Computer Vision),Atai labs,Hyderabad,2022-06-26,,kaggle_2022
KAGGLE_00789,Systems Test Engineer,Philips,Bangalore,2022-07-09,,kaggle_2022
KAGGLE_00790,Game Artist (Junior/Mid/ Experienced),BigDay Studio Pvt Ltd,Noida,,,kaggle_2022
KAGGLE_00791,Senior Front-End Engineer,BlueOptima,Bangalore,2022-07-26,,kaggle_2022
KAGGLE_00792,Data Scientist,Testbook,Mumbai,2022-07-07,,kaggle_2022
KAGGLE_00793,Orcas -C#,Aptiv,Bangalore,2022-07-13,,kaggle_2022
KAGGLE_00794,Technical Staff – EMS Team – IN-4,Altiostar,Bangalore,2022-06-26,,kaggle_2022
KAGGLE_00795,Orcas -C#,Aptiv,Bangalore,2022-07-13,,kaggle_2022
KAGGLE_00796,Java Developer,Oracle,Bangalore,2022-07-16,,kaggle_2022
KAGGLE_00797,Junior Frontend Developer,New Vision Group Holding P. Ltd,Pune,2022-07-22,,kaggle_2022
KAGGLE_00798,Website Development Lead,InnoServ Digital,Pune,2022-07-23,,kaggle_2022
KAGGLE_00799,IT Application Developer,Lenovo India Private Limited,Bangalore,2022-06-26,,kaggle_2022
KAGGLE_00800,Operation Engineer-12,Mavenir,Bangalore,2022-07-23,,kaggle_2022
KAGGLE_00801,C# developer,Siemens,Bangalore,2022-07-01,,kaggle_2022
KAGGLE_00802,Computer Science Teacher,Pi Jam Foundation,Bangalore,2022-07-21,,kaggle_2022
KAGGLE_00803,Business Technical Analyst,Kiash Soluitons LLP,Hyderabad,2022-07-07,,kaggle_2022
KAGGLE_00804,Developer II - Software Engineering,UST Global,Hyderabad,2022-07-15,,kaggle_2022
KAGGLE_00805,Cinematographer,TheBroThing,Faridabad,,,kaggle_2022
KAGGLE_00806,Computer Operator,VCART Vehicles Private Limited,Raipur,2022-07-09,,kaggle_2022
KAGGLE_00807,Computer Hardware & Networking Executive,Kalparatu Multiplier,Bhopal,2022-07-12,,kaggle_2022
KAGGLE_00808,REF133606Y_EXP3DMLFT_Application Development for Data servic...,Robert Bosch,Bangalore,2022-06-29,,kaggle_2022
KAGGLE_00809,AR/VR Developer,Asista Software Solutions Private Limited,Chennai,2022-07-19,,kaggle_2022
KAGGLE_00810,Machine Learning Developer,Tech Opportunity,Mumbai,2022-07-25,,kaggle_2022
KAGGLE_00811,Help Desk Support – Level 2,ACE IT Solutions,Chandigarh,2022-06-30,,kaggle_2022
KAGGLE_00812,IT Recruiter,E - Hireo,Bangalore,2022-07-20,,kaggle_2022
KAGGLE_00813,CSCE Automation Systems Architect,Intel,Remote,2022-06-26,,kaggle_2022
KAGGLE_00814,Artificial Intelligence and Computer Vision Specialist,JSR Dynamics,Nagpur,2022-06-26,,kaggle_2022
KAGGLE_00815,QA Automation Engineer,ZADARA STORAGE,Bangalore,2022-07-22,,kaggle_2022
KAGGLE_00816,Data and Quality Analyst,BCD Travel Corporate,Bangalore,2022-07-24,,kaggle_2022
KAGGLE_00817,Lead - Digital,Pehlay Akshar Foundation,Mumbai,,,kaggle_2022
KAGGLE_00818,Software Development Engineer II,Philips,Bangalore,2022-07-23,,kaggle_2022
KAGGLE_00819,Strategy Officer,Bosch Group,Bangalore,2022-07-25,,kaggle_2022
KAGGLE_00820,Computer Vison Engineer,i2V Systems,Gurgaon,2022-06-26,,kaggle_2022
KAGGLE_00821,Data Scientists,DeepTek Medical Imaging,Pune,2022-06-26,,kaggle_2022
KAGGLE_00822,IT Specialist,BizBox Publishing,Remote,2022-06-26,,kaggle_2022
KAGGLE_00823,Machine Learning Engineer,Oracle,Bangalore,2022-07-12,,kaggle_2022
KAGGLE_00824,Consultant - Automation Testing with Selenium & C#,Deloitte,Bangalore,2022-07-15,,kaggle_2022
KAGGLE_00825,Staff Engineer - Moj,sharechat,Bangalore,2022-07-20,,kaggle_2022
KAGGLE_00826,Apprentice Engineer,ASM Assembly Systems India Pvt Ltd,Bangalore,2022-07-23,,kaggle_2022
KAGGLE_00827,HR Executive,Academia Solutions,Kolkata,2022-07-26,,kaggle_2022
KAGGLE_00828,Clinical Data Lead,ICON - APAC,Bangalore,2022-07-20,,kaggle_2022
KAGGLE_00829,Data Analyst,PayU,Mumbai,2022-06-26,,kaggle_2022
KAGGLE_00830,NOC Engineer,Consilio LLC,Bangalore,2022-06-26,,kaggle_2022
KAGGLE_00831,Fullstack Developer,Altair Engineering,Bangalore,2022-07-22,,kaggle_2022
KAGGLE_00832,Coordinator,Digitals India Secruity Products Pvt. Ltd,Lucknow,2022-07-24,,kaggle_2022
KAGGLE_00833,MLOps Engineer (Permanent WFH),Master Mind Consultancy,Remote,2022-07-13,,kaggle_2022
KAGGLE_00834,Staff Software Engineer (Backend),| Hwy Haul,Remote,2022-06-26,,kaggle_2022
KAGGLE_00835,Developer Associate_JAVA | 0-3 yrs | Bangalore,SAP,Bangalore,2022-07-18,,kaggle_2022
KAGGLE_00836,Software Engineer .NET (Pune/Remote),MINDBODY,Pune,,,kaggle_2022
KAGGLE_00837,Business Analyst-IT,Make Visions Outsourcing Pvt Ltd,Gurgaon,2022-07-22,,kaggle_2022
KAGGLE_00838,Senior Software Engineer .NET (Pune/Remote),MINDBODY,Pune,,,kaggle_2022
KAGGLE_00839,Senior Data Analyst - Data Engineering/Analytics,Exusia,Bangalore,2022-07-22,,kaggle_2022
KAGGLE_00840,Data Analyst,Osmipro,Bangalore,2022-07-23,,kaggle_2022
KAGGLE_00841,Senior Data Analyst,AdTech Holding,Bangalore,2022-07-21,,kaggle_2022
KAGGLE_00842,Data Management Analyst,Wells Fargo,Telangana+1 location,,,kaggle_2022
KAGGLE_00843,Senior Data Management Analyst,Wells Fargo,Bangalore,2022-07-15,,kaggle_2022
KAGGLE_00844,Data Analyst,SuperK,Bangalore,2022-07-21,,kaggle_2022
KAGGLE_00845,Data Analyst,Foxx Life Sciences Pvt Ltd,Remote,2022-07-22,,kaggle_2022
KAGGLE_00846,Data Processing Analyst (Pipeline - New Demand),NielsenIQ,Chennai,2022-07-23,,kaggle_2022
KAGGLE_00847,Data Analyst,Knowledgehut solutions pvt ltd,Bangalore,2022-07-23,,kaggle_2022
KAGGLE_00848,Data Analyst (Internship),Probo,Remote,,,kaggle_2022
KAGGLE_00849,Data Analyst,Zocket,Pune,2022-07-23,,kaggle_2022
KAGGLE_00850,Data Analyst,Indus Net Technologies Pvt Ltd,Kolkata,,,kaggle_2022
KAGGLE_00851,DATA ANALYST,Innowrap Technologies,Remote,2022-07-22,,kaggle_2022
KAGGLE_00852,Data Analyst,GeekFerry,Delhi,,,kaggle_2022
KAGGLE_00853,Data Analyst,UST Global,Bangalore,2022-07-07,,kaggle_2022
KAGGLE_00854,Data Analyst with Tableau,VAANTECH,Hyderabad,2022-07-23,,kaggle_2022
KAGGLE_00855,Data Analyst,Textricks Pvt Ltd,Noida,2022-07-22,,kaggle_2022
KAGGLE_00856,Data Analyst,TGS the global skills,Bangalore,2022-07-21,,kaggle_2022
KAGGLE_00857,Data Analyst,Axismobi,Noida,,,kaggle_2022
KAGGLE_00858,Operational Analyst,Hestabit Technologies Pvt ltd,Noida,2022-07-22,,kaggle_2022
KAGGLE_00859,Data Analyst - IAU,Maruti Suzuki India Ltd,Gurgaon,2022-07-09,,kaggle_2022
KAGGLE_00860,Data Analyst,Derivatives Connect Private Limited,Bangalore,2022-07-21,,kaggle_2022
KAGGLE_00861,Data Analyst- power-bi- SQL,T&N Business Services Pvt. Ltd.,Gurgaon,2022-07-21,,kaggle_2022
KAGGLE_00862,Data Analyst Intern,GUVI GEEK NETWORK PRIVATE LIMITED,Chennai,2022-07-22,,kaggle_2022
KAGGLE_00863,Data Analyst,Wizikey,Gurgaon,2022-07-23,,kaggle_2022
KAGGLE_00864,Data Analyst,Zotto Ltd,Bangalore,2022-07-23,,kaggle_2022
KAGGLE_00865,Data Analyst - Excel VBA,CAPCO,Bangalore,2022-07-20,,kaggle_2022
KAGGLE_00866,Data Analyst,LEADS 2 BUSINESS SOLUTIONS P LTD,Thane,2022-07-20,,kaggle_2022
KAGGLE_00867,Marketing Data Analyst,Edubex,Kochi,2022-07-26,,kaggle_2022
KAGGLE_00868,"Analyst, Data Engineering",Standard Chartered,Bangalore,2022-07-23,,kaggle_2022
KAGGLE_00869,Data Upload Analyst,Oracle,Bangalore,2022-06-26,,kaggle_2022
KAGGLE_00870,EIM Data Analyst,Virtusa,Hyderabad,,,kaggle_2022
KAGGLE_00871,Data Analyst,Frontier Agrotech Pvt. Ltd.,Mohali,2022-07-22,,kaggle_2022
KAGGLE_00872,Data Analyst,Proziod Analytics Pvt Ltd,Bangalore,2022-07-20,,kaggle_2022
KAGGLE_00873,Data Integrity - Analyst,Deloitte,Hyderabad,2022-07-14,,kaggle_2022
KAGGLE_00874,Data Analytics,Indus Net Technologies Pvt Ltd,Kolkata,2022-07-20,,kaggle_2022
KAGGLE_00875,"Business Analyst/Data Analyst(Python, Sql, Numpy, Pandas) (O...",Valiance Solutins,Bangalore,2022-07-21,,kaggle_2022
KAGGLE_00876,Data Analyst,Foxberry Technology Pvt Ltd,Pune,2022-07-23,,kaggle_2022
KAGGLE_00877,Data Analyst,Wipro Limited,Pune,2022-07-15,,kaggle_2022
KAGGLE_00878,Data Analyst (Statistician),BuzzBoard,Remote,2022-07-15,,kaggle_2022
KAGGLE_00879,Data Analyst,Patra Corp,Remote,2022-07-20,,kaggle_2022
KAGGLE_00880,Data Analyst,Mobile Programming LLC,Bangalore,2022-07-23,,kaggle_2022
KAGGLE_00881,Data Analyst,Irish Taylor & Co,Hyderabad,2022-07-23,,kaggle_2022
KAGGLE_00882,Data Analytics,Mentored Minds,Pune,2022-07-21,,kaggle_2022
KAGGLE_00883,Data Analyst,Market Expertise,Pune,2022-07-23,,kaggle_2022
KAGGLE_00884,Data Analyst,Experian,Mumbai,2022-07-26,,kaggle_2022
KAGGLE_00885,Data Analyst Ecommerce,Panworld,Delhi,,,kaggle_2022
KAGGLE_00886,Data Analyst,Absolut data,Technopark,2022-07-21,,kaggle_2022
KAGGLE_00887,OLM Analyst - Data & Analytics,Shell,Bangalore,2022-07-23,,kaggle_2022
KAGGLE_00888,Operational Risk Analyst,Commonwealth Bank,Bangalore,2022-07-23,,kaggle_2022
KAGGLE_00889,Data Analyst,Code Brew Labs,Chandigarh,2022-07-23,,kaggle_2022
KAGGLE_00890,Data Analyst For A Leading Canadian MNC,Intelliworx Consulting,Chandigarh,2022-07-23,,kaggle_2022
KAGGLE_00891,Research and Data Analyst,Special Blasts Ltd,Raipur,2022-07-23,,kaggle_2022
KAGGLE_00892,Data Analyst - Automotive,Derivatives Connect Private Limited,Bangalore,2022-07-22,,kaggle_2022
KAGGLE_00893,Data Engineer / Data Analyst,Morgan Stanley,Mumbai,2022-07-23,,kaggle_2022
KAGGLE_00894,Data Analyst,Maersk,Chennai,2022-07-08,,kaggle_2022
KAGGLE_00895,Data Analyst,Benchmark Digital Partners,Bangalore,,,kaggle_2022
KAGGLE_00896,Data & Analytics Analyst,NatWest Group,Delhi,2022-06-26,,kaggle_2022
KAGGLE_00897,Data Analyst,Serendipity corporate services,Hyderabad,2022-07-19,,kaggle_2022
KAGGLE_00898,PRMA Analyst,HealthMinds Consulting Pvt. Ltd,Bangalore,2022-07-22,,kaggle_2022
KAGGLE_00899,Data Analyst,Spectrum Infra Ventures Pvt. Ltd.,Delhi,,,kaggle_2022
KAGGLE_00900,Data Analyst,Impressico Business Solutions,Noida,2022-07-19,,kaggle_2022
KAGGLE_00901,Employee Data Analyst,Unilever,Bangalore,2022-07-20,,kaggle_2022
KAGGLE_00902,Data Analyst,Dhwani Rural Information Systems,Gurgaon,2022-07-06,,kaggle_2022
KAGGLE_00903,Immediate Opening with Omnicuris For Data Analyst,Omnicuris Healthcare,Bangalore,2022-07-08,,kaggle_2022
KAGGLE_00904,Process and Data Analyst,Bosch Group,Bangalore,2022-06-29,,kaggle_2022
KAGGLE_00905,Data Analytics,Infochola,India,2022-07-26,,kaggle_2022
KAGGLE_00906,Business Analyst,Wipro Limited,Coimbatore,,,kaggle_2022
KAGGLE_00907,Data Analyst,Vodafone,Pune,,,kaggle_2022
KAGGLE_00908,Data Analyst (Excel advanced specialist),XShip Design & Analytics Pvt Ltd,Kochi,2022-07-20,,kaggle_2022
KAGGLE_00909,Data Analyst,DBS Bank,Maharashtra,2022-07-20,,kaggle_2022
KAGGLE_00910,Reference Data Management Analyst,NatWest Group,Bangalore,2022-07-19,,kaggle_2022
KAGGLE_00911,Sr. Data Analyst,Tech mahindra,Hyderabad,,,kaggle_2022
KAGGLE_00912,Data Analyst,MedTourEasy,Delhi,2022-06-26,,kaggle_2022
KAGGLE_00913,Business Intelligence Analyst-Permanent Remote,Lendingtree Research Services LLP,Ahmedabad,2022-07-23,,kaggle_2022
KAGGLE_00914,Data & Technical Business Analyst,Vish Gyana Technology Solutions Private Limited,Chennai,2022-07-21,,kaggle_2022
KAGGLE_00915,Data Analyst,VIKAS STAINLESS STEEL INDIA PVT LTD,Faridabad,2022-07-22,,kaggle_2022
KAGGLE_00916,Data Processing Analyst,Rubrix Analytics Private Limited,Remote,2022-07-24,,kaggle_2022
KAGGLE_00917,Data Analyst,Smiths Group,Bangalore,2022-07-21,,kaggle_2022
KAGGLE_00918,Process Associate-Data Analyst,Genpact,Noida,,,kaggle_2022
KAGGLE_00919,Data Analyst,BenoGroup,Ghaziabad,2022-06-26,,kaggle_2022
KAGGLE_00920,Data Analyst,Quotient Technology,Bangalore,,,kaggle_2022
KAGGLE_00921,Data Analyst,Meritech Software Private Limited,Mohali,2022-07-22,,kaggle_2022
KAGGLE_00922,Data Analyst,Honeywell,Bangalore,2022-07-15,,kaggle_2022
KAGGLE_00923,Data Analyst (Experienced),T&N Business Services Pvt. Ltd.,Gurgaon,,,kaggle_2022
KAGGLE_00924,Junior Data Analyst,Fireblaze AI School,Nagpur,2022-07-22,,kaggle_2022
KAGGLE_00925,Reporting / Data Analyst,EY,Bangalore,2022-07-16,,kaggle_2022
KAGGLE_00926,Master Data Analyst,Bacardi,Gurgaon,2022-07-06,,kaggle_2022
KAGGLE_00927,Data Analyst,Deevaz,Delhi,2022-07-21,,kaggle_2022
KAGGLE_00928,Data Analyst,Boston Consulting Group,Delhi,2022-07-13,,kaggle_2022
KAGGLE_00929,Data Analyst,Artoon Solutions Pvt. Ltd.,Surat,2022-07-23,,kaggle_2022
KAGGLE_00930,Data Analyst,DIGITAL DESIGN TECHNOLOGY,Gurgaon,,,kaggle_2022
KAGGLE_00931,ERP Reporting/Data Analyst,Vienna IT Solutions Pvt. Ltd.,Mohali,2022-07-22,,kaggle_2022
KAGGLE_00932,Data Analyst,Ex Libris,Bangalore,2022-07-16,,kaggle_2022
KAGGLE_00933,Data Analyst / BI Developer,"Owens Asia, Inc..",Thane,2022-07-18,,kaggle_2022
KAGGLE_00934,Data Analyst,Bigbang HR Advisors,Mumbai,2022-07-26,,kaggle_2022
KAGGLE_00935,Data Analyst,BT,Bangalore,2022-07-17,,kaggle_2022
KAGGLE_00936,Data Analyst,Indigifts Pvt. Ltd.,Jaipur,2022-07-23,,kaggle_2022
KAGGLE_00937,Business Data Analyst - Bancassurance,24x7 Corporate Solutions India Pvt Ltd,Kochi,2022-07-22,,kaggle_2022
KAGGLE_00938,Data Analyst,Discover WebTech Private Limited,Indore,2022-07-23,,kaggle_2022
KAGGLE_00939,Manager - Data Analyst,Maruti Suzuki India Ltd,Gurgaon,2022-06-26,,kaggle_2022
KAGGLE_00940,Analyst - Tech Consulting - National - Data & Analytics - Pu...,EY,Pune,2022-07-16,,kaggle_2022
KAGGLE_00941,Azure Data Engineer- Senior Analyst- Hyderabad/Bengaluru,Deloitte,Bangalore,2022-07-25,,kaggle_2022
KAGGLE_00942,Risk Analyst,Mercedes-Benz Research and Development India...,Bangalore,2022-06-26,,kaggle_2022
KAGGLE_00943,Analyst – OrgSolutions,McKinsey & Company,Bangalore,2022-07-22,,kaggle_2022
KAGGLE_00944,Programmer Analyst (Junior),FENG GROUP,Patna,2022-07-21,,kaggle_2022
KAGGLE_00945,Senior Analyst - Tech and Data Risk & Compliance - Line 1,Commonwealth Bank,Bangalore,2022-07-08,,kaggle_2022
KAGGLE_00946,Data Analyst,Otipy,Gurgaon,2022-06-26,,kaggle_2022
KAGGLE_00947,Business Analyst 1-Ops,Oracle,Bangalore,2022-07-18,,kaggle_2022
KAGGLE_00948,Data Analyst I,Intercontinental Exchange,Hyderabad,2022-07-16,,kaggle_2022
KAGGLE_00949,Data Analyst,Schneider Electric,Bangalore,2022-06-30,,kaggle_2022
KAGGLE_00950,Data Analyst,GREEN JEEVA LLC,Bangalore,2022-07-23,,kaggle_2022
KAGGLE_00951,Data Analyst - Ingestion,Crowe,Noida,,,kaggle_2022
KAGGLE_00952,Data Analyst,Braintech Education And Placement Serveries,Jaipur,2022-07-22,,kaggle_2022
KAGGLE_00953,Data Transformation Analyst II,S&P Global,Hyderabad,,,kaggle_2022
KAGGLE_00954,Junior Business Analyst,Khelo Tech & Strategy Pvt Ltd,Delhi,2022-07-21,,kaggle_2022
KAGGLE_00955,Data Analyst,Yulu,Bangalore,2022-07-13,,kaggle_2022
KAGGLE_00956,Data Analyst IoT,Skroman Switches Pvt Ltd,Pune,2022-07-22,,kaggle_2022
KAGGLE_00957,Training Data Analyst,Flipkart,Bangalore,2022-06-26,,kaggle_2022
KAGGLE_00958,"Data Engineer (MSBI,Power BI & Tableau)",UST Global,Bangalore,2022-07-07,,kaggle_2022
KAGGLE_00959,Data Analyst,PIPETECH SERVICES PVT LTD,Mumbai,2022-07-22,,kaggle_2022
KAGGLE_00960,Analyst_Data Wrangler,Société Générale,Bangalore,2022-07-23,,kaggle_2022
KAGGLE_00961,Data Science Platform Support Analyst,Barclays,Pune,2022-07-24,,kaggle_2022
KAGGLE_00962,Data Analyst,Shreshta Analytics Pvt Ltd,Hyderabad,2022-07-11,,kaggle_2022
KAGGLE_00963,Compliance Data Analyst,Credit Suisse,Pune,2022-07-21,,kaggle_2022
KAGGLE_00964,Data Analyst- People Analytics,ABB,Bangalore,2022-07-16,,kaggle_2022
KAGGLE_00965,Senior Data Analyst,Mott MacDonald,Noida,2022-07-14,,kaggle_2022
KAGGLE_00966,Analyst Data Operations,Nielsen,Bangalore,2022-06-26,,kaggle_2022
KAGGLE_00967,Data Analyst,lagozon technologies,Delhi,2022-07-21,,kaggle_2022
KAGGLE_00968,Hiring Data/Business Analyst - Preferred from Pharma Ind.- W...,Incubit Global Business Services Pvt. Ltd.,Mumbai,2022-07-23,,kaggle_2022
KAGGLE_00969,Data Analyst,"Glassbeam, Inc.",Bangalore,2022-07-21,,kaggle_2022
KAGGLE_00970,Data Analyst,Hewlett Packard Enterprise,Gurgaon,2022-07-13,,kaggle_2022
KAGGLE_00971,Data Analyst - KPI Evaluation for vision systems,Mercedes-Benz Research and Development India...,Bangalore,2022-07-02,,kaggle_2022
KAGGLE_00972,Data Research Analyst,Morningstar,Mumbai,2022-07-22,,kaggle_2022
KAGGLE_00973,Data Analyst,FullContact,Remote,2022-07-02,,kaggle_2022
KAGGLE_00974,MIS & DA - Data Analyst,Concentrix,Bangalore,2022-07-21,,kaggle_2022
KAGGLE_00975,Associate I - Data Analysis,UST Global,Kochi,2022-07-14,,kaggle_2022
KAGGLE_00976,Analyst-Master Data Management - Global Rates-GFS,Deloitte,Hyderabad,2022-06-29,,kaggle_2022
KAGGLE_00977,Business Technology Analyst - Data Analytics (SQL with SSIS),Deloitte,Bangalore,2022-07-05,,kaggle_2022
KAGGLE_00978,Data Analyst,Creditas Solutions,Gurgaon,2022-07-07,,kaggle_2022
KAGGLE_00979,Freelancer DATA ANALYST IN POWER BI at Vasai,Target Hydrautech Pvt Ltd.,Vasai,2022-07-22,,kaggle_2022
KAGGLE_00980,Data Analyst,Bsharp Sales Enablers,Bangalore,2022-06-28,,kaggle_2022
KAGGLE_00981,Risk Analyst,Philips,Bangalore,2022-07-25,,kaggle_2022
KAGGLE_00982,GIS Data Analyst,Carifer Technologies,Erode,2022-06-26,,kaggle_2022
KAGGLE_00983,Data Analyst,Chams Branding Solutions India Pvt Ltd,Ernakulam,2022-07-22,,kaggle_2022
KAGGLE_00984,Data Analyst,Ericsson,Gurgaon,2022-07-18,,kaggle_2022
KAGGLE_00985,Data Analyst and BI Reporting,"JPMorgan Chase Bank, N.A.",Hyderabad,2022-07-26,,kaggle_2022
KAGGLE_00986,Data Analyst,Ericsson,Gurgaon,2022-07-18,,kaggle_2022
KAGGLE_00987,Research Analyst - ESG Data Solutions-2,FactSet Research Systems,Hyderabad,2022-07-20,,kaggle_2022
KAGGLE_00988,Senior Capabilities & Insights Analyst_Asia Banking_Gurugram,McKinsey & Company,Gurgaon,2022-07-22,,kaggle_2022
KAGGLE_00989,Product Data Analyst,Clarivate,Bangalore,2022-07-16,,kaggle_2022
KAGGLE_00990,SQL Data/ETL Analyst,Quadraflake Consulting Private Limited,Chennai,2022-07-19,,kaggle_2022
KAGGLE_00991,Senior Data Analyst,DBS Bank,Maharashtra,2022-07-23,,kaggle_2022
KAGGLE_00992,Data Science/Data Analytics,Excellence and Eminence LLP,Bangalore,2022-07-21,,kaggle_2022
KAGGLE_00993,AI / Big Data Analyst (Powertrain & Exhaust applications),Bosch Group,Bangalore,2022-06-29,,kaggle_2022
KAGGLE_00994,MIS Analyst,Panworld,Delhi,2022-07-26,,kaggle_2022
KAGGLE_00995,Data Analyst,HP,Bangalore,2022-07-16,,kaggle_2022
KAGGLE_00996,Data Analyst,PhonePe,Bangalore,2022-06-26,,kaggle_2022
KAGGLE_00997,Senior Data Analyst,BT,Bangalore,2022-07-21,,kaggle_2022
KAGGLE_00998,Senior Data Scientist/ Analyst - T7,Mercedes-Benz Research and Development India...,Bangalore,2022-07-03,,kaggle_2022
KAGGLE_00999,Data Analyst Sector-10. Rohini,Sapphire Search,Delhi,2022-07-19,,kaggle_2022
KAGGLE_01000,Data Analyst,Visible Alpha,Mumbai,2022-07-23,,kaggle_2022
KAGGLE_01001,Data Analyst,Mirum Digital Pvt. Ltd.,Mumbai,2022-07-19,,kaggle_2022
KAGGLE_01002,Analyst-Data Visualization,Accenture,Bangalore,,,kaggle_2022
KAGGLE_01003,Data Analyst & MIS Manager,RUSHA CAREERS PRIVATE LIMITED,Delhi,2022-07-13,,kaggle_2022
KAGGLE_01004,Data Analyst (Senior),FENG GROUP,Remote,2022-07-12,,kaggle_2022
KAGGLE_01005,Data Analysis & Reporting - Office of Strategic Initiatives...,Deloitte,Hyderabad,2022-06-26,,kaggle_2022
KAGGLE_01006,Business Analyst,TechVerito,Pune,2022-07-22,,kaggle_2022
KAGGLE_01007,Data Management - Analyst,Deloitte,Hyderabad,2022-06-26,,kaggle_2022
KAGGLE_01008,Data Analyst,Team engine,Pune,2022-07-23,,kaggle_2022
KAGGLE_01009,SAS Analyst (Junior),FENG GROUP,Remote,2022-07-25,,kaggle_2022
KAGGLE_01010,Data Research Analyst,Analytix Business Solutions (India) Ltd,Ahmedabad,2022-07-14,,kaggle_2022
KAGGLE_01011,Associate Data Analyst,Enverus,Bangalore,2022-06-29,,kaggle_2022
KAGGLE_01012,Data Analyst,SmartAnalyst,Gurgaon,2022-07-21,,kaggle_2022
KAGGLE_01013,Data Analyst,SmartAnalyst,Gurgaon,2022-07-21,,kaggle_2022
KAGGLE_01014,Data Analyst || Diamond Industry || Surat Location.,Venus Solutions,Surat,,,kaggle_2022
KAGGLE_01015,Data Analyst,AgilizTech Software Services,Bangalore,2022-06-26,,kaggle_2022
KAGGLE_01016,DATA ANALYST,Galytix,Gurgaon,2022-06-26,,kaggle_2022
KAGGLE_01017,"Lead Analyst, Data Management Quant Analysis",BNY Mellon,Pune,2022-07-23,,kaggle_2022
KAGGLE_01018,Data Analyst,PGEIN Consulting,Chandigarh,2022-06-26,,kaggle_2022
KAGGLE_01019,Freelancer DATA ANALYST IN POWER BI,Target Hydrautech Pvt Ltd.,Vasai,2022-07-23,,kaggle_2022
KAGGLE_01020,Data Analyst,JLL,Bangalore,2022-06-26,,kaggle_2022
KAGGLE_01021,CIB-Digital Document Services-Reference Data Analyst,"JPMorgan Chase Bank, N.A.",Bangalore,,,kaggle_2022
KAGGLE_01022,Lead Analyst - Global Customer Data - Quality & Training,Oracle,Bangalore,2022-06-26,,kaggle_2022
KAGGLE_01023,Data Analyst | 4 To 6 Years | Pan India,Capgemini,Mumbai,2022-07-20,,kaggle_2022
KAGGLE_01024,Data Analyst (Junior),FENG GROUP,Delhi,2022-07-10,,kaggle_2022
KAGGLE_01025,Analyst - MI & Data Analytics,Barclays,Pune,2022-07-13,,kaggle_2022
KAGGLE_01026,Global Tax and Legal Data Analytics - Analyst Hyderabad,Deloitte,Hyderabad,2022-07-15,,kaggle_2022
KAGGLE_01027,Business Analyst,EpicMinds IT Pvt Ltd,Bangalore,2022-07-23,,kaggle_2022
KAGGLE_01028,Business Analyst,CILA Project10K,Bangalore,2022-07-12,,kaggle_2022
KAGGLE_01029,Digital Analyst - LiveOps Data Engineering - QuantumBlack La...,McKinsey & Company,Gurgaon,2022-07-20,,kaggle_2022
KAGGLE_01030,Data Research Analyst,Paxcom India,Delhi,2022-07-01,,kaggle_2022
KAGGLE_01031,Data Analyst,Leesha Media IT solutions Private Limited,Bangalore,2022-07-23,,kaggle_2022
KAGGLE_01032,Senior Data Analyst,Sworks Software India Pvt Ltd,Pune,2022-07-06,,kaggle_2022
KAGGLE_01033,Data Analytics Developer,Standard Chartered,Bangalore,2022-07-12,,kaggle_2022
KAGGLE_01034,Data Analyst,IFS,Kolkata,2022-07-19,,kaggle_2022
KAGGLE_01035,Sr Data Analyst,Inspira,Bangalore,,,kaggle_2022
KAGGLE_01036,Data Analyst - EMEA,American Express Global Business Travel,Gurgaon,2022-06-26,,kaggle_2022
KAGGLE_01037,Retail Data and EDI Analyst,Customized Energy Solutions,Pune,2022-06-26,,kaggle_2022
KAGGLE_01038,Data Analyst,SISL Infotech Pvt. Ltd.,Maharashtra,2022-07-20,,kaggle_2022
KAGGLE_01039,Sr. Data Analyst,miracle hub,Surat,2022-07-13,,kaggle_2022
KAGGLE_01040,Analyst / Consultant - Tax Automation and Data Management,Deloitte,Gurgaon,2022-06-26,,kaggle_2022
KAGGLE_01041,Data Analyst,"Neustar, Inc.",Hyderabad,2022-07-13,,kaggle_2022
KAGGLE_01042,Finance Reference Data operations analyst,"JPMorgan Chase Bank, N.A.",Bangalore,2022-07-20,,kaggle_2022
KAGGLE_01043,ESG Data Analyst,Almug Technologies Pvt Ltd,Bangalore,2022-07-22,,kaggle_2022
KAGGLE_01044,Immediate requirement for Data Analytics - WFO - Mumbai Loca...,Talent Corner HR Services Private Limited,Mumbai,2022-07-23,,kaggle_2022
KAGGLE_01045,Clinical Data Analyst,ParadigmIT Technology Services,India,2022-07-07,,kaggle_2022
KAGGLE_01046,BA4 Data Analyst,Barclays,Pune,2022-07-13,,kaggle_2022
KAGGLE_01047,Data Analyst(BI),Tax Genie,Mumbai,2022-06-26,,kaggle_2022
KAGGLE_01048,Senior Data Analyst,sRide Tech Pvt Ltd,Pune,2022-07-15,,kaggle_2022
KAGGLE_01049,Data Analyst - Tech,Magenta,Bangalore,2022-06-26,,kaggle_2022
KAGGLE_01050,Digital Analyst - LiveOps Data Science - QuantumBlack Labs,McKinsey & Company,Gurgaon,2022-07-20,,kaggle_2022
KAGGLE_01051,DG - Business Analyst - Data Analytics,Genpact,Kolkata,,,kaggle_2022
KAGGLE_01052,Business Intelligence Consultant,Lagozon Technologies Pvt Ltd,Delhi,,,kaggle_2022
KAGGLE_01053,"Specialist, Data/Business Analyst",DBS Bank,Maharashtra,2022-07-12,,kaggle_2022
KAGGLE_01054,Data Analyst- Liabilities,IDFC FIRST Bank,Mumbai,2022-07-01,,kaggle_2022
KAGGLE_01055,Business Analyst,Careervira,Gurgaon,2022-07-22,,kaggle_2022
KAGGLE_01056,Data Analyst,EaseMyTrip,Noida,2022-06-26,,kaggle_2022
KAGGLE_01057,Data Analyst,Tamilnadu goverment,Chennai,2022-07-23,,kaggle_2022
KAGGLE_01058,"Analyst -Operational Risk, Data Monitoring(Risk Management)",Morgan Stanley,Mumbai,2022-07-20,,kaggle_2022
KAGGLE_01059,Data Analyst (Power BI),Thermo Fisher Scientific,Bangalore,2022-07-06,,kaggle_2022
KAGGLE_01060,Data Analyst,Standard Chartered,Bangalore,2022-06-26,,kaggle_2022
KAGGLE_01061,Data Quality Analyst,Fragomen,Kochi,2022-06-26,,kaggle_2022
KAGGLE_01062,Data Analyst-Turbo Cross Sell,IDFC FIRST Bank,Mumbai,2022-07-22,,kaggle_2022
KAGGLE_01063,Data Specialist / Analyst,Hashtag Infosystem,Surat,2022-07-23,,kaggle_2022
KAGGLE_01064,Business Analyst - Core Banking,Oracle,India,2022-07-12,,kaggle_2022
KAGGLE_01065,Data Analyst,Nielsen,Kochi,2022-06-26,,kaggle_2022
KAGGLE_01066,Markets Data Management Analyst,NatWest Group,Chennai,,,kaggle_2022
KAGGLE_01067,Clinical Data Analyst (BHMS/BAMS),Averon Infotech,Pune,2022-07-25,,kaggle_2022
KAGGLE_01068,Healthcare Data Analyst,MedTourEasy,Delhi,2022-06-26,,kaggle_2022
KAGGLE_01069,"Startup Financial, Data Modeling & Research Analyst",Ideatree,India,2022-06-26,,kaggle_2022
KAGGLE_01070,Data Operations Analyst,The Economist Newspaper Limited,Gurgaon,2022-07-14,,kaggle_2022
KAGGLE_01071,Quality Analyst,Travelsees,Delhi,2022-07-21,,kaggle_2022
KAGGLE_01072,Business Analyst,Albanero Dev Private Limited,Hyderabad,,,kaggle_2022
KAGGLE_01073,Data Analyst,Cvent,Gurgaon,2022-06-26,,kaggle_2022
KAGGLE_01074,Data Analytic and Informatic Analyst,NTT Ltd,Bangalore,2022-07-13,,kaggle_2022
KAGGLE_01075,Associate Analyst-MF-Client Data Management,Deloitte,Hyderabad,2022-06-26,,kaggle_2022
KAGGLE_01076,Data Analyst,Zapcom Group,India,2022-06-26,,kaggle_2022
KAGGLE_01077,Data Analyst (Python),AIMLEAP,India,2022-06-26,,kaggle_2022
KAGGLE_01078,Financial Analyst - Corporate Accounting & Reporting,Maruti Suzuki India Ltd,Gurgaon,2022-06-26,,kaggle_2022
KAGGLE_01079,Senior Data Analyst,DarioHealth,Delhi,,,kaggle_2022
KAGGLE_01080,Data Research Analyst,Info Stans Pvt. Ltd.,Ahmedabad,2022-07-22,,kaggle_2022
KAGGLE_01081,Power BI Developer,Icodex Publishing Solutions Private Limited,Pune,2022-07-23,,kaggle_2022
KAGGLE_01082,Data Analyst,Arnowa,Delhi,2022-07-06,,kaggle_2022
KAGGLE_01083,Data Analyst,Legalwiz,India,2022-06-26,,kaggle_2022
KAGGLE_01084,Data Analyst,E2E Research Pvt. Ltd.,Delhi,2022-06-26,,kaggle_2022
KAGGLE_01085,Data Analyst,SRM Technologies,Chennai,2022-07-14,,kaggle_2022
KAGGLE_01086,CIB_Client Data Specialist_Operations Analyst,"JPMorgan Chase Bank, N.A.",Bangalore,2022-07-22,,kaggle_2022
KAGGLE_01087,Data Analyst,SAGE Publications India Pvt. Ltd. Cookies Privacy...,Dehra Dun,2022-07-13,,kaggle_2022
KAGGLE_01088,Data Analyst Intern,Tamilnadu goverment,Chennai,2022-07-23,,kaggle_2022
KAGGLE_01089,Procurement Analyst,Apptyx,Bangalore,2022-07-16,,kaggle_2022
KAGGLE_01090,Power BI Developer,Marktine Technology Solutions,Noida,2022-07-23,,kaggle_2022
KAGGLE_01091,Environment Sustainability Data Analyst | 2 To 4 Years | Mum...,Capgemini,Mumbai,2022-07-13,,kaggle_2022
KAGGLE_01092,Power BI/Tableau Specialist - Data Analyst,Mace,Gurgaon,2022-07-07,,kaggle_2022
KAGGLE_01093,Business Analyst,GCA,Bangalore,2022-07-23,,kaggle_2022
KAGGLE_01094,Senior Data Analyst,Imarque Solutions Pvt. Ltd,Chennai,2022-06-26,,kaggle_2022
KAGGLE_01095,Senior Data Analyst | 6 To 9Years | Mumbai & Noida,Capgemini,Mumbai,2022-07-20,,kaggle_2022
KAGGLE_01096,Business Analyst,Euphoric Thought Technologies Pvt Ltd,Bangalore,2022-07-20,,kaggle_2022
KAGGLE_01097,Data Analyst Freshers Hiring,Netsterz Infotech Pvt Ltd,Mohali,2022-07-21,,kaggle_2022
KAGGLE_01098,Data Analyst,WebMD,Mumbai,2022-07-09,,kaggle_2022
KAGGLE_01099,"Data Analyst (Power BI,Azure)",Smiths Group plc,Bangalore,2022-07-19,,kaggle_2022
KAGGLE_01100,Intern-Digital Data Analyst,Uni Access,Pune,2022-07-09,,kaggle_2022
KAGGLE_01101,Analyst/ Data Analyst (ABS),"D. E. Shaw & Co., L.P. India",Delhi,2022-06-26,,kaggle_2022
KAGGLE_01102,Supply Chain Analyst / Trainee,Masycoda Solution Pvt Ltd,Nagpur,2022-07-23,,kaggle_2022
KAGGLE_01103,Data Analyst,Sadup Softech Pvt Ltd,Hyderabad,2022-07-23,,kaggle_2022
KAGGLE_01104,Data Analyst,Graebel Companies Inc.,Bangalore,2022-06-26,,kaggle_2022
KAGGLE_01105,Fund Operations Analyst,CoinDCX,Bangalore,,,kaggle_2022
KAGGLE_01106,Data Analyst- Excel Operator,AIMLEAP,India,2022-06-26,,kaggle_2022
KAGGLE_01107,VETS Internship 2022 - Risk Data Analytics & Strategy,"JPMorgan Chase Bank, N.A.",Bangalore,2022-07-03,,kaggle_2022
KAGGLE_01108,Data Analyst,TMF Group,Bangalore,2022-07-05,,kaggle_2022
KAGGLE_01109,USI-Enabling Areas-GFS Onboarding Testing/Data Validation An...,Deloitte,Hyderabad,2022-06-26,,kaggle_2022
KAGGLE_01110,Data Analyst,Atologist Infotech,Surat,2022-07-22,,kaggle_2022
KAGGLE_01111,Senior Analyst - Data Management,MasterCard,Mumbai,2022-06-26,,kaggle_2022
KAGGLE_01112,Senior Data Analyst-Turbo Cross Sell,IDFC FIRST Bank,Mumbai,2022-07-20,,kaggle_2022
KAGGLE_01113,Data Product Analyst,JLL,Bangalore,2022-06-29,,kaggle_2022
KAGGLE_01114,Data Analyst,Scaler Academy,Bangalore,2022-06-29,,kaggle_2022
KAGGLE_01115,Research Science Analyst _Global Banking Pool_Gurugram,McKinsey & Company,Gurgaon,2022-07-22,,kaggle_2022
KAGGLE_01116,SQL Data Analyst,Aeron Composite pvt. ltd.,Ahmedabad,2022-07-23,,kaggle_2022
KAGGLE_01117,Data Analyst - ChargeGrid,Magenta,Bangalore,2022-06-26,,kaggle_2022
KAGGLE_01118,Data Analyst,Classic Publicity pvt ltd,Pune,,,kaggle_2022
KAGGLE_01119,Data Analyst,Brand Concepts ltd,Indore,2022-07-02,,kaggle_2022
KAGGLE_01120,Reporting & Data Analyst,MasterCard,Pune,2022-06-26,,kaggle_2022
KAGGLE_01121,Reporting & Data Analyst,MasterCard,Pune,2022-06-26,,kaggle_2022
KAGGLE_01122,Data Analyst,Entrolabs It solutions,Vijayawada,2022-06-26,,kaggle_2022
KAGGLE_01123,CIB_Reference Data Analyst_Team Leader,"JPMorgan Chase Bank, N.A.",Bangalore,,,kaggle_2022
KAGGLE_01124,Data Governance Analyst,Optimas Solutions,Pune,2022-07-26,,kaggle_2022
KAGGLE_01125,Data Analyst,Group 8A,India,2022-06-26,,kaggle_2022
KAGGLE_01126,Data Analyst,Rehoboth Academic Services,Bangalore,2022-06-26,,kaggle_2022
KAGGLE_01127,Hiring Data Analyst for Non technical role,Larsen & Toubro Infotech Limited,Hyderabad,2022-06-26,,kaggle_2022
KAGGLE_01128,Business Data Analyst 2,GP Strategies Corporation,Chennai,2022-07-19,,kaggle_2022
KAGGLE_01129,Research - Data Analyst / Associate,Information Services Group,Bangalore,2022-06-26,,kaggle_2022
KAGGLE_01130,Data Analyst,Infineon Technologies,Bangalore,2022-06-26,,kaggle_2022
KAGGLE_01131,Analyst - CPE Operations - Risk and Brand Protection,Deloitte,Hyderabad,2022-07-06,,kaggle_2022
KAGGLE_01132,Analyst,MasterCard,Gurgaon,2022-06-26,,kaggle_2022
KAGGLE_01133,"Senior Analyst, Product Revenue (Data Analyst)",Zscaler,Gurgaon,2022-07-23,,kaggle_2022
KAGGLE_01134,KYC System Analyst,Brickendon Consulting,Hyderabad,2022-07-19,,kaggle_2022
KAGGLE_01135,Project Analyst,NatWest Group,Gurgaon,2022-07-21,,kaggle_2022
KAGGLE_01136,Data Analyst 2,UnitedHealthcare,Bangalore,2022-07-16,,kaggle_2022
KAGGLE_01137,Data and Quality Analyst,BCD Travel Corporate,Bangalore,2022-07-24,,kaggle_2022
KAGGLE_01138,Urban Data Analyst,National Institute of Urban Affairs,Delhi,2022-07-21,,kaggle_2022
KAGGLE_01139,Big Data Analyst,Royal Enfield,Gurgaon,2022-06-26,,kaggle_2022
KAGGLE_01140,Data protection Analyst,Smart Work Consultants,Bangalore,2022-07-19,,kaggle_2022
KAGGLE_01141,Risk & Controls Analyst,NatWest Group,Bangalore,2022-07-20,,kaggle_2022
KAGGLE_01142,Data Analyst,Eccentric Engine,Remote,2022-06-26,,kaggle_2022
KAGGLE_01143,Data Analyst Intern,OPK eServices,Gurgaon,2022-06-26,,kaggle_2022
KAGGLE_01144,BI Consultant,TrueLedge (HR and Accounting Services),Chennai,2022-07-16,,kaggle_2022
KAGGLE_01145,Revenue Analyst 1-Fin,Oracle,Bangalore,2022-06-26,,kaggle_2022
KAGGLE_01146,CIB-Wholesale KYC operations-Client Data Analyst,"JPMorgan Chase Bank, N.A.",Bangalore,2022-07-20,,kaggle_2022
KAGGLE_01147,"Data Analyst - Gurgaon, HR",Optum,Gurgaon,2022-07-12,,kaggle_2022
KAGGLE_01148,Analyst-Data Operations (copy),Nielsen,Bangalore,2022-06-26,,kaggle_2022
KAGGLE_01149,Data Analyst,RPA Infotech,Gurgaon,2022-06-26,,kaggle_2022
KAGGLE_01150,Jr. Data Analyst,miracle hub,Surat,2022-07-14,,kaggle_2022
KAGGLE_01151,LMS Suppport -Analyst-GTO-Hyderabad,Deloitte,Hyderabad,2022-07-07,,kaggle_2022
KAGGLE_01152,Analytics - Data & Visualisation Analyst,Lenskart,Delhi,2022-06-26,,kaggle_2022
KAGGLE_01153,Data Analyst,ITC Infotech India Ltd,Bangalore,2022-07-01,,kaggle_2022
KAGGLE_01154,Data Analyst Trainer,TECHOLAS TECHNOLOGIES,Ernakulam,2022-07-23,,kaggle_2022
KAGGLE_01155,Risk Analyst,Barclays,Delhi,2022-07-24,,kaggle_2022
KAGGLE_01156,Data Analyst,GSK,Bangalore,2022-06-26,,kaggle_2022
KAGGLE_01157,Business Analyst,IBM,Bangalore,2022-07-21,,kaggle_2022
KAGGLE_01158,Data Analyst,CRISIL LIMITED,Bangalore,2022-07-21,,kaggle_2022
KAGGLE_01159,Data Analyst,Cognizant Technology Solutions India Pvt Ltd,Pune,2022-06-26,,kaggle_2022
KAGGLE_01160,Graduate Engineer Trainee - Data Analyst,RBHU ETG Private Limited,Mumbai,2022-07-23,,kaggle_2022
KAGGLE_01161,Data Analyst: Full Time,Heart It Out,Bangalore,2022-06-26,,kaggle_2022
KAGGLE_01162,Business Intelligence Analyst,SafeGuard Global,Remote,2022-07-15,,kaggle_2022
KAGGLE_01163,Sustainability Analyst,Rystad Energy,Bangalore,2022-07-24,,kaggle_2022
KAGGLE_01164,Data Analyst Power bi with Python,Intellecto Global Services,Chennai,,,kaggle_2022
KAGGLE_01165,Data Analyst,AlphaExpression Technologies,Pattom,2022-06-26,,kaggle_2022
KAGGLE_01166,BI Data Analyst,Logitech,Chennai,2022-06-26,,kaggle_2022
KAGGLE_01167,Research Analyst,ITP Software India Pvt. Ltd,Hyderabad,2022-07-23,,kaggle_2022
KAGGLE_01168,Data Analyst - Senior Analyst,Deloitte,Bangalore,2022-06-26,,kaggle_2022
KAGGLE_01169,Junior Analyst,GfK,Gurgaon,2022-07-20,,kaggle_2022
KAGGLE_01170,Data Analyst,Relevance Lab,Bangalore,2022-06-26,,kaggle_2022
KAGGLE_01171,MIS Data Analyst,Vantage Circle,Guwahati,2022-07-15,,kaggle_2022
KAGGLE_01172,job Data Analytics,CODERS BRAIN TECHNOLOGY PRIVATE LIMITED,Remote,2022-07-19,,kaggle_2022
KAGGLE_01173,Analyst-Online Ops and Resolution,Lowe's,Bangalore,2022-07-20,,kaggle_2022
KAGGLE_01174,Data and Infrastructure Analyst,Bechtel,Andaman and Nicobar Islands,2022-06-26,,kaggle_2022
KAGGLE_01175,Technical Business Analyst,Vv Consultancy,Bangalore,2022-07-13,,kaggle_2022
KAGGLE_01176,Analyst-Data Maintenance,Accenture,Bangalore,2022-06-26,,kaggle_2022
KAGGLE_01177,Data Analyst,Sri Renga Global,Tiruchchirappalli,2022-07-22,,kaggle_2022
KAGGLE_01178,Data Analyst,Futurism,Pune,2022-07-19,,kaggle_2022
KAGGLE_01179,Data Management & Spend Analysis,Skyleaf Consultants,Gurgaon,2022-07-07,,kaggle_2022
KAGGLE_01180,MIS & Data Analytics,Megara Infotech,Gurgaon,2022-06-26,,kaggle_2022
KAGGLE_01181,Data analyst - SQL,Aon Corporation,Bangalore,2022-06-26,,kaggle_2022
KAGGLE_01182,BI Analyst,Haven Infoline Pvt Ltd.,Mumbai,2022-07-22,,kaggle_2022
KAGGLE_01183,Data Analyst,Decision Tree,Gurgaon,2022-06-26,,kaggle_2022
KAGGLE_01184,Research Analyst,Alchemy Research and Analytics,Durgapur,2022-07-20,,kaggle_2022
KAGGLE_01185,Data Analyst,Varsity Educational Management Pvt. Ltd,Hyderabad,2022-07-22,,kaggle_2022
KAGGLE_01186,Data Operations Analyst,Clearstate Pte. Ltd,Gurgaon,2022-07-14,,kaggle_2022
KAGGLE_01187,Power-Bi Specialist,EPC Group,Remote,2022-07-22,,kaggle_2022
KAGGLE_01188,Senior Data Engineer/BIA Analyst,Danske Bank,Bangalore,,,kaggle_2022
KAGGLE_01189,Data Analyst,PipeCandy,Chennai,2022-06-26,,kaggle_2022
KAGGLE_01190,Supply Chain Analyst,Shell,Bangalore,2022-07-20,,kaggle_2022
KAGGLE_01191,Cybersecurity Analyst for Cybersecurity Operations,Siemens,Pune,2022-07-20,,kaggle_2022
KAGGLE_01192,Associate Client Data Analyst,FIS Global,Pune,,,kaggle_2022
KAGGLE_01193,Data Analyst,BatchService,Remote,2022-06-26,,kaggle_2022
KAGGLE_01194,Data Investigations Analyst,Standard Chartered,Chennai,2022-07-01,,kaggle_2022
KAGGLE_01195,Analyst,EY,Gurgaon,2022-07-13,,kaggle_2022
KAGGLE_01196,Firmwide Regulatory Reporting & Analysis (FRRA) - Data & Pla...,"JPMorgan Chase Bank, N.A.",Bangalore,2022-07-21,,kaggle_2022
KAGGLE_01197,Analyst-Clinical Data Management (CDM),Accenture,Bangalore,2022-06-26,,kaggle_2022
KAGGLE_01198,Content Analyst - Drug Forecast,Clarivate,Hyderabad,2022-07-15,,kaggle_2022
KAGGLE_01199,Intern - Business Analyst,Climate Connect,Remote,2022-07-12,,kaggle_2022
KAGGLE_01200,Data/Business Analyst,TrueCover,India,2022-06-26,,kaggle_2022
KAGGLE_01201,Data Analyst-Tech,Chqbook,Gurgaon,2022-06-28,,kaggle_2022
KAGGLE_01202,Senior Performance Data Analyst,Deutsche Bank,Mumbai,2022-06-26,,kaggle_2022
KAGGLE_01203,Analyst -Trading Analytics Data Team,Cargill,Gurgaon,2022-07-16,,kaggle_2022
KAGGLE_01204,Data Analyst,Surgical Notes RCM LLC,Noida,2022-07-02,,kaggle_2022
KAGGLE_01205,Eyeota | Business Intelligence Analyst,Eyeota,Remote,2022-07-07,,kaggle_2022
KAGGLE_01206,Business Analyst,Shell,Bangalore,,,kaggle_2022
KAGGLE_01207,Data Analyst,Bombay Play,Bangalore,2022-06-26,,kaggle_2022
KAGGLE_01208,Data Analyst,NEXTWAVE MULTIMEDIA,Chennai,2022-06-26,,kaggle_2022
KAGGLE_01209,Data Analyst,V-Align Technologies,Bangalore,2022-06-26,,kaggle_2022
KAGGLE_01210,MIS Analyst,A & J Global Solutions Private Limited,Hyderabad,2022-07-21,,kaggle_2022
KAGGLE_01211,Senior Data Analyst,Flipkart,Bangalore,2022-06-26,,kaggle_2022
KAGGLE_01212,Data Analyst,Hudson Data,Remote,2022-07-13,,kaggle_2022
KAGGLE_01213,Analyst - Bing,InMobi,Bangalore,2022-07-19,,kaggle_2022
KAGGLE_01214,Sr Data Warehouse Analyst,Honeywell,Bangalore,2022-07-14,,kaggle_2022
KAGGLE_01215,Data Analyst,Targray,Gurgaon,2022-06-26,,kaggle_2022
KAGGLE_01216,Analyst / Sr. Analyst - US Strategy & Research,Deloitte,Gurgaon,2022-07-19,,kaggle_2022
KAGGLE_01217,Data Business Analyst | 3 to 7 years | Mumbai/Bengaluru/Pune,Capgemini,Mumbai,2022-07-24,,kaggle_2022
KAGGLE_01218,Financial Data Analyst - ESG,ZM Financial Systems,Bangalore,2022-07-16,,kaggle_2022
KAGGLE_01219,Data Analyst,HotelHub,Bangalore,2022-06-26,,kaggle_2022
KAGGLE_01220,Business Analyst,EY,Bangalore,2022-06-26,,kaggle_2022
KAGGLE_01221,Data Operation Analyst I ( R- 12502),Dun & Bradstreet,Mumbai,2022-07-14,,kaggle_2022
KAGGLE_01222,Security Analyst,NTT Ltd,Hyderabad,2022-07-22,,kaggle_2022
KAGGLE_01223,MIS - Data Analyst 1,EY,Bangalore,2022-06-26,,kaggle_2022
KAGGLE_01224,Data Analyst,predera,Hyderabad,2022-06-26,,kaggle_2022
KAGGLE_01225,CIB_Client Data Analyst_Operations Specialist,"JPMorgan Chase Bank, N.A.",Hyderabad,,,kaggle_2022
KAGGLE_01226,Financial Data Analyst - SFG,Moody's,Bangalore,2022-07-19,,kaggle_2022
KAGGLE_01227,Data Analyst - BPO / BPM,Zensar Technologies,Pune,2022-07-16,,kaggle_2022
KAGGLE_01228,ITS Tranfer Pricing - Advanced Analyst,EY,Kolkata,2022-07-13,,kaggle_2022
KAGGLE_01229,Senior Clinical Data Analyst,Calyx,Hyderabad,2022-06-26,,kaggle_2022
KAGGLE_01230,Senior Analyst-Data Support L2,Schneider Electric,Gurgaon,2022-06-26,,kaggle_2022
KAGGLE_01231,Data Analyst,"Mojocare, Alpha Digital Health",Bangalore,2022-06-26,,kaggle_2022
KAGGLE_01232,"Business Analyst - Strategy , Research and Product Developme...",Climate Connect,Remote,2022-07-12,,kaggle_2022
KAGGLE_01233,Data Management Analyst,Honeywell,Bangalore,2022-07-12,,kaggle_2022
KAGGLE_01234,Data Analyst or Senior Data Analyst,Mothersonsumi INfotech & Designs,Noida,2022-06-26,,kaggle_2022
KAGGLE_01235,Data Manager - Engineering and BI,Dexndot Solutions,Bangalore,2022-07-20,,kaggle_2022
KAGGLE_01236,Data Security Analyst in MNC,SakeeSoft Pvt Ltd,Bangalore,2022-07-23,,kaggle_2022
KAGGLE_01237,Data Steward Analyst,JLL,Bangalore,2022-07-20,,kaggle_2022
KAGGLE_01238,Data Analyst - Subscription Management,Arcadia,Chennai,2022-06-26,,kaggle_2022
KAGGLE_01239,Data Analyst,Study Group,Noida,2022-06-26,,kaggle_2022
KAGGLE_01240,Data Analyst,TLC,Delhi,2022-06-26,,kaggle_2022
KAGGLE_01241,"Analyst, Data Quality",Evolent Health,Pune,2022-07-19,,kaggle_2022
KAGGLE_01242,Data Scientist / Analyst,Deutsche Bank,Bangalore,2022-06-26,,kaggle_2022
KAGGLE_01243,Data Analyst,Saras Analytics,Hyderabad,2022-06-26,,kaggle_2022
KAGGLE_01244,Business Analyst,E2logy Software Solutions,Noida,2022-07-20,,kaggle_2022
KAGGLE_01245,Engineer Data Analyst,International Centre for Entrepreneurship and...,Ahmedabad,2022-07-05,,kaggle_2022
KAGGLE_01246,Business/Data Analyst Analytics,Grazitti,Mohali,2022-06-26,,kaggle_2022
KAGGLE_01247,Business Analyst,Your Retail Coach,Santacruz,,,kaggle_2022
KAGGLE_01248,Data Scientist (Analyst),Scienaptic Systems,Bangalore,2022-06-26,,kaggle_2022
KAGGLE_01249,Business Analyst I,Amex,Gurgaon,2022-07-21,,kaggle_2022
KAGGLE_01250,Business Analyst,Venture7 Technology Private Limited,Remote,2022-07-26,,kaggle_2022
KAGGLE_01251,Data Governance Solution Analyst,Cargill,Bangalore,2022-07-25,,kaggle_2022
KAGGLE_01252,Data Analyst,Apsidata,Noida,2022-06-26,,kaggle_2022
KAGGLE_01253,Financial Analyst I - Finance and Reporting,Labcorp,Bangalore,,,kaggle_2022
KAGGLE_01254,Senior Product Analyst,Anar App,Remote,2022-06-28,,kaggle_2022
KAGGLE_01255,Business Analyst,Zignuts Technolab pvt. ltd.,Remote,2022-07-21,,kaggle_2022
KAGGLE_01256,TTT- Consultant - Business/data analyst,EY,Bangalore,2022-06-26,,kaggle_2022
KAGGLE_01257,Senior Clinical Data Analyst,Parexel,India,2022-07-12,,kaggle_2022
KAGGLE_01258,Junior Data Mastering Analyst,UBS,Pune,2022-06-26,,kaggle_2022
KAGGLE_01259,Senior Analyst- Risk In Change,Commonwealth Bank,Bangalore,2022-06-26,,kaggle_2022
KAGGLE_01260,Materials Mgmt Analyst I,Honeywell,Bangalore,2022-07-16,,kaggle_2022
KAGGLE_01261,Data and Dialler Analyst,Webhelp,Gurgaon,2022-06-26,,kaggle_2022
KAGGLE_01262,Data Analyst,Anton Tech Private Limited,Chennai,,,kaggle_2022
KAGGLE_01263,Analyst - Data Analytics | Marketing,CashKaro,Gurgaon,2022-06-26,,kaggle_2022
KAGGLE_01264,Business Analyst,Lululemon India Tech Hub,Bangalore,2022-07-06,,kaggle_2022
KAGGLE_01265,Business Analyst,HRK,Bangalore,2022-07-22,,kaggle_2022
KAGGLE_01266,Data Analyst,BridgeLoyalty,Mumbai,2022-06-26,,kaggle_2022
KAGGLE_01267,Data Analyst,MJB Technology Solutions,Pune,2022-06-26,,kaggle_2022
KAGGLE_01268,Business Analyst,iQuest,Pune,2022-07-19,,kaggle_2022
KAGGLE_01269,Database Quality Analyst,Cision,Remote,2022-07-12,,kaggle_2022
KAGGLE_01270,Lead Business Analyst - Data,LifeWorks,Noida,2022-07-21,,kaggle_2022
KAGGLE_01271,Sr. Business Analyst,Tech mahindra,Hyderabad,2022-07-20,,kaggle_2022
KAGGLE_01272,Data Analyst,PayU,Bangalore,2022-07-09,,kaggle_2022
KAGGLE_01273,Product Data Analyst,Carousell Group,Bangalore,2022-07-19,,kaggle_2022
KAGGLE_01274,Political Research Analyst,Buidlnext Infracon Pvt ltd,Hyderabad,2022-07-21,,kaggle_2022
KAGGLE_01275,Senior Reporting Analyst,Siemens,Pune,2022-07-19,,kaggle_2022
KAGGLE_01276,Data Analyst,Zessta,Hyderabad,2022-06-26,,kaggle_2022
KAGGLE_01277,Frontend Data Analyst,Ultimez Technology,Hubli,,,kaggle_2022
KAGGLE_01278,Data Visualization Developer (Tableau Developer),Spinnaker Corporate Advisors,Mumbai,2022-07-25,,kaggle_2022
KAGGLE_01279,Reference Data Analyst,Deutsche Bank,Jaipur,2022-07-02,,kaggle_2022
KAGGLE_01280,Data Analyst - Financial Analyst,Crowe,Noida,,,kaggle_2022
KAGGLE_01281,Data Analyst,BBS,Gurgaon,2022-06-26,,kaggle_2022
KAGGLE_01282,Data Analytics Developer (Junior),FENG GROUP,Mumbai,2022-07-12,,kaggle_2022
KAGGLE_01283,Security Analyst,EY,Thiruvananthapuram,2022-06-26,,kaggle_2022
KAGGLE_01284,Management Trainee / Analyst,Escalent,Noida,2022-07-20,,kaggle_2022
KAGGLE_01285,Business Consultant / Data Analyst,Zensar Technologies,Pune,2022-06-26,,kaggle_2022
KAGGLE_01286,Data Analyst,ZM Financial Systems,Bangalore,2022-07-09,,kaggle_2022
KAGGLE_01287,Data Analyst - BI (Flexi Model Pool),Cacti Global,Remote,2022-07-02,,kaggle_2022
KAGGLE_01288,Lead Analyst Internship For freshers,Redlifealert,Remote,,,kaggle_2022
KAGGLE_01289,"Data Analyst, Trust and Safety, AdSpam",Google,Hyderabad,2022-06-26,,kaggle_2022
KAGGLE_01290,Research Analyst - Benchmarks-7,FactSet Research Systems,Hyderabad,2022-07-22,,kaggle_2022
KAGGLE_01291,Financial Data Analyst,Moody's,Bangalore,2022-07-17,,kaggle_2022
KAGGLE_01292,Sr Data Management Analyst,ZM Financial Systems,Bangalore,2022-07-13,,kaggle_2022
KAGGLE_01293,Research Analyst,Client of SolutionBox,Jaipur,2022-07-19,,kaggle_2022
KAGGLE_01294,Supply Chain Analyst-Contractual 2 years,Pearson,India,2022-07-20,,kaggle_2022
KAGGLE_01295,Data Analyst -3,BK Talent Lease Consulting,Gurgaon,2022-06-26,,kaggle_2022
KAGGLE_01296,Business/Data Analyst,Applied Research Works,Kolkata,2022-06-26,,kaggle_2022
KAGGLE_01297,"Senior Analyst, Data Analysis",Standard Chartered,Chennai,2022-06-26,,kaggle_2022
KAGGLE_01298,Senior Analyst - Global Mobility USI Strategy and Reporting...,Deloitte,Hyderabad,2022-06-26,,kaggle_2022
KAGGLE_01299,Data Analyst - Data and Analytics,Intel,Bangalore,2022-06-26,,kaggle_2022
KAGGLE_01300,Excel Analyst,Navtech,Hyderabad,2022-06-26,,kaggle_2022
KAGGLE_01301,Excel Analyst,Navtech,Hyderabad,2022-06-26,,kaggle_2022
KAGGLE_01302,Data Analyst,Travel Centric Technology,Bangalore,2022-06-26,,kaggle_2022
KAGGLE_01303,Data Analyst,NovoTree Minds Consulting,Bangalore,2022-06-26,,kaggle_2022
KAGGLE_01304,Cyber Security Analyst,Sagar Infotech,Delhi,2022-07-16,,kaggle_2022
KAGGLE_01305,Business Analyst,Ahana Systems and Solutions,Remote,2022-07-03,,kaggle_2022
KAGGLE_01306,Sr Data Analyst - Business Analytics,Gartner,Gurgaon,,,kaggle_2022
KAGGLE_01307,Data Analyst - Life & Health,Munich Re,Mumbai,2022-07-11,,kaggle_2022
KAGGLE_01308,USI-EH22-EA-CMG-Tech CoE-Pursuits Data Analyst-A/SA,Deloitte,Hyderabad,2022-06-26,,kaggle_2022
KAGGLE_01309,Data Analyst,Dataminerz Innovative Solutions,Mumbai,2022-07-23,,kaggle_2022
KAGGLE_01310,Data Analyst,Zuora,Chennai,2022-06-26,,kaggle_2022
KAGGLE_01311,Research Analyst - Product,Xiaomi India,Bangalore,2022-06-26,,kaggle_2022
KAGGLE_01312,Markets Data Management Senior Analyst,NatWest Group,Gurgaon,2022-07-01,,kaggle_2022
KAGGLE_01313,Business Analyst - Remote,Leena AI India Pvt Ltd,Bangalore,2022-07-23,,kaggle_2022
KAGGLE_01314,Senior Data Processing Analyst - Report Services,NielsenIQ,Chennai,2022-07-15,,kaggle_2022
KAGGLE_01315,Analyst - Ops Risk & Compliance - Line 1,Commonwealth Bank,Bangalore,2022-07-08,,kaggle_2022
KAGGLE_01316,Data Analyst,UBS,Mumbai,2022-06-26,,kaggle_2022
KAGGLE_01317,Data Management Analyst,Barclays,Pune,2022-06-26,,kaggle_2022
KAGGLE_01318,"Analyst , Data Change Management",Standard Chartered,Chennai,2022-06-26,,kaggle_2022
KAGGLE_01319,Quality and Data Governance Analyst II,S&P Global,Gurgaon,2022-07-12,,kaggle_2022
KAGGLE_01320,Capabilities and Insights Analyst_Insurance Actuarial Scienc...,McKinsey & Company,Gurgaon,2022-07-22,,kaggle_2022
KAGGLE_01321,Data Analyst Lead | Connecticut,Photon,Bangalore,2022-07-16,,kaggle_2022
KAGGLE_01322,IBO Business Analytics – Business & Data Analyst,Orange Business Services,Mumbai,2022-07-15,,kaggle_2022
KAGGLE_01323,Data Analytics,E2E Infoware Management Services,Bangalore,2022-06-26,,kaggle_2022
KAGGLE_01324,Data reporting analyst,Regalix,Hyderabad,2022-06-26,,kaggle_2022
KAGGLE_01325,Data Analyst,Open Secret,Mumbai,2022-06-26,,kaggle_2022
KAGGLE_01326,"Liquidity Data Governance Analyst, Senior Associate",State Street,Bangalore,2022-07-21,,kaggle_2022
KAGGLE_01327,Analyst-GDC,KPMG,Bangalore,2022-07-23,,kaggle_2022
KAGGLE_01328,Senior Data Analyst,VIBA PURSUITS PVT LTD,Hyderabad,2022-07-21,,kaggle_2022
KAGGLE_01329,"Data Analyst, Seller Growth and Retention",ASSPL - Karnataka,Bangalore,,,kaggle_2022
KAGGLE_01330,KX Reporting & Analytics - Analyst,Deloitte,Bangalore,2022-06-30,,kaggle_2022
KAGGLE_01331,Data Tranformation Analyst II,S&P Global,Gurgaon,2022-06-26,,kaggle_2022
KAGGLE_01332,Financial Data Analyst - ESG,Moody's,Bangalore,2022-07-14,,kaggle_2022
KAGGLE_01333,Monitoring & Evaluation Analyst,CIMMYT,Patna,2022-06-26,,kaggle_2022
KAGGLE_01334,Senior Business Analyst,Trane Technologies,Delhi,2022-06-26,,kaggle_2022
KAGGLE_01335,Data Governance Analyst,Crowe,Noida,2022-06-26,,kaggle_2022
KAGGLE_01336,Sr. Data Analyst,Grameen Foundation,Delhi,2022-06-26,,kaggle_2022
KAGGLE_01337,Financial Data Analyst - Banking,Moody's Investors Service,Bangalore,2022-07-26,,kaggle_2022
KAGGLE_01338,Data Analyst For Associate & Senior Associate - COSI Team,Apex Group,Bangalore,2022-07-22,,kaggle_2022
KAGGLE_01339,Data Analyst Tableau,Apps Associates,Gurgaon,2022-06-26,,kaggle_2022
KAGGLE_01340,Senior Data Analyst,ISG Elastomers,Vasai,2022-07-05,,kaggle_2022
KAGGLE_01341,Python Data Analyst - Coimbatore Location,Cognizant,Chennai,2022-07-14,,kaggle_2022
KAGGLE_01342,Jr. Data Analyst,Armorblox,Bangalore,2022-06-26,,kaggle_2022
KAGGLE_01343,Senior Analyst - Referential Data,Société Générale,Chennai,2022-07-06,,kaggle_2022
KAGGLE_01344,Ref Data Mgmt Analyst 1 - C09,Citi,Gurgaon,2022-06-26,,kaggle_2022
KAGGLE_01345,Senior Consultant - Data Analyst,Thoughtworks,Bangalore,,,kaggle_2022
KAGGLE_01346,Data Analyst,Vimaan Robotics,Bangalore,2022-06-26,,kaggle_2022
KAGGLE_01347,Data Analyst ( Aurangabad),MAN Energy Solutions,India,2022-06-26,,kaggle_2022
KAGGLE_01348,Data Analyst,iSageBrum Technologies Pvt Ltd,Ahmedabad,2022-07-12,,kaggle_2022
KAGGLE_01349,Data Analyst,Luxoft,Pune,2022-06-26,,kaggle_2022
KAGGLE_01350,Data Analyst / Data Scientist,CoffeeBeans Consulting,Bangalore,2022-07-07,,kaggle_2022
KAGGLE_01351,Analyst – Employee Data Management,PhonePe,Bangalore,2022-06-26,,kaggle_2022
KAGGLE_01352,Business Analyst | BA-42,Blockseed,Indore,2022-07-20,,kaggle_2022
KAGGLE_01353,Data analysis and Steering,BK Talent Lease Consulting,Delhi,2022-06-26,,kaggle_2022
KAGGLE_01354,Data analysis and Steering,BK Talent Lease Consulting,Delhi,2022-06-26,,kaggle_2022
KAGGLE_01355,Data Analyst/Senior Data Analyst,Maersk,Pune,2022-06-30,,kaggle_2022
KAGGLE_01356,Business Analyst,DuckTale IT Services Pvt Ltd,Sahibzada Ajit Singh Nagar,2022-07-22,,kaggle_2022
KAGGLE_01357,Analyst (Risk and Control),Morgan Stanley,Mumbai,2022-07-08,,kaggle_2022
KAGGLE_01358,Data Assurance Transparency_Data Analytics_Senior Associate,PwC,Kolkata,2022-07-20,,kaggle_2022
KAGGLE_01359,PDM Data Analyst,Schneider Electric,Bangalore,2022-06-26,,kaggle_2022
KAGGLE_01360,Data Analyst,CreditAccess Grameen,Bangalore,2022-06-26,,kaggle_2022
KAGGLE_01361,Data Analyst (ONSITE – EUROPE),Squalas,Hyderabad,2022-06-26,,kaggle_2022
KAGGLE_01362,Data Analyst - 7129,ION,Noida,2022-06-26,,kaggle_2022
KAGGLE_01363,Associate Data Analyst,WebMD,Mumbai,2022-06-26,,kaggle_2022
KAGGLE_01364,Business Analyst / Data Analyst,IBST Private Limited,Bangalore,2022-06-26,,kaggle_2022
KAGGLE_01365,Data Analyst,Apps Associates,Gurgaon,2022-06-26,,kaggle_2022
KAGGLE_01366,Business Analyst ( Mandatory 3 to 4yrs Experience required ),TGS the global skills,Gurgaon,2022-07-20,,kaggle_2022
KAGGLE_01367,Senior Data Migration Analyst,Q2ebanking,Bangalore,2022-07-20,,kaggle_2022
KAGGLE_01368,Data Analyst,DS Smith,Delhi,2022-06-26,,kaggle_2022
KAGGLE_01369,Business Data Analyst,mPower Software Services,Bangalore,2022-06-26,,kaggle_2022
KAGGLE_01370,Order Management & Procurement Data Analyst,Motorola Solutions,Bangalore,2022-06-26,,kaggle_2022
KAGGLE_01371,Market Research Analyst,NPPD CARE,Remote,2022-07-25,,kaggle_2022
KAGGLE_01372,Data Analyst,PlusWealth Capital Management,Gurgaon,2022-06-26,,kaggle_2022
KAGGLE_01373,Data Management and Delivery Analyst 1,JLL,Bangalore,2022-06-26,,kaggle_2022
KAGGLE_01374,Data Engineer: Business Intelligence,IBM,Bangalore,2022-07-14,,kaggle_2022
KAGGLE_01375,Data Analyst- Growth,Skill-Lync,Remote,2022-06-26,,kaggle_2022
KAGGLE_01376,Data Analyst | 5 to 7 Years | Mumbai,Capgemini,Mumbai,2022-06-30,,kaggle_2022
KAGGLE_01377,"Data Analyst, India",Criteo,Remote,2022-06-26,,kaggle_2022
KAGGLE_01378,Rpa Business Analyst,Tech Mahindra Business Services Limited,Chennai,2022-07-15,,kaggle_2022
KAGGLE_01379,Data And Analytics - CRL 2.0 Data Science,EY,Bangalore,2022-07-13,,kaggle_2022
KAGGLE_01380,Business Management Analyst,EY,Bangalore,2022-07-16,,kaggle_2022
KAGGLE_01381,Business Analyst,CareerLabs,Bangalore,2022-07-13,,kaggle_2022
KAGGLE_01382,Operations Data Analyst,Alkegen,Pune,2022-06-26,,kaggle_2022
KAGGLE_01383,Data Visualisation Analyst,Pulsus Group,Hyderabad,2022-06-26,,kaggle_2022
KAGGLE_01384,Data Analyst,VELLOM INFOTECH,Jalandhar,2022-07-19,,kaggle_2022
KAGGLE_01385,Data Analyst,Logicsoft International,Delhi,2022-06-26,,kaggle_2022
KAGGLE_01386,Logistics Transportation analyst and IT Expert,Bosch Group,Bangalore,2022-07-19,,kaggle_2022
KAGGLE_01387,Senior Analyst,Arthur J. Gallagher,Bangalore,2022-07-20,,kaggle_2022
KAGGLE_01388,Digital Forensics Analyst (Junior),FENG GROUP,Chennai,2022-07-22,,kaggle_2022
KAGGLE_01389,FCSO Data Quality Analyst,Standard Chartered,Bangalore,2022-06-26,,kaggle_2022
KAGGLE_01390,"Product Analyst, Data Science, Engineering",Google,Bangalore,2022-06-26,,kaggle_2022
KAGGLE_01391,DATA ANALYST,Cityinfo Services,Bangalore,2022-06-26,,kaggle_2022
KAGGLE_01392,Data Governance Analyst,Principal Global Services,Hyderabad,2022-06-26,,kaggle_2022
KAGGLE_01393,Business Analyst,Milkyway Infotech Pvt. Ltd.,Noida,2022-07-22,,kaggle_2022
KAGGLE_01394,Data Privacy Analyst,Flex,Pune,2022-06-26,,kaggle_2022
KAGGLE_01395,Operate Services - Data Analytics - Associate 2 - Bangalore,PwC,Bangalore,2022-06-28,,kaggle_2022
KAGGLE_01396,Data Analyst,Falcon Smart IT,Chennai,2022-06-26,,kaggle_2022
KAGGLE_01397,ArcGIS Data Modeler-Analyst/Consultant-Hyderabad/Bengaluru/M...,Deloitte,Bangalore,2022-06-30,,kaggle_2022
KAGGLE_01398,Data Insights Analyst,The Economist Newspaper Limited,Gurgaon,2022-06-26,,kaggle_2022
KAGGLE_01399,Data Analyst,Mantras2Success consultants,Mumbai,2022-07-20,,kaggle_2022
KAGGLE_01400,Business Analyst Oracle,Excellence and Eminence LLP,Bangalore,2022-07-23,,kaggle_2022
KAGGLE_01401,Intern Data Analyst,AIMLEAP Full-Stack Techies,Bangalore,2022-06-26,,kaggle_2022
KAGGLE_01402,Global Data Analyst,Lloyd's Register Group,Mumbai,2022-07-14,,kaggle_2022
KAGGLE_01403,Lead Data Governance Analyst,Barclays,Pune,2022-07-22,,kaggle_2022
KAGGLE_01404,Business Analyst,ART OF LIVING HUMAN RESOURCES,Bangalore,2022-07-16,,kaggle_2022
KAGGLE_01405,Risk Assurance_Data Analytics_Senior Associate_Bangalore (Re...,PwC,Bangalore,2022-06-26,,kaggle_2022
KAGGLE_01406,Pricing Analyst,Global Electronics,Pune,2022-07-20,,kaggle_2022
KAGGLE_01407,Power BI Developer,TheMaverics Technologies,Mumbai,2022-07-26,,kaggle_2022
KAGGLE_01408,"Senior Auditor, Data Analytics",NatWest Group,Gurgaon,,,kaggle_2022
KAGGLE_01409,Senior Data Analyst,Postman,Remote,2022-06-26,,kaggle_2022
KAGGLE_01410,Data Analyst,IronList,Ahmedabad,2022-06-26,,kaggle_2022
KAGGLE_01411,Sr. Data Analyst,eTeam InfoServices Pvt. Ltd,Pune,2022-07-23,,kaggle_2022
KAGGLE_01412,Senior Data Analyst,AIMLEAP,India,2022-06-26,,kaggle_2022
KAGGLE_01413,Business Analyst,PlaySimple Games,Bangalore,2022-07-14,,kaggle_2022
KAGGLE_01414,Equity Analyst,Value Research India,Noida,2022-07-05,,kaggle_2022
KAGGLE_01415,Data Insights Analyst,Clearstate Pte. Ltd,Gurgaon,2022-06-26,,kaggle_2022
KAGGLE_01416,Advisory-Consulting-Data Analytics-Associate 2-Bangalore,PwC,Bangalore,2022-06-26,,kaggle_2022
KAGGLE_01417,Data Engineer / Data Analyst,Adglobal360 India,Gurgaon,2022-06-26,,kaggle_2022
KAGGLE_01418,AVP - Data Analyst,Barclays,Pune,2022-07-24,,kaggle_2022
KAGGLE_01419,Data Analyst,Bar Code India,Gurgaon,2022-06-26,,kaggle_2022
KAGGLE_01420,"Remote Data Analyst (Tableau, Qlikview, Spotfire, and PowerB...",Turing,Remote,2022-07-22,,kaggle_2022
KAGGLE_01421,"Data Analyst, Weather/Altitude Network",NextNav,Bangalore,2022-06-26,,kaggle_2022
KAGGLE_01422,Research Science Analyst_Global Payments Map_Gurugram,McKinsey & Company,Gurgaon,2022-07-22,,kaggle_2022
KAGGLE_01423,Lead Data Analyst,PowerSchool Group LLC,Bangalore,2022-07-09,,kaggle_2022
KAGGLE_01424,Banking.Data Management Analyst,Citco,Hyderabad,2022-06-26,,kaggle_2022
KAGGLE_01425,"Senior Data Analyst, ICE Bonds",Intercontinental Exchange,Hyderabad,2022-07-21,,kaggle_2022
KAGGLE_01426,Data Analyst,Carlson Wagonlit Travel,Gurgaon,2022-06-26,,kaggle_2022
KAGGLE_01427,Data Analyst,GO MO Group,Pune,2022-06-26,,kaggle_2022
KAGGLE_01428,"Data Analyst - Payments, Cards & EToll",IDFC FIRST Bank,Mumbai,2022-06-28,,kaggle_2022
KAGGLE_01429,Data Analyst,HRhelpdesk,Bangalore,2022-06-26,,kaggle_2022
KAGGLE_01430,USI-EH23-EA-GTLO-Talent Program Support - Analyst,Deloitte,Hyderabad,2022-06-29,,kaggle_2022
KAGGLE_01431,Power BI Developer,citius tech,Remote,2022-07-08,,kaggle_2022
KAGGLE_01432,Customer Service Analyst,Amex,Gurgaon,2022-07-20,,kaggle_2022
KAGGLE_01433,Business Analyst,Q UP APP- 3409Tech venture pvt. ltd,Pune,2022-07-23,,kaggle_2022
KAGGLE_01434,Data Analyst - Senior Associate 2,PwC,Bangalore,2022-06-26,,kaggle_2022
KAGGLE_01435,Business Analyst,Paytm,Bangalore,2022-06-26,,kaggle_2022
KAGGLE_01436,Divisional Risk and Control Analyst,Deutsche Bank,Jaipur,2022-07-22,,kaggle_2022
KAGGLE_01437,CRM Database Administrator/Analyst,c3controls,Mumbai,,,kaggle_2022
KAGGLE_01438,Business Analyst,Société Générale,Bangalore,2022-07-23,,kaggle_2022
KAGGLE_01439,Senior Business Analyst,ixigo,Haryana,2022-07-26,,kaggle_2022
KAGGLE_01440,Analyst-Supply chain management,Accenture,Chennai,,,kaggle_2022
KAGGLE_01441,Analyst - Global Business Operations,InMobi,Bangalore,2022-07-07,,kaggle_2022
KAGGLE_01442,Senior Data Analyst (Panel),YouGov,Mumbai,2022-07-23,,kaggle_2022
KAGGLE_01443,BI Data Analyst,Lingaro Group,Remote,2022-06-26,,kaggle_2022
KAGGLE_01444,Data Analyst,CarDekho,Gurgaon,2022-06-26,,kaggle_2022
KAGGLE_01445,Business Analyst- CSU,Ameriprise Financial,Gurgaon,2022-07-02,,kaggle_2022
KAGGLE_01446,Senior Data Analyst- Machine Learning,Oracle,Bangalore,2022-06-26,,kaggle_2022
KAGGLE_01447,PPC Analyst,CedCommerce,Lucknow,2022-06-26,,kaggle_2022
KAGGLE_01448,Talent Data and Analytics Coordinator -Analyst,Deloitte,Hyderabad,2022-06-26,,kaggle_2022
KAGGLE_01449,Data Analysts & Market Research,Razorpod,Gurgaon,2022-07-23,,kaggle_2022
KAGGLE_01450,Data Analyst,BCD Travel Corporate,Bangalore,2022-06-26,,kaggle_2022
KAGGLE_01451,Data Analyst,Cisco Systems,Bangalore,2022-07-04,,kaggle_2022
KAGGLE_01452,Data Processing Analyst I,"Arrow Electronics, Inc.",Delhi,2022-06-26,,kaggle_2022
KAGGLE_01453,Capacity Planning Data Analyst,Johnson Controls,Pune,2022-07-09,,kaggle_2022
KAGGLE_01454,Senior Data Processing Analyst- Omnishopper,NielsenIQ,Chennai,2022-07-16,,kaggle_2022
KAGGLE_01455,Sr. Analyst - Accounting Data Management,WNS India,Bangalore,2022-07-20,,kaggle_2022
KAGGLE_01456,Data Analyst - Power Systems Engineering,Cyient,Hyderabad,2022-07-16,,kaggle_2022
KAGGLE_01457,Operations Analyst,"Nomura Holdings, Inc.",India,,,kaggle_2022
KAGGLE_01458,Business Analyst - Project Management (Exp),Applicate IT Solutions,Gurgaon,,,kaggle_2022
KAGGLE_01459,Freelance Data Analytics,Analytics Squad,Noida,2022-06-26,,kaggle_2022
KAGGLE_01460,Data Migration DB2 Analyst/Consultant,Deloitte,Chennai,2022-06-26,,kaggle_2022
KAGGLE_01461,Lead Data Analyst - Payments,Careers at Tide,Delhi,2022-07-17,,kaggle_2022
KAGGLE_01462,Data Analyst (Overnight),24-7 Intouch,Hyderabad,2022-06-26,,kaggle_2022
KAGGLE_01463,Data Analyst - Audit,Ivy CompTech,Hyderabad,2022-06-26,,kaggle_2022
KAGGLE_01464,Data Technical Analyst (Risk DMO),UBS,Mumbai,2022-07-21,,kaggle_2022
KAGGLE_01465,Content Analyst - Drug Forecast,Ex Libris,Hyderabad,2022-07-15,,kaggle_2022
KAGGLE_01466,Business Analyst,Larsen & Toubro Infotech Limited,Chennai,2022-06-26,,kaggle_2022
KAGGLE_01467,Data Analyst,Airtel India,Gurgaon,2022-06-26,,kaggle_2022
KAGGLE_01468,Business Analyst,ConcertAI,Bangalore,2022-07-23,,kaggle_2022
KAGGLE_01469,Business Analyst,Uber,Hyderabad,2022-06-26,,kaggle_2022
KAGGLE_01470,Business Analyst,ConcertAI,Bangalore,2022-07-23,,kaggle_2022
KAGGLE_01471,Business Analyst,Uber,Hyderabad,2022-06-26,,kaggle_2022
KAGGLE_01472,"Business System Analyst, Data Management",Google,Bangalore,2022-06-26,,kaggle_2022
KAGGLE_01473,Data warehouse Business Analyst,Codvo.ai,Pune,2022-06-26,,kaggle_2022
KAGGLE_01474,"Scaled Abuse Analyst, YouTube",YouTube,Hyderabad,2022-07-02,,kaggle_2022
KAGGLE_01475,MIS Data Analyst - Fintech,Mantras2Success consultants,Hyderabad,2022-06-26,,kaggle_2022
KAGGLE_01476,Business Analyst,WebMobril Technologies,Noida,2022-07-17,,kaggle_2022
KAGGLE_01477,Agile business Analyst,Maruti Suzuki India Ltd,Gurgaon,2022-07-01,,kaggle_2022
KAGGLE_01478,Quality Analyst,ADCI - Tamil Nadu,Chennai,,,kaggle_2022
KAGGLE_01479,Internal Audit-BENGALURU-Analyst-Data Analytics,Goldman Sachs,Bangalore,2022-06-26,,kaggle_2022
KAGGLE_01480,Data Analyst,AaNeel,Ahmedabad,2022-06-26,,kaggle_2022
KAGGLE_01481,Business Data Analyst - ETL,AstraZeneca,Chennai,2022-07-20,,kaggle_2022
KAGGLE_01482,Call Center Operations Analyst I,FIS Global,Gurgaon,2022-07-15,,kaggle_2022
KAGGLE_01483,CIB - Client Data Analyst,"JPMorgan Chase Bank, N.A.",Mumbai,2022-07-07,,kaggle_2022
KAGGLE_01484,Genome Analyst,MedGenome Labs,India,2022-06-26,,kaggle_2022
KAGGLE_01485,USI-EH23-DTTL(MF)-CA M&NSO-CRM Data Governance-Analyst,Deloitte,Hyderabad,2022-06-28,,kaggle_2022
KAGGLE_01486,Data Analyst,NEXTracker,Hyderabad,2022-06-26,,kaggle_2022
KAGGLE_01487,Data Analyst/Associate Analyst,PRS Legislative Research,Delhi,2022-06-26,,kaggle_2022
KAGGLE_01488,Power BI Developer,Cygnux Softtech Pvt. Ltd.,Surat,2022-07-18,,kaggle_2022
KAGGLE_01489,Data mining analyst (Part,Arsh Biotech,India,2022-06-26,,kaggle_2022
KAGGLE_01490,"Analyst, Analytics & Metric",MasterCard,Pune,2022-06-26,,kaggle_2022
KAGGLE_01491,Business Analyst - Payments,Oracle,Bangalore,2022-06-26,,kaggle_2022
KAGGLE_01492,HR Data Management Analyst,GSK,Bangalore,2022-06-26,,kaggle_2022
KAGGLE_01493,Reporting Specialist-Analyst,Deloitte,Bangalore,2022-06-26,,kaggle_2022
KAGGLE_01494,Data Analyst,Iron Systems,Noida,2022-06-26,,kaggle_2022
KAGGLE_01495,Data Engineer Analyst Customer Analytics,"JPMorgan Chase Bank, N.A.",Hyderabad,2022-07-19,,kaggle_2022
KAGGLE_01496,KYC Pipeline Analyst – Associate,Deutsche Bank,Bangalore,,,kaggle_2022
KAGGLE_01497,Patient Cloud - Data Analyst,Dassault Systèmes,Pune,2022-06-26,,kaggle_2022
KAGGLE_01498,Data Analyst,Lithium Urban Technologies,Bangalore,2022-06-26,,kaggle_2022
KAGGLE_01499,Power BI Reporting Analyst,Right Head India,Remote,2022-07-23,,kaggle_2022
KAGGLE_01500,Data Analyst,Orcapod,Bangalore,2022-06-30,,kaggle_2022
KAGGLE_01501,Business Analyst: ADM,IBM,Gurgaon,2022-07-20,,kaggle_2022
KAGGLE_01502,Market Research Analyst,SafeGuard Global,India,2022-07-20,,kaggle_2022
KAGGLE_01503,Data Governance Analyst,Quacquarelli Symonds,Mumbai,2022-07-15,,kaggle_2022
KAGGLE_01504,Data Analyst,WHITE FORCE OUTSOURCING SERVICES PRIVATE LIMITED,Hyderabad,2022-06-26,,kaggle_2022
KAGGLE_01505,Data Analyst (Power BI),Helius Technologies,India,2022-06-26,,kaggle_2022
KAGGLE_01506,Senior Data Management and Delivery Analyst,JLL,Bangalore,2022-07-02,,kaggle_2022
KAGGLE_01507,Business Analyst,XY Retail,Mangalore,2022-07-22,,kaggle_2022
KAGGLE_01508,Statistical Analyst,Eli Lilly,Bangalore,2022-07-11,,kaggle_2022
KAGGLE_01509,Sr Quality and Data Governance Analyst I,S&P Global,Hyderabad,2022-07-12,,kaggle_2022
KAGGLE_01510,Jr. Data Analyst - R/ Python/ Power BI,Cacti Global,Mumbai,2022-07-02,,kaggle_2022
KAGGLE_01511,Data Analyst,Crypto Mize,Delhi,2022-06-26,,kaggle_2022
KAGGLE_01512,Data/Information Mgt Analyst,Citi,Mumbai,2022-07-19,,kaggle_2022
KAGGLE_01513,Data Quality Analyst,Standard Chartered,Chennai,2022-06-26,,kaggle_2022
KAGGLE_01514,Project Analyst,Aprameya Engineering Limited,Ahmedabad,2022-07-23,,kaggle_2022
KAGGLE_01515,Data Analyst,Garrett Advancing Motion,Madurai,2022-06-26,,kaggle_2022
KAGGLE_01516,Database Developer/Analyst - Permanent Remote -,Alpha Net Technologies Pvt Ltd,Pune,2022-07-22,,kaggle_2022
KAGGLE_01517,Data Analyst & Quality Lead,NOKIA,Bangalore,2022-07-15,,kaggle_2022
KAGGLE_01518,Senior Video Analyst Day Shift,Innovary Technologies,Bangalore,2022-07-26,,kaggle_2022
KAGGLE_01519,Operations Analyst,Cargill,Bangalore,2022-07-14,,kaggle_2022
KAGGLE_01520,"Policy Analyst, India Country Program",IISD,Delhi,2022-07-20,,kaggle_2022
KAGGLE_01521,"Business Analyst - Analytics, Strategy & Operations - Mercha...",OPTnation,Delhi,2022-07-22,,kaggle_2022
KAGGLE_01522,Data Analyst / Senior Analyst - Digital Product,Amex,Gurgaon,2022-06-26,,kaggle_2022
KAGGLE_01523,Senior Data Analyst-Process Mining,Reckitt,Hyderabad,2022-06-26,,kaggle_2022
KAGGLE_01524,Advisory-Deals-FDD-Data Analytics-Associate 2-Kolkata,PwC,Kolkata,2022-07-21,,kaggle_2022
KAGGLE_01525,Supply Chain Analyst,GLOBALFOUNDRIES,Bangalore,2022-07-22,,kaggle_2022
KAGGLE_01526,"Analyst, Data Governance",Standard Chartered,Bangalore,2022-06-26,,kaggle_2022
KAGGLE_01527,Immigration Analyst,Deloitte,Hyderabad,2022-06-26,,kaggle_2022
KAGGLE_01528,Data & MIS Analyst,HRhelpdesk,Mumbai,2022-06-26,,kaggle_2022
KAGGLE_01529,Business Analyst,Neosoft Technologies,Mumbai,,,kaggle_2022
KAGGLE_01530,Business Analyst,MedTourEasy,Delhi,2022-06-26,,kaggle_2022
KAGGLE_01531,Head Data Analytics,Strategic Talent Partner,Noida,2022-06-26,,kaggle_2022
KAGGLE_01532,Project Management Analyst,Deutsche Bank,Bangalore,2022-07-15,,kaggle_2022
KAGGLE_01533,Senior Data Analyst,GrepTech Solutions,Chennai,2022-07-15,,kaggle_2022
KAGGLE_01534,Operations Analyst- Online,PhonePe,Bangalore,2022-07-08,,kaggle_2022
KAGGLE_01535,Senior Analyst-Data Maintenance,Accenture,Bangalore,2022-07-20,,kaggle_2022
KAGGLE_01536,"Analyst I, Global Financial Data Operations",Kroll,Mumbai,2022-07-21,,kaggle_2022
KAGGLE_01537,Team Lead - Data Analytics,Saras Analytics,Hyderabad,2022-06-26,,kaggle_2022
KAGGLE_01538,Business Intelligence Manager,CASEY FOODS OPC PVT LTD.,Cuttack,2022-07-24,,kaggle_2022
KAGGLE_01539,HR Analyst,Flex-I Partners,Bangalore,2022-07-08,,kaggle_2022
KAGGLE_01540,Data Analyst,TARGET,Bangalore,2022-07-03,,kaggle_2022
KAGGLE_01541,Sr. Analyst - Research & Insights - Investment Management Re...,Deloitte,Mumbai,2022-07-25,,kaggle_2022
KAGGLE_01542,Data Analyst,Skyleaf Consultants,Pune,2022-07-06,,kaggle_2022
KAGGLE_01543,Data Analyst-Python (R5582),Avalara,Pune,2022-07-02,,kaggle_2022
KAGGLE_01544,Cross-Border E-Commerce Product Research and Data Analytics...,FENG GROUP,Remote,2022-07-13,,kaggle_2022
KAGGLE_01545,Data Domain Governance Analyst,Barclays,Delhi,2022-06-26,,kaggle_2022
KAGGLE_01546,AML Analyst Position at Contis / Solaris,Contis / Solaris,Chennai,2022-07-23,,kaggle_2022
KAGGLE_01547,CIB_Data Capture/ Cheque Processing / Transaction Processing...,"JPMorgan Chase Bank, N.A.",Bangalore,2022-07-13,,kaggle_2022
KAGGLE_01548,Senior Data Developer/Analyst,Ford Global Business Services,Chennai,2022-07-12,,kaggle_2022
KAGGLE_01549,Data Analyst,Stellapps Technologies,Bangalore,2022-06-26,,kaggle_2022
KAGGLE_01550,Analyst-Transaction risk management,Accenture,Bangalore,,,kaggle_2022
KAGGLE_01551,Market Risk Analyst,Deutsche Bank,Pune,,,kaggle_2022
KAGGLE_01552,Medical Billing Service RCM Senior Analyst - Work From Home,Vericle,Remote,2022-06-26,,kaggle_2022
KAGGLE_01553,IFS-IFS Central Services-Data Analyst- Senior Associate 2-Ko...,PwC,Kolkata,2022-06-26,,kaggle_2022
KAGGLE_01554,Data Analyst –Corporate Sustainability - Automotive,Fermi Spectra Enterprises Private Limited,Remote,2022-07-06,,kaggle_2022
KAGGLE_01555,Global Demand Planning & Inventory Analyst,NEXTracker,Hyderabad,,,kaggle_2022
KAGGLE_01556,Sr. Data Analyst,NEWJ,Mumbai,2022-06-26,,kaggle_2022
KAGGLE_01557,Fraud Risk Analyst 1 1,Worldline,Chennai,2022-06-26,,kaggle_2022
KAGGLE_01558,IT Business Analyst,Shaurya Technosoft Pvt Ltd,Pune,2022-07-25,,kaggle_2022
KAGGLE_01559,Quality Analyst,Shine Web Services,Mohali,2022-07-22,,kaggle_2022
KAGGLE_01560,Senior Analyst (Data/Product/Business),Epifi Technologies,Bangalore,2022-06-26,,kaggle_2022
KAGGLE_01561,Cyber Security Risk and Compliance- Analyst/Senior Analyst,Deloitte,Bangalore,2022-06-26,,kaggle_2022
KAGGLE_01562,Urjent Hiring for Data Analyst,K D Groups,Bahadurgarh,2022-06-26,,kaggle_2022
KAGGLE_01563,Data Analyst,TELUS International,Mumbai,2022-06-26,,kaggle_2022
KAGGLE_01564,Data Analyst,Zensar Technologies,Pune,2022-06-29,,kaggle_2022
KAGGLE_01565,Data Analyst (Experienced),Orbio solutions,Bangalore,2022-06-26,,kaggle_2022
KAGGLE_01566,MIS Analyst (Logistics),Trucknetic (Savir Logistics Pvt Ltd),Delhi,2022-07-23,,kaggle_2022
KAGGLE_01567,CMG - GPS - Marketing - Analyst - Data Analytics,Deloitte,Hyderabad,2022-06-26,,kaggle_2022
KAGGLE_01568,Business Analyst,Zenatix,Gurgaon,2022-07-19,,kaggle_2022
KAGGLE_01569,Operations Analyst,Glaucus Logistics,Delhi,2022-07-21,,kaggle_2022
KAGGLE_01570,Data Analyst with Business drive,Lingaro Group,Remote,2022-06-26,,kaggle_2022
KAGGLE_01571,Analyst Master Data Management,GLOBALFOUNDRIES,Bangalore,2022-06-26,,kaggle_2022
KAGGLE_01572,Data Analyst,PT Commeasure Solutions Indonesia (Reddoorz),India,2022-06-26,,kaggle_2022
KAGGLE_01573,Data Analyst,DAT,Bangalore,2022-06-26,,kaggle_2022
KAGGLE_01574,Data Analyst - Regulatory Risk and Finance,Macquarie Group Limited,Gurgaon,2022-06-26,,kaggle_2022
KAGGLE_01575,Sr. Data Analyst,Oportun Inc,Remote,2022-06-26,,kaggle_2022
KAGGLE_01576,Data Analyst,Voiceover,Gurgaon,2022-06-26,,kaggle_2022
KAGGLE_01577,Business Analyst - Manuel Testing,Larsen & Toubro Infotech Limited,Hyderabad,2022-06-26,,kaggle_2022
KAGGLE_01578,Business Analyst-Business Intelligence,"Netrika, Consulting and Investigations",Gurgaon,2022-07-13,,kaggle_2022
KAGGLE_01579,Learning Integration-Analyst/Senior Analyst,Deloitte,Bangalore,2022-07-20,,kaggle_2022
KAGGLE_01580,Business Analyst,Shri Ramswaroop Digital Technologies Pvt. Ltd.,Lucknow,2022-07-22,,kaggle_2022
KAGGLE_01581,Research Analyst - Central Events (Hybrid),Janes,Bangalore,2022-07-06,,kaggle_2022
KAGGLE_01582,Program Research Analyst – Sustainable Cities and Transport,WRI India,Mumbai,2022-07-08,,kaggle_2022
KAGGLE_01583,Data Analyst,Angara E-Commerce Pvt Ltd,Jaipur,2022-07-07,,kaggle_2022
JOBSEARCH_158,Data Analyst,Memologs,Delhi,2026-08-26,Full-time,indeed_2026
JOBSEARCH_168,Data Scientist,Vodafone,Pune,2026-07-08,Full-time,indeed_2026
JOBSEARCH_172,Associate Data Scientist,Optum,Pune,2026-06-17,Full-time,indeed_2026
JOBSEARCH_174,Data Science- AIML,Citi,Pune,2026-08-25,Full-time,indeed_2026
