job_id,title,company,city,posted_date,job_type,source,description
JOBSEARCH_118,"Data Analyst - Fresher","Simply Vyapar Apps Private Limited","Bangalore","2026-07-14","Fresher","indeed_2026","We are looking for a passionate and detail-oriented Data Analyst (Fresher). Key Responsibilities: Collect, clean, and transform raw data into usable formats. Analyze large datasets to extract actionable insights and trends. Create dashboards and visualizations using tools like Power BI, Tableau. Support data-driven decision-making. Requirements: Proficiency in Excel, SQL, and at least one data visualization tool (Power BI / Tableau). Basic understanding of Python or R for data analysis. Good to have: ETL processes, Google Analytics."
JOBSEARCH_119,"Data Analyst","ALSTOM","Bangalore","2026-08-05","Full-time","indeed_2026","Driving end-to-end data analysis, automation, and reporting. Designing and implementing automation solutions using tools like UiPath, Automation Anywhere, and Microsoft Power Automate. Developing and maintaining interactive dashboards using Microsoft Power BI and Tableau. Performing advanced data analysis using SQL. Applying data science techniques like statistical modeling, forecasting, and machine learning using Python or R. Proficiency in SQL, Microsoft Excel, and BI tools like Power BI, Tableau, or Qlik Sense."
JOBSEARCH_120,"Data Analyst","Indium software","Bangalore","2026-04-20","Permanent","indeed_2026","Analyze large datasets to identify trends, patterns, and actionable insights. Write efficient and optimized SQL queries for data extraction and manipulation. Use advanced Python (Pandas, NumPy) for data analysis, automation, and modeling. Work extensively with Google Sheets for reporting. Required Skills: Strong proficiency in SQL. Advanced knowledge of Python (Pandas, NumPy). Hands-on experience with Google Sheets."
JOBSEARCH_128,"Data Scientist","Cisco","Bangalore","2026-08-25","Full-time","indeed_2026","Design and develop high-impact AI/ML solutions. Expert-level proficiency in Python and SQL. Strong understanding of supervised and unsupervised machine learning, time-series analysis, and optimization techniques. Experience building RAG pipelines, embeddings, vector databases. Experience with modern data platforms such as Snowflake. Strong statistical analysis and correlation analysis skills. MLOps and model lifecycle management."
JOBSEARCH_138,"Junior Data Analyst","Institutional Shareholder Services","Mumbai","2026-08-17","Full-time","indeed_2026","Search for, collect and verify data for companies under assigned market. Knowledge and experience in using MS Office. Strong analytical and problem solving skills. Experience in data collection and analysis, corporate governance and business research would be an advantage."
JOBSEARCH_141,"Data Analyst","Anarock Property Consultants","Mumbai","2026-08-18","Full-time","indeed_2026","Interpret data, analyze results using statistical techniques. Technical expertise regarding data models, database design development, data mining. Strong knowledge and experience with reporting packages (Business Objects), databases (SQL), programming (XML, Javascript, ETL frameworks). Knowledge of statistics and experience using statistical packages (Excel, SPSS, SAS). Required Skills: SQL, Good communication, Excel, Python, Power BI."
JOBSEARCH_148,"Data Analyst/PowerBI Engineer","ProArch","Hyderabad","2026-06-08","Full-time","indeed_2026","Design, develop, and maintain interactive dashboards and reports using Power BI and Fabric workspaces. Strong knowledge of SQL for data querying and manipulation. Experience with data modeling and ETL processes. Proficiency in Microsoft Excel and other data analysis tools."
JOBSEARCH_149,"Data Analyst","Tanla Platforms","Hyderabad","2026-05-13","Full-time","indeed_2026","Collect, clean, and validate data from multiple sources. Write efficient SQL queries to extract and manipulate data. Experience with big data technologies (Apache Hadoop, Apache Spark). Strong knowledge of SQL (MySQL, PostgreSQL, ClickHouse). Proficiency in Excel (advanced formulas, pivot tables). Experience with data visualization tools (Tableau, Power BI, Superset). Familiarity with Python or R. Understanding of statistical methods and data modelling."
KAGGLE_00001,Technology Lead : Data Science I Machine Learning,Infosys Limited,Bangalore,2022-06-26,,kaggle_2022,"A day in the life of an Infoscion • As part of the Infosys delivery team, your primary role would be to interface with the client for quality assurance, issue…"
KAGGLE_00002,"Software Engineer, Machine Learning",Google,Bangalore,2022-06-26,,kaggle_2022,2 years of relevant work experience in machine learning software development and architectures for machine learning (with focus on deep learning).
KAGGLE_00003,Experienced Over The Shoulder Mechanic- C17,BOEING,Remote,2022-07-23,,kaggle_2022,"This position will focus on supporting the Boeing Defense India (BDI) business organization.,He must be willing to work flexible hours (early or late as needed)…"
KAGGLE_00004,Data Scientist,Infosys Limited,Bangalore,2022-06-26,,kaggle_2022,"Anchor ML development track in a client project • Data collection, profiling, EDA & data preparation • AI Model development, experimentation, tuning &…"
KAGGLE_00005,Python Developer,Infosys Limited,Bangalore,2022-06-26,,kaggle_2022,"Should have a decent understanding of the Machine learning algorithms such as the clustering and classification algorithms, experience in model management, and…"
KAGGLE_00006,Senior Data Analyst,AdTech Holding,Bangalore,2022-07-21,,kaggle_2022,"Work on the development of the PropellerAds product: conduct exploratory analysis - put forward hypotheses, select metrics, and conduct research and experiments…"
KAGGLE_00007,Machine Learning Engineer,Oracle,Bangalore,2022-07-12,,kaggle_2022,"Good understanding of deep learning frameworks (like Tensorflow, Keras or PyTorch).,Design, develop, troubleshoot and debug software programs for databases,…"
KAGGLE_00008,Machine Learning-Python,Atos,Pune,2022-07-23,,kaggle_2022,"Run machine learning tests and experiments.,Develop machine learning applications according to requirements.,Machine Learning, Data Science, Python, algorithm,…"
KAGGLE_00009,Data Analytics,Infochola,India,2022-07-26,,kaggle_2022,"Very good experience in Python/R, SQL or on related machine learning technologies.,Responsible for designing & developing analysis with Dashboards,…"
KAGGLE_00010,Machine Learning Data Engineer,BlueOptima,Bangalore,2022-07-25,,kaggle_2022,Minimum of 3+ years experience in developing solutions with at least 2+ years using Machine learning Algorithms in industry.
KAGGLE_00011,Machine Learning Engineer,Impetus Technologies,Gurgaon,2022-07-21,,kaggle_2022,"Machine learning and Deep Learning Algorithms.,Machine Learning model development engineers with Natural Language Processing(NLP) and Computer Vision, python…"
KAGGLE_00012,"Software Engineering Intern, Winter 2023",Google,Bangalore,2022-07-14,,kaggle_2022,"Experience working with some of the following: web application development, Unix/Linux environments, mobile application development, distributed and parallel…"
KAGGLE_00013,Cloud Engineer (Remote),Julia Computing,Bangalore,2022-07-23,,kaggle_2022,"Julia Computing was founded in 2015 by the creators of the Julia programming language for artificial intelligence, machine learning, analytics, data science,…"
KAGGLE_00014,Machine Learning Engineer,DTN,Remote,2022-07-22,,kaggle_2022,"Architect and execute prototype machine learning model deployments.,Experience with machine learning operations (model management, deployment, monitoring)."
KAGGLE_00015,Machine Learning Engineer and Big Data Engineer,Infimetrics Info Solutions Pvt. Ltd.,Bangalore,2022-07-21,,kaggle_2022,"Eligibility: M: Tech/BE/MCA with good knowledge of C, C++, Java Python and Data Science.,( Technology in this technology will be added advantage)."
KAGGLE_00016,Associate Data Scientist I,UST Global,Bangalore,2022-07-07,,kaggle_2022,Apply machine learning techniques like clustering decision tree learning artificial neural networks etc. to streamline data analysis.
KAGGLE_00017,Machine Learning Developer,Tech Opportunity,Mumbai,2022-07-25,,kaggle_2022,"Machine learning: 2 years (Preferred).,We have an urgent opening for Machine learning Developer for Andheri East Location."
KAGGLE_00018,Machine Learning Engineer,Quantiphi,Mumbai,2022-07-22,,kaggle_2022,"Developing high-level solution architectures and working with our offshore team of big-data engineers and decision science analysts to build, test, and assess…"
KAGGLE_00019,Python Machine Learning/AI Engineer,Mobotics,Delhi,2022-06-26,,kaggle_2022,"Run machine learning tests and experiments.,Develop machine learning applications according to requirements.,Familiarity with machine learning frameworks (like…"
KAGGLE_00020,Data Analyst,Maersk,Chennai,2022-07-19,,kaggle_2022,"Analyze data and develop machine learning models to support decision making in the business.,Data exploration, analysis, synthesis, and presentation."
KAGGLE_00021,Machine Learning Engineer,Ideapoke,Bangalore,2022-07-19,,kaggle_2022,"We are looking for an expert in machine learning to help us extract value from our data.,Proficiency with Python and basic libraries for machine learning such…"
KAGGLE_00022,Data analyst,Honeywell,Bangalore,2022-07-19,,kaggle_2022,"Join a company that is transforming from a traditional industrial company to a contemporary digital industrial business, harnessing the power of cloud, big data…"
KAGGLE_00023,Machine Learning Engineer,ServiceNow,Hyderabad,2022-07-21,,kaggle_2022,"At ServiceNow, our technology makes the world work for everyone, and our people make it possible.,We move fast because the world can’t wait, and we innovate in…"
KAGGLE_00024,Machine Learning Intern,Hacklab Solutions Private Limited,Bangalore,2022-07-24,,kaggle_2022,"Work on cutting-edge problems around edge AI and implementing machine learning algorithms on embedded devices.,Job Types: Full-time, Internship."
KAGGLE_00025,Machine Learning Engineer,PeopleGrove,Remote,2022-06-26,,kaggle_2022,"Working knowledge of a variety of machine learning techniques (clustering, decision tree learning, artificial neural networks, etc.)."
KAGGLE_00026,Data Scientist,Lincode Labs,Bangalore,2022-07-26,,kaggle_2022,"Exposure to model compression and pruning in deep learning.,Excellent knowledge on any/all of the given concepts in Computer Vision - namely Image…"
KAGGLE_00027,– Machine Learning Engineer,Sourcedesk Global,Kolkata,2022-06-26,,kaggle_2022,"We are looking for a highly capable machine learning engineer to optimize our machine learning systems.,Keeping abreast of developments in machine learning."
KAGGLE_00028,Machine Learning Engineer,Mercedes-Benz Research and Development India...,Bangalore,2022-06-26,,kaggle_2022,"Develop RESTful APIs to serve machine learning models in production and strong debugging skills.,Job Description and desired Skills for ML Engineer."
KAGGLE_00029,Associate Machine Learning Scientist,Wadhwani Institute for Artificial Intelligence,Delhi,2022-07-22,,kaggle_2022,"Track record of project work in applied machine learning.,As an Associate ML Scientist, you will be responsible for building robust machine learning solutions…"
KAGGLE_00030,Computer Vision Research/ Platform Engineer - Machine Learni...,Mercedes-Benz Research and Development India...,Bangalore,2022-06-26,,kaggle_2022,"Demonstrated past algorithm development in at least one area within machine learning like neural networks, clustering, object tracking."
KAGGLE_00031,– Machine Learning Engineer,Sourcedesk Global,Kolkata,2022-06-26,,kaggle_2022,"Keeping abreast of developments in machine learning.,Consulting with managers to determine and refine machine learning objectives."
KAGGLE_00032,Machine Learning Engineer,Mercedes-Benz Research and Development India...,Bangalore,2022-06-26,,kaggle_2022,"Develop RESTful APIs to serve machine learning models in production and strong debugging skills.,Enthusiastic self-starter with 4-6+ years industry experience…"
KAGGLE_00033,Associate Machine Learning Scientist,Wadhwani Institute for Artificial Intelligence,Delhi,2022-07-22,,kaggle_2022,"Track record of project work in applied machine learning.,As an Associate ML Scientist, you will be responsible for building robust machine learning solutions…"
KAGGLE_00034,Computer Vision Research/ Platform Engineer - Machine Learni...,Mercedes-Benz Research and Development India...,Bangalore,2022-06-26,,kaggle_2022,"Demonstrated past algorithm development in at least one area within machine learning like neural networks, clustering, object tracking."
KAGGLE_00035,Machine Learning Engineer,MetaMap,Bangalore,2022-06-26,,kaggle_2022,"Ability to train machine learning models, monitor metrics, and set up proper benchmarks.,Train machine learning models, compute metrics, monitor these models…"
KAGGLE_00036,( Pyspark ) Data Scientist,EY,Bangalore,2022-07-26,,kaggle_2022,"Excellent knowledge in statistical techniques and advanced machine learning algorithms - regression, classification, clustering, time series, decision trees,…"
KAGGLE_00037,Machine Learning Engineer,Alphanet Solution,Bangalore,2022-07-16,,kaggle_2022,"Basic understanding of data analytics and/or machine learning algorithms (e.g., neural networks, tree-based methods, unsupervised learning, etc) and statistics."
KAGGLE_00038,Data science,Gex Search,Hyderabad,,,kaggle_2022,"Implement machine learning frameworks for automatically retraining models, generating accuracy.,Analyse deep learning networks and framework implementations to…"
KAGGLE_00039,Freelance Content Writer,Badatya Private Limited,Delhi,2022-07-25,,kaggle_2022,"Creating content for the company's websites.,Researching ideas and facts pertinent to the topic assigned.,Writing fresh content for social media pages."
KAGGLE_00040,Admin Manager,Climate Connect,Delhi,2022-07-21,,kaggle_2022,"As an Admin Manager, you will ensure all support activities run efficiently and effectively to allow the other departments to function smoothly."
KAGGLE_00041,Operation Analyst,Financial Fabric,Kolkata,,,kaggle_2022,"It combines traditional big data and machine learning technologies to solve different classes of data and analytical problems.,MS-Excel, MS-Word, Outlook."
KAGGLE_00042,Java Developer,Recrosoft Technologies,Bangalore,2022-07-22,,kaggle_2022,"2.Write well designed, testable, efficient code.,3.Ensure designs are in compliance with specifications.,4.Prepare and produce releases of software components."
KAGGLE_00043,Machine Learning Engineer,Hitachi Vantara Corporation,Pune,2022-07-22,,kaggle_2022,"Run machine learning tests and experiments.,Develop machine learning applications according to requirements.,Study and transform data science prototypes."
KAGGLE_00044,Machine Learning-Consultant,Wipro Limited,Bangalore,2022-06-26,,kaggle_2022,"You should be able to build a custom Function Module with medium complexity program logic.,Minimum work experience: 5 - 8 YEARS."
KAGGLE_00045,Machine learning engineer,3loq,Hyderabad,2022-07-01,,kaggle_2022,"0-2 years of machine learning experience.,Machine learning, Data analysis, Statistics & Probability.,Checking data from every stage and every base for assigned…"
KAGGLE_00046,KYC System Analyst,Brickendon Consulting,Hyderabad,2022-07-19,,kaggle_2022,"Focused on three practice areas of digital, data and automation, our aim is to disrupt the market with the latest machine learning, automation, data analytics…"
KAGGLE_00047,Data Science/Data Analytics,Intrics Solutions Pvt Ltd,Noida,2022-07-22,,kaggle_2022,"Hands-on experience in technologies and tools related to NLP, Deep learning and Machine learning.,Responsible for designs and development of enterprise-wide…"
KAGGLE_00048,Data Analyst 2-8,PayPal,Bangalore,2022-07-22,,kaggle_2022,"For example, using machine learning to determine how we identify fraud.,And you will do it all by collaborating with a global team of colleagues across sales,…"
KAGGLE_00049,Machine Learning,Angel's Virtual World,Delhi,2022-07-09,,kaggle_2022,"Designing and developing machine learning and deep learning systems.,Designing machine learning systems.,Running machine learning tests and experiments."
KAGGLE_00050,Machine Learning Engineer,Hitachi,Pune,2022-07-22,,kaggle_2022,"Run machine learning tests and experiments.,Develop machine learning applications according to requirements.,Hitachi Vantara elevates your innovation advantage…"
KAGGLE_00051,Data Science/Data Analytics,Excellence and Eminence LLP,Bangalore,2022-07-21,,kaggle_2022,"Developing prediction systems and machine learning algorithms.,Using machine learning tools to select features, create and optimize classifiers."
KAGGLE_00052,Senior Machine Learning Scientist,Microsoft,Bangalore,2022-07-23,,kaggle_2022,Strong knowledge and skills in machine learning software development and architectures for machine learning (with focus on deep learning).
KAGGLE_00053,Computer Vision Research Engineer - Machine Learning,Mercedes-Benz Research and Development India...,Bangalore,2022-06-26,,kaggle_2022,"Demonstrated past algorithm development in at least one area within machine learning like neural networks, clustering, object tracking."
KAGGLE_00054,Machine Learning (ML) Research Engineer,Robert Bosch,Bangalore,2022-07-06,,kaggle_2022,"Ability to identify, understand and implement relevant research findings from technical publications.,Design, implementation, and deployment of technical…"
KAGGLE_00055,Machine Learning Engineer 2,Adobe,Bangalore,2022-07-14,,kaggle_2022,"Changing the world through digital experiences is what Adobe’s all about.,We give everyone—from emerging artists to global brands—everything they need to design…"
KAGGLE_00056,Data Annotator,Ezeiatech Systems Pvt Ltd,Gurgaon,,,kaggle_2022,Work with a team of Machine Learning Engineers and the Data Scientists to ensure the building and delivering high quality datasets for machine training.
KAGGLE_00057,ML Engineer,Enterpret,Bangalore,2022-07-20,,kaggle_2022,"Build & test deep learning models in the areas of few shot learning, text generation, semantic search, ABSA.,We are solving complex problems in natural language…"
KAGGLE_00058,"Analyst, Risk Analytics (PPNR/Machine Learning)",Northern Trust Corp.,Bangalore,2022-07-15,,kaggle_2022,"Develops understanding of time series analysis and AI/ML algorithms used in supervised and unsupervised learning.,Gender Equality Index Member, Bloomberg."
KAGGLE_00059,Automation Engineer,Paras Defence & Space Technologies,Mumbai,2022-07-22,,kaggle_2022,"Experience with robotics, AI and machine learning.,Qualification : Bachelor / Master of Engineering – Electronics/Electrical."
KAGGLE_00060,Cloud Operations Engineer I,EagleView Technologies,Bangalore,2022-07-09,,kaggle_2022,"In cooperation with software engineers, machine learning teams, and finance, you will use a scientific methodology to identify programmatic solutions to achieve…"
KAGGLE_00061,Machine Learning-Python,Quant AIs,Delhi,2022-06-26,,kaggle_2022,"At least two years' experience as a machine learning engineer.,We use our expertise with the Cloud platforms like Microsoft Azure, along with modern data…"
KAGGLE_00062,Associate II - Data Analysis,UST Global,Thiruvananthapuram,2022-07-07,,kaggle_2022,"As our Applied Machine Learning Engineer, you will collaborate with other data scientists, as well as members of platform engineering team in order to execute…"
KAGGLE_00063,Machine Learning Engineer,Jumio Corporation,Remote,2022-06-26,,kaggle_2022,"Build scalable machine learning models, algorithms, and analytics on large financial datasets (both fiat currency and cryptocurrency) to detect suspicious…"
KAGGLE_00064,Scientist (Bioinformatics and Computational Biology),Aganitha AI,Hyderabad,2022-07-16,,kaggle_2022,"Understand and analyze disease studies, especially the ones associated with genomic disorders.,Understand and model biotech processes such as the ones used in…"
KAGGLE_00065,Data Scientist,JMS ADVISORY SERVICES PVT.LTD,Pune,2022-07-21,,kaggle_2022,"Machine learning: 5 years (Preferred).,Explore and investigate the Open Source tools and various data models in cyber security."
KAGGLE_00066,Machine Learning Engineer (Remote),HackerRank,Bangalore,2022-07-01,,kaggle_2022,"Help set the strategy for machine learning at HackerRank, identifying new opportunities for machine learning to improve HackerRank products."
KAGGLE_00067,"Director/VP, Machine Learning",Leena AI India Pvt Ltd,Bangalore,2022-07-22,,kaggle_2022,"Deep technical background in applied machine learning, including deep learning, computer vision, natural language processing, and data engineering."
KAGGLE_00068,Machine learning Engineer,indiagold,Gurgaon,2022-06-26,,kaggle_2022,Machine learning: You will work on building ML models and increase prediction accuracy in our loan origination platform.
KAGGLE_00069,Machine Learning Engineer - Deloitte AI Center of Excellence...,Deloitte,Bangalore,2022-07-09,,kaggle_2022,We are looking for talented Machine Learning Engineers with experience in software engineering and applying machine learning to solve complex problems.
KAGGLE_00070,Data Scientist,C2FO ITPL,Noida,2022-07-22,,kaggle_2022,"Knowledgeable of relevant literature around applications for machine learning and deep learning.,Experience with machine learning tools such as scikit-learn,…"
KAGGLE_00071,Machine Learning Developer,Cybage,Pune,2022-07-07,,kaggle_2022,"Run machine learning tests and experiments.,Develop machine learning applications according to requirements.,Should be able to Study and transform data science…"
KAGGLE_00072,Machine Learning Engineer,Vitrana,Bangalore,2022-07-15,,kaggle_2022,"Run machine learning tests and experiments.,Familiarity with machine learning frameworks (like Keras or TensorFlow) and libraries (like scikit-learn)."
KAGGLE_00073,Data Science,Globussoft Technologies,Bangalore,2022-07-05,,kaggle_2022,"Selecting features, building and optimizing classifiers using machine learning techniques.,Data mining using state-of-the-art methods."
KAGGLE_00074,Machine Learning Engineer/Data Scientist,Innowise,Remote,2022-06-26,,kaggle_2022,"High personal affinity to IT topics, namely data science, machine learning and / or artificial intelligence.,They must have strong experience using a variety of…"
KAGGLE_00075,Data Analyst,Creditas Solutions,Gurgaon,2022-07-07,,kaggle_2022,"Solutions to the top Financial Institutions in India.,Our growing technology firm is looking for an experienced Data Analyst who is able to turn project."
KAGGLE_00076,Data Scientist,MARJ TECHNOLOGIES,Noida,2022-07-21,,kaggle_2022,"Develop and implement artificial intelligence and machine learning models to solve complex data problems.,Drive the development of AI/ML solutions."
KAGGLE_00077,Data Scientist,Danske Bank,Bangalore,2022-07-16,,kaggle_2022,"Experience working with statistical and machine learning models.,Work with other data scientist to do peer review of existing or new machine learning models or…"
KAGGLE_00078,Data science and Machine learning Trainer,Merida Tech Minds,Bangalore,2022-06-26,,kaggle_2022,"We are looking for Experienced datascience and machinelearning trainer with strong knoweledge in Data science domain .,Job Types: Full-time, Part-time."
KAGGLE_00079,Machine Learning Engineer,DeepEdge,Hyderabad,2022-06-26,,kaggle_2022,Machine Learning engineers with 1-3 years of industry experience.
KAGGLE_00080,"Manager, Customer Experience Quality, gCare Operations and P...",Google,Hyderabad,2022-07-20,,kaggle_2022,"Ability to transform design thinking by leveraging machine learning and automation practices.,Drive automation perspective or machine learning as relevant to…"
KAGGLE_00081,Data Scientist,Barclays,Delhi,2022-07-21,,kaggle_2022,"PhD using statistics or machine learning.,Designs and delivers statistical and machine learning models into production, engaging with stakeholders to create…"
KAGGLE_00082,Machine Learning,Think Future Technologies,Gurgaon,2022-06-26,,kaggle_2022,"2+ years’ of relevant professional experience.,Ability to translate complex problems and concepts in training."
KAGGLE_00083,Data Scientist,OneBanc Technologies,Gurgaon,2022-07-17,,kaggle_2022,"Research and develop statistical learning models for data analysis.,Experience creating and using advanced machine learning algorithms and statistics:…"
KAGGLE_00084,Data Engineer,Meridian soft,Bangalore,2022-07-21,,kaggle_2022,"Strong skills in Python, SQL (RDMS).,Strong analytical and problem-solving skills.,Strong in data science python libraries like NumPy, Pandas."
KAGGLE_00085,Machine Learning Intern - (Final Year),cloudsek,Bangalore,2022-06-26,,kaggle_2022,Receiving multiple awards including the prestigious Excellence Award for being the Security Product Company of the Year in 2020.
KAGGLE_00086,Software Quality Senior Engineer,Dell Technologies,Bangalore,,,kaggle_2022,"We conduct a wide range of quality control tests and analyses to ensure that our software meets or exceeds end-user requirements.,Bachelor's or Master's Degree."
KAGGLE_00087,Data Science and Machine Learning Consultant,Quess Corp,Hyderabad,2022-07-23,,kaggle_2022,"_SQL, Python, Machine Learning, Natural Language Processing, Data Visualization, Databases_.,Hyderabad, Rangareddy - 500075, Telangana: Reliably commute or…"
KAGGLE_00088,Software Quality Senior Engineer,Dell Technologies,Bangalore,,,kaggle_2022,"We are helping customers move into the future with multi-cloud, AI and machine learning through the most innovative technology and services portfolio for the…"
KAGGLE_00089,Business Analyst,TGS the global skills,Gurgaon,2022-07-15,,kaggle_2022,"Gather and analyse data and provide technology solutions with a systems approach.,Interpreting business requirements into understandable development tasks to…"
KAGGLE_00090,Data Science and Machine Learning Consultant,Quess Corp,Hyderabad,2022-07-23,,kaggle_2022,"_SQL, Python, Machine Learning, Natural Language Processing, Data Visualization, Databases_.,Salary: ₹380,176.40 - ₹1,506,122.20 per year."
KAGGLE_00091,Intern - Business Analyst,Climate Connect,Remote,2022-07-12,,kaggle_2022,"We believe that machine learning and other software technologies will be key in enabling this vision.,Our multi-layered support system, comprising a global…"
KAGGLE_00092,Manager - Data Analyst,Maruti Suzuki India Ltd,Gurgaon,2022-06-26,,kaggle_2022,"Knowledge of machine learning, deep network.,Story telling with the help of data.,Explore data and generate insights such as patterns, seasonality, trend, cause…"
KAGGLE_00093,R&D Member of Technical Staff II,Aveva,India,2022-07-21,,kaggle_2022,"Understanding of Machine learning life cycle.,Vacancy Name R&D Member of Technical Staff II , Product Test.,AVEVA Employment Type Full Time Permanent."
KAGGLE_00094,Microsoft Azure Machine Learning Application Developer,Accenture,Mumbai,2022-07-20,,kaggle_2022,"Technical Experience : Strong conceptual knowledge and working experience on all features of Azure ML Studio, ML Services and ML Ops Aware of Machine Learning…"
KAGGLE_00095,Machine Learning Engineer II,"Neustar, Inc.",Bangalore,2022-07-19,,kaggle_2022,"At Neustar, you have the power to be your authentic self, to be curious, to run with your idea, and to celebrate a good day.,We invite you to join us."
KAGGLE_00096,Office Administrator,Wood Mackenzie,Delhi,2022-07-26,,kaggle_2022,"Our global team uses AI, machine learning, automation, and other emerging technologies to collect and analyze billions of records."
KAGGLE_00097,Data Analyst,Serendipity corporate services,Hyderabad,2022-07-19,,kaggle_2022,"Hands-on expertise in predictive modeling, machine learning, and other advanced analytical techniques.,Key skills: Marketing Analytics, Risk Analytics, SAS,…"
KAGGLE_00098,Data Annotator,Objectways,Karur,2022-07-05,,kaggle_2022,"Our focus is to human in-loop capabilities to bring machine learning processes closer to human input.,This position is critical to the success of our customers,…"
KAGGLE_00099,Machine Learning Engineer,MedTourEasy,Delhi,2022-06-26,,kaggle_2022,"Run machine learning tests and experiments.,Develop machine learning applications according to requirements.,Machine Learning Engineer responsibilities include…"
KAGGLE_00100,Sr Software Engineer,WELLS FARGO BANK,Bangalore,2022-07-15,,kaggle_2022,"Wells Fargo is seeking a Senior Software Engineer...,In this role, you will:,Lead moderately complex initiatives and deliverables within technical domain…"
KAGGLE_00101,Software Engineer – Python,Crowe,Noida,2022-07-16,,kaggle_2022,"We believe machine learning is software.,Develop libraries and services to address common requirements for our machine learning products."
KAGGLE_00102,Data Engineer,HRhelpdesk,Noida,2022-07-20,,kaggle_2022,"The Client's digital manufacturing platform, uses artificial intelligence, machine learning, and advanced analytics to help address critical challenges in…"
KAGGLE_00103,ML Engineer,EY,Bangalore,2022-07-19,,kaggle_2022,"Should have experience of 2-3 production implementation of machine learning projects.,Processing, search, information retrieval, information extraction,…"
KAGGLE_00104,Data Science & Analytics,Samsung Electronics,Bangalore,2022-06-26,,kaggle_2022,[Data modelling] Explore and design suitable machine learning model or deep learning algorithm or statistical model to solve business challenges.
KAGGLE_00105,Strategy Officer,Bosch Group,Bangalore,2022-07-25,,kaggle_2022,"Portfolio management, evolving go to market strategy execution, business model evolution, business development including strategic alliances, channel partners …"
KAGGLE_00106,Data Scientist,Accubits Technologies,India,2022-06-26,,kaggle_2022,"Good understanding of machine learning algorithms.,Mine and analyze data from various sources to drive optimization and improvement of product development."
KAGGLE_00107,US Citizens Only - Machine Learning Engineer,Codvo.ai,Remote,2022-07-07,,kaggle_2022,"Exposure to scalable machine learning model deployment and MLops.,Experience with machine learning frameworks (e.g. PyTorch, TensorFlow, Scikit-learn, Spacy,…"
KAGGLE_00108,Data Analyst,Ericsson,Noida,2022-07-13,,kaggle_2022,"We are looking for a Data Analyst who will design, develop and maintain high quality Tableau Dashboards.,We organize in cross functional design teams in which…"
KAGGLE_00109,Data Engineer,Recbots,Bangalore,2022-07-23,,kaggle_2022,"Strong understanding of statistics fundamentals, machine learning algorithms such as regression, classification, clustering, recommendation, anomaly detection,…"
KAGGLE_00110,PQA - Product Quality Assure,Volvo Group,Bangalore,,,kaggle_2022,"Product Quality Assurer (PQA) is appointed to a project.,In some cases we also appoint a local PQA for a detailed technical area supporting a main project PQA."
KAGGLE_00111,Java Developer,Recro,Bangalore,2022-07-19,,kaggle_2022,"2.Write well designed, testable, efficient code.,3.Ensure designs are in compliance with specifications.,4.Prepare and produce releases of software components."
KAGGLE_00112,Machine Learning Validation Engineer (169430),"Advanced Micro Devices, Inc.",Bangalore,2022-07-20,,kaggle_2022,"You will contribute to the core team that validates the tests for AMD GPU based compute software stack.,You will be responsible for maintaining the ROCm stack…"
KAGGLE_00113,Data Scientist,BEIING,Delhi,2022-06-30,,kaggle_2022,"We work with financial institutions, Banks, NBFCs & Digital lending firms to improve their collections efficiency using technology, automation intelligence and…"
KAGGLE_00114,Affine Returnship Program,Affine,India,2022-07-07,,kaggle_2022,"To be an eligible candidate entitled to a monthly stipend, all you need is at least a year of relevant work experience.,Expert in Excel and/or VBA."
KAGGLE_00115,Senior Machine Learning Scientist,Algonomy,Bangalore,2022-07-18,,kaggle_2022,"2+ years professional experience implementing machine learning algorithms.,Identifying and solving machine learning problems involving Bayesian optimization,…"
KAGGLE_00116,Machine Learning Engineer - QuantumBlack,McKinsey & Company,Bangalore,2022-06-26,,kaggle_2022,"Professional knowledge of machine learning environments such as regression, decision trees, random forest or deep learning.,Strong coding skills in Python."
KAGGLE_00117,Data Scientist,Serendipity corporate services,Bangalore,2022-07-23,,kaggle_2022,"Machine learning: 3 years (Preferred).,Machine Learning – Good knowledge on machine learning methods like Decision tree, XGBoost, LightGBM etc., and hands-on…"
KAGGLE_00118,ML Engineer - Permanent Remote,Alpha Net Technologies Pvt Ltd,Hyderabad,2022-07-22,,kaggle_2022,"Basic understanding of *data analytics* and/or *machine learning algorithms* (e.g., neural networks, tree-based methods, unsupervised learning, etc) and…"
KAGGLE_00119,Machine Learning Lead,tiket.com,India,2022-07-20,,kaggle_2022,"And process optimization and using models to test the effectiveness of different.,They must have strong experience using a variety of data."
KAGGLE_00120,Machine Learning Engineer ( 3 to 5 yrs),IceCream Labs,Bangalore,2022-06-26,,kaggle_2022,"Run machine learning tests and experiments.,Develop machine learning applications according to requirements.,Familiarity with machine learning frameworks (like…"
KAGGLE_00121,Machine Learning Engineer,Multirecruit,Bangalore,2022-07-23,,kaggle_2022,A good understanding of machine learning techniques and demonstrable experience applying them to solve problems using machine learning libraries such as scikit…
KAGGLE_00122,ML & Data Scientist,Fortinet,Bangalore,2022-07-03,,kaggle_2022,"Research & develop Machine Learning models for FortiAIOps, in the areas of Application, Networking and Data Analytics."
KAGGLE_00123,Machine Learning Engineer,Walmart Global Tech India,Bangalore,2022-06-30,,kaggle_2022,"Demand Forecasting is a core function of supply chain driving replenishment, sourcing, capacity and transportation plans."
KAGGLE_00124,Machine Learning (Data Scientist) - 2 Positions,itechnolabs india pvt ltd,Mohali,2022-07-23,,kaggle_2022,"Developing new practices and methodologies using statistical methods, machine learning and predictive models under mentorship."
KAGGLE_00125,Customer Service Representative,Freshplate Pvt Ltd,Bangalore,2022-07-22,,kaggle_2022,"Responsible to take the ownership of the resolution process for all the customer issues.,To build a strong relationship with customers and resolve the queries…"
KAGGLE_00126,Data Scientist,Aganitha AI,Hyderabad,2022-07-01,,kaggle_2022,"Deep learning and classical ML methods.,Modular, typed and object-oriented Python programming."
KAGGLE_00127,Software Product Engineer,WadhwaniAI,Delhi,2022-07-21,,kaggle_2022,"As a software engineer, you will be responsible for building machine learning-based solutions to problems of societal importance."
KAGGLE_00128,Python/Django Developer,VuNet Systems,Bangalore,2022-07-22,,kaggle_2022,"At VuNet, we are building next-generation products that use a full-stack product with big data and machine learning in innovative ways to monitor customer…"
KAGGLE_00129,Machine Learning Engineer,Masters India Private Limited,Noida,2022-06-26,,kaggle_2022,"Maintained/contributed machine learning projects, familiar with the agile software.,Domains: computer vision, NLP, reinforcement learning, model optimization…"
KAGGLE_00130,Technical Business Analyst,Vv Consultancy,Bangalore,2022-07-13,,kaggle_2022,"A bit of machine learning, such as regression analysis, and time series modeling.,Define and document source to target data interfaces."
KAGGLE_00131,Machine Learning Engineer,Samyak Infotech,Ahmedabad,2022-06-26,,kaggle_2022,"Designing and programming machine learning methods and integrating them into our ML framework / pipeline.,Knowledge of machine learning libraries Tensorflow,…"
KAGGLE_00132,Deep Learning Engineer (SIPS-PS),Sony India Software Centre Pvt Ltd,Bangalore,2022-07-22,,kaggle_2022,"Bachelors or Master’s in Computer Science, Engineering, Mathematics or related.,3+ years of experience with ML libraries & frameworks, DNN model development,…"
KAGGLE_00133,Machine Learning DevOps Engineer,Conxai Technologies GmbH,Bangalore,2022-07-12,,kaggle_2022,"We are building the first NO-CODE AI PLATFORM for the AEC industry, with the 3rd generation Explainable AI, that allows users to create complex use cases with…"
KAGGLE_00134,Analyst-Data Operations,Nielsen,Bangalore,2022-06-26,,kaggle_2022,"We provide clients with a comprehensive global database of compositions, writers and publishers - linking compositions to recordings at scale using machine…"
KAGGLE_00135,Cloud Software Engineer,"JPMorgan Chase Bank, N.A.",Bangalore,,,kaggle_2022,"Design, Develop, and Operate solutions for a cloud computing platform with bake in attributes of security, auditability and observability."
KAGGLE_00136,Machine Learning Scientist,Wadhwani AI,Mumbai,2022-06-26,,kaggle_2022,"We are looking for ML Scientists with experience applying AI, machine learning, and data science to real-world problems."
KAGGLE_00137,Entry Level Software Engineer,Auxia Inc,Bangalore,2022-07-06,,kaggle_2022,"Our engineers bring creative ideas in systems development, data management, machine learning, privacy and security, distributed computing, UI design, and more."
KAGGLE_00138,Computer Vision Engineer,Ajna Lens,Thane,2022-07-23,,kaggle_2022,"Ability to implement deep learning architectures in state-of-the-art deep learning research papers.,Experience in optimization of deep learning pipeline for…"
KAGGLE_00139,Machine Learning Engineer- Automation,Alpha Net Consulting,Remote,2022-06-29,,kaggle_2022,"Basic understanding of data analytics and/or machine learning algorithms (e.g., neural networks, tree-based methods, unsupervised learning, etc) and statistics."
KAGGLE_00140,Software Engineer,Wadhwani Institute for Artificial Intelligence,Delhi,2022-07-22,,kaggle_2022,"In order to apply machine learning and related technologies for social good, you will need to understand user challenges and their context and design and build…"
KAGGLE_00141,Associate - QR Strats Data Analytics - APAC,Morgan Stanley,Mumbai,2022-07-23,,kaggle_2022,"The Quantitative Research (QR) group designs, builds and maintains the models which drive the equity trading engines at Morgan Stanley."
KAGGLE_00142,Engineer I - Verification,Microchip Technology,Chennai,2022-07-26,,kaggle_2022,The Automotive Information Systems (AIS) group within Microchip develops connectivity products tailored to the automotive market.
KAGGLE_00143,Machine Learning Engineer,Botways Tech,Pune,2022-06-26,,kaggle_2022,"Run machine learning tests and experiments.,Develop machine learning applications according to requirements.,Familiarity with machine learning frameworks (like…"
KAGGLE_00144,Data Analyst,Benchmark Digital Partners,Bangalore,,,kaggle_2022,"Excellent pattern recognition, natural language processing (NLP), predictive and machine learning modelling.,Innovate with Benchmark Digital as a Data Analyst."
KAGGLE_00145,Machine Learning Engineers,Inavan India Technologies,Kochi,2022-06-26,,kaggle_2022,"Looking forexperienced people specifically in the field of computer vision, image processing & ML/DL architectures and algorithms."
KAGGLE_00146,Machine Learning Engineer,Lucida Technologies Private Limited,Bangalore,2022-07-22,,kaggle_2022,"Machine Learning & AI resources with 5 + relevant experience in Python, Azure, Jenkins.,Bangalore, Karnataka: Reliably commute or planning to relocate before…"
KAGGLE_00147,Accounts Receivable Manager,GoKwik,Gurgaon,,,kaggle_2022,"It leverages AI/ML technologies to solve hard-hitting problems like RTO to increase CoD conversion rates.,Set objectives for the accounts receivable team that…"
KAGGLE_00148,Software Engineer - UI,Dell Technologies,Bangalore,2022-07-19,,kaggle_2022,"Join our Future of IT (FOIT) team which is building products that enable flexible, cloud-based storage and advanced data management solutions."
KAGGLE_00149,Senior Machine Learning Engineer,Svastir Global Services Private Limited,Delhi,2022-07-17,,kaggle_2022,"Understanding of *deep learning frameworks* (e.g. Tensorﬂow, PyTorch).,We are seeking team leader in ML OPS profile who will guide and mange the enterprise wide…"
KAGGLE_00150,Software Tester,Turbolab Technologies Private Limited,Kochi,2022-07-20,,kaggle_2022,"We are looking for a Quality Assurance Engineer to write and execute manual and automated tests to ensure product quality.,Good knowledge of SQL and scripting."
KAGGLE_00151,Data Analyst,Vodafone,Pune,,,kaggle_2022,"The Business Intelligence Advisor supports in the delivery of Business Intelligence (BI) capabilities, which play a key role in strategic planning and allow the…"
KAGGLE_00152,Software Development Engineer - I,BEIING,Remote,2022-06-30,,kaggle_2022,"As an experienced member, you will participate in all aspects of the software development life cycle: scoping, design, coding, testing, implementation and…"
KAGGLE_00153,Machine Learning Engineer,Wadhwani AI,Mumbai,2022-06-26,,kaggle_2022,An MLE will be responsible for building robust machine learning solutions to problems of societal importance; usually under the guidance of senior ML scientists…
KAGGLE_00154,Process Associate-Data Analyst,Genpact,Noida,,,kaggle_2022,"Facility with one or more data analytical methods such as regression, decision trees, experimental designs, support vector machines, machine learning and text…"
KAGGLE_00155,Subject Matter Expert (SME) -Computer Science (WFH),TutorBin,Remote,2022-07-21,,kaggle_2022,"Knowledge of Artificial Intelligence and Machine learning would be a plus.,Solving questions of the students from across the globe on the TutorBin board."
KAGGLE_00156,Analyst (Writer),Mind Works Global,Remote,2022-06-26,,kaggle_2022,"What we offerFast-growth career in a high-learning environmentFlexibility to work from homeWork ScopeWrite data-driven reports, whitepapers and newsletters…"
KAGGLE_00157,Machine Learning Engineer,TAC Security,Bangalore,2022-06-26,,kaggle_2022,— Ensures software applications are built with quality while conforming to corporate and regulatory processes and practices by.
KAGGLE_00158,AI-ML Engineer,Kizora,Nagpur,2022-07-16,,kaggle_2022,"Research and development in Machine Learning & Deep Learning.,Exploring various AI-ML libraries.,AI-ML implementation and deployment using Python, notebook and…"
KAGGLE_00159,"Machine Learning Engineer - Data Pre-processing, Pipeline, S...",Zscaler,Bangalore,2022-07-20,,kaggle_2022,"3+ years of prior work experience as a Software Engineer or ML platform engineer.,Very strong algorithm and programming skills in building out data collection…"
KAGGLE_00160,Senior Technical Support Executive,Vymo,Bangalore,2022-07-26,,kaggle_2022,"Provide technical assistance and support for incoming concerns and issues related to the VYMO App and it's usage.,Strong working knowledge of MS Office."
KAGGLE_00161,Software Engineer 2,Microsoft,Hyderabad,2022-07-21,,kaggle_2022,"We are looking for an individual with high standards of excellence to join our engineering team to build amazing experiences that are robust, fast and seamless."
KAGGLE_00162,Data Engineer,iMentus Technologies,Indore,2022-07-22,,kaggle_2022,"Work closely with the data science and business intelligence teams to develop data models and pipelines for research, reporting, and machine learning."
KAGGLE_00163,Lead Machine Learning Engineer,Climate Connect,Remote,2022-07-12,,kaggle_2022,"Aptitude and experience in applied statistics and machine learning techniques.,Extensive experience with Python and SQL for software development, data analysis,…"
KAGGLE_00164,Data Scientist,Apple,Hyderabad,2022-07-24,,kaggle_2022,"Apply statistical thinking and machine learning methods.,Apple's Enterprise Data Warehouse landscape caters to a wide variety of real-time, near real-time and…"
KAGGLE_00165,ACN - Applied Intelligence - C4DI - T&O Analytics - 07,Accenture,Gurgaon,2022-07-12,,kaggle_2022,"Key Competencies and Skills (Must have): • Knowledge of advanced analytics and machine learning techniques such as segmentation/clustering, and forecasting."
KAGGLE_00166,Mtech Freshers,Ignitarium Technology Solutions,India,2022-06-26,,kaggle_2022,"Embedded (Multimedia, Automotive and Embedded streams).,AI & Cloud (Deep Learning, Machine Learning, Web development).,Should not have any existing arrears."
KAGGLE_00167,Data Engineer,IBM,Gurgaon,2022-07-07,,kaggle_2022,"Enhance performance by applying advanced mathematical modeling, data analytics, optimization, and machine learning techniques."
KAGGLE_00168,Machine Learning/Artificial Intelligence,Code Tree Software Solutions,Vijayawada,2022-06-29,,kaggle_2022,"Responsible for artificial intelligence/machine learning technology and application analysis, understand latest industrial and academic developments in AI/ML."
KAGGLE_00169,Backend Java Developer,BIG IT JOBS,India,2022-07-09,,kaggle_2022,"Full time @Ravi Mishra in Development.,Backed with 25 years of emotional experience and a fast-growing family of 4000 engineers in BFSI, Healthcare, Ecommerce,…"
KAGGLE_00170,Backend Java Developer,BIG IT JOBS,India,2022-07-09,,kaggle_2022,"Full time @Ravi Mishra in Development.,Backed with 25 years of emotional experience and a fast-growing family of 4000 engineers in BFSI, Healthcare, Ecommerce,…"
KAGGLE_00171,AI - Deep Learning/Computer Vision,Ignitarium Technology Solutions,India,2022-06-26,,kaggle_2022,"Hands on with CV, CNN, Tensorflow, Keras, caffe, Pytorch , Image processing.,Hands-on experience with internals of networks (CNN/, RNN,/ DNN, /BNN,/LSTM, SSD…"
KAGGLE_00172,Full Stack Developer,Schmid vision soft,Bangalore,2022-07-23,,kaggle_2022,"Shaping, developing, and deploying machine learning solutions.,Our main area of expertise is in visual analytics and real-time deep learning systems."
KAGGLE_00173,Software Engineer,Dell Technologies,Pune,2022-07-21,,kaggle_2022,"Join our Future of IT (FOIT) team which is building products that enable flexible, cloud-based storage and advanced data management solutions."
KAGGLE_00174,Data Science Engineer,Tuebora,Bangalore,2022-06-26,,kaggle_2022,"Well versed in machine learning, implement production deployed AI use-cases and models.,The Data Scientist will be accountable for implementation and delivery…"
KAGGLE_00175,MIS Analyst (Logistics),Trucknetic (Savir Logistics Pvt Ltd),Delhi,2022-07-23,,kaggle_2022,Trucknetic* aims to play a crucial role in India's booming logistics sector and become the first platform in the world to provide any truck for any commodity…
KAGGLE_00176,Associate Machine Learning Scientist,Wadhwani AI,Delhi,2022-06-26,,kaggle_2022,"Track record of project work in applied machine learning.,As an Associate ML Scientist, you will be responsible for building robust machine learning solutions…"
KAGGLE_00177,Machine Learning Engineer - Innovation Center Network,SAP,Bangalore,2022-07-13,,kaggle_2022,"Knowledge of cutting edge research in artificial intelligence and machine learning applications.,Participate in cutting edge research in artificial intelligence…"
KAGGLE_00178,Senior Data Engineer,Optimhire,Remote,,,kaggle_2022,"Work on cloud data warehouses, data as a service, business intelligence, and machine learning solutions.,Develop *Cloud Data and Analytics solution*s in the…"
KAGGLE_00179,USI Consulting - S&A - HS&I - Converge Consumer - Machine Le...,Deloitte,Bangalore,2022-06-29,,kaggle_2022,"Deep understanding of data science principles, including machine learning, deep learning and artificial intelligence concepts."
KAGGLE_00180,Machine Learning Engineer III,Expedia Group,Gurgaon,2022-07-22,,kaggle_2022,You have a good understanding of machine learning pipelines and machine learning frameworks such as TensorFlow and Pytorch.
KAGGLE_00181,Senior Data Analyst- Machine Learning,Oracle,Bangalore,2022-06-26,,kaggle_2022,"Design, develop, troubleshoot and debug software programs for databases, applications, tools, networks etc.,You will be responsible for defining and developing…"
KAGGLE_00182,Machine Learning Interns,DeepEdge,Hyderabad,2022-06-26,,kaggle_2022,"Machine learning interns with excellent programming skills, ML background and passion to excel."
KAGGLE_00183,Machine Learning Engineer,Niramai,Bangalore,2022-06-26,,kaggle_2022,"If you have good problem solving skills, a passion for machine learning research and creating social impact, this is the right place for you."
KAGGLE_00184,NLP Engineer,Griffon Technology: A Placement Partner,Bangalore,2022-07-22,,kaggle_2022,"Experience with machine learning frameworks (like Keras or PyTorch) and libraries (like scikit-learn).,Proficient knowledge of programming in Python-strong…"
KAGGLE_00185,Data Science,ZunRoof Tech,Gurgaon,2022-06-26,,kaggle_2022,"Use machine learning and analytical techniques to create scalable solutions for problems.,We are looking for a Data Scientist who will support our IoT products,…"
KAGGLE_00186,Associate Data Scientist,Gour Institute,Kolkata,2022-07-22,,kaggle_2022,"_*Developing prediction systems and machine learning algorithms*_.,_*Using machine learning tools to select features, create and optimize classifiers*_."
KAGGLE_00187,ML Developer,Agilite Global Solutions Company,Remote,2022-07-18,,kaggle_2022,"Determine and refine machine learning objectives.,Run machine learning tests and experiments.,Keeping abreast of developments in machine learning."
KAGGLE_00188,Data Science Consultant / Senior Consultant,Thanks Buddy,Bangalore,2022-07-21,,kaggle_2022,"Proficiency in data science approaches, machine learning algorithms and statistical methods.,Role involves a combination of hands-on contribution, customer…"
KAGGLE_00189,Data Engineer,Walmart Global Tech India,Bangalore,2022-06-26,,kaggle_2022,Data Engineering specialists also use cross-departmental data and machine learning to get a clear picture of the cost incurred at each stage of the supply chain…
KAGGLE_00190,Machine Learning Engineer,Inkers,Bangalore,2022-06-26,,kaggle_2022,"3+ years of machine learning experience.,We are looking for an expert in machine learning to help us extract value from our data."
KAGGLE_00191,Machine Learning Engineer,Micron,Bangalore,2022-06-26,,kaggle_2022,"Build and maintain data/solution pipelines that feed machine learning models.,Create/Maintain CI/CD pipelines of machine learning solutions in the cloud."
KAGGLE_00192,Sr Machine Learning Engr,Synopsys,Delhi,2022-06-26,,kaggle_2022,"Basic knowledge of cloud techniques, solid foundation in ML technology, mathematically strong in statistics and foundations of AI and statistical machine…"
KAGGLE_00193,Data Scientist,Alphaabets,Bangalore,2022-07-21,,kaggle_2022,"In this role, you will be directly responsible for driving sales by partnering directly with growth accounts.,Total work: 2 years (Preferred)."
KAGGLE_00194,Associate Cloud Support Engineer,RWS,Bangalore,2022-06-26,,kaggle_2022,The combination of our language and content technology – enhanced with state-of-the art Machine Learning – offers the capability to manage the ‘end-to-end’…
KAGGLE_00195,ML Engineer I,UST Global,Bangalore,2022-07-07,,kaggle_2022,Under guidance from Senior ML Engineers develop ML models that provides accurate results with controls to solve the business problem identified using state of…
KAGGLE_00196,Conversational AI Developer,Deloitte,Bangalore,2022-07-21,,kaggle_2022,"Conversational AI- Consultant – Flow Builder.,The Deloitte Conversational AI group is looking for a Conversational AI Developer that will leverage the full…"
KAGGLE_00197,Machine Learning Engineer,Tekolutions.ai,India,2022-06-26,,kaggle_2022,"Keeping abreast of developments in machine learning.,Consulting with managers to determine and refine machine learning objectives."
KAGGLE_00198,Applied AI ML Analyst (Data Annotation),"JPMorgan Chase Bank, N.A.",Hyderabad,2022-07-21,,kaggle_2022,"A working level domain knowledge on machine learning concepts.,Work on data labeling tool(s) and annotate data for machine learning models."
KAGGLE_00199,Performance Engineer,Beyondsoft International (Singapore),Hyderabad,2022-07-21,,kaggle_2022,Work collaboratively with the DBS internal applications teams to understand the platform and assist in usage of infra as code pipeline and integration of Big…
KAGGLE_00200,Data Engineering Internship,ZineOne,Mumbai,2022-06-26,,kaggle_2022,ZineOne is a real-time stream processing platform powered by machine learning to provide event-driven brand-to-user interactions.
KAGGLE_00201,QA Analyst,Fictiv,Pune,2022-07-15,,kaggle_2022,"Our cutting-edge cloud platform uses AI and machine learning algorithms to help companies build hardware at the speed of software.,Come join our growing team!"
KAGGLE_00202,Data Scientist,Mindtree,Chennai,2022-07-20,,kaggle_2022,"# Work on the latest applications of data science to solve business problems.,# Work directly with client stakeholders to translate business problems into high…"
KAGGLE_00203,Data Scientist,Springer Nature,Pune,2022-07-15,,kaggle_2022,"Strong analytical, statistical and machine learning understanding and the desire to learn more.,Leading the journey towards more advanced and predictive…"
KAGGLE_00204,Data Science Senior Analyst,Accenture,India,2022-07-20,,kaggle_2022,"Knowledge of statistical techniques and machine learning algorithms.,Knowledge of statistical techniques and machine learning algorithms."
KAGGLE_00205,Software Engineer II,MatrixCare,Chennai,2022-07-20,,kaggle_2022,"And as we work today to drive better care and lower costs, we're developing more personalized solutions for tomorrow, utilizing machine learning, intelligent…"
KAGGLE_00206,Data Scientist,iMentus Technologies,Indore,2022-07-22,,kaggle_2022,"Developing prediction systems and machine learning algorithms.,Using machine learning tools to select features, create and optimize classifiers."
KAGGLE_00207,Lead Analyst,Amex,Gurgaon,,,kaggle_2022,"Knowledge of machine learning will be an added advantage.,As part of GSG, the Global Servicing Enablement (GSE) team is responsible for process design &…"
KAGGLE_00208,Data Analyst - KPI Evaluation for vision systems,Mercedes-Benz Research and Development India...,Bangalore,2022-07-02,,kaggle_2022,"Data Scientist: The primary focus will be in applying advanced statistical analysis, and evaluating machine learning or deep learning models that will get…"
KAGGLE_00209,Machine Learning/Deep Learning Experts,CrunchMetrics,Bangalore,2022-06-26,,kaggle_2022,We at CrunchMetrics are looking for talented Machine Learning Scientist with a background in Machine Learning development who desires to work on building…
KAGGLE_00210,Professional Development Coordinator - QuantumBlack,McKinsey & Company,Gurgaon,,,kaggle_2022,"Manage learning records of members.,In the last 4 years, since becoming part of the firm, QB has grown from 30 to 500 colleagues, many of whom are specialist…"
KAGGLE_00211,Data Annotator,Navayuga Infotech,Hyderabad,2022-06-26,,kaggle_2022,"Tagging the data based on certain rules to provide useful information for the machine learning team.,Passionate people make our company great and Navayuga…"
KAGGLE_00212,AUTOMATION CYPRESS TESTING,Prodapt SA,Hyderabad,2022-07-14,,kaggle_2022,"3 - 5 years of Automation Software Testing experience in Cypress Automation Testing tool.,Should be able to develop frameworks using Cypress testing tool."
KAGGLE_00213,QA Analyst 3-ProdDev,Oracle,Bangalore,2022-07-06,,kaggle_2022,"Innovate our offerings using advanced Technologies such as AI and Machine learning.,Responsible for developing, applying and maintaining quality standards for…"
KAGGLE_00214,ML Engineer,Nonstop Corporation,Nagpur,2022-07-23,,kaggle_2022,"3+ years of experience working with NumPy, Pandas, and SkLearn is required.,You will need to be able to execute statistical analysis on large data, as well as…"
KAGGLE_00215,Cloud Engineer for CVML (Computer Vision and Machine Learnin...,Ittiam,Bangalore,2022-06-26,,kaggle_2022,"The candidate is expected to have working knowledge of Cloud Application Development Processes, Configuration Management, Test Planning and Execution."
KAGGLE_00216,Member of Technical Staff - 2,Adobe,Noida,2022-07-14,,kaggle_2022,"Create, add comments, review, combine, optimize, etc.,The engineer is expected to have deep experience of building low latency, high performance distributed…"
KAGGLE_00217,Python Developer,Talent Ladder Consulting,Delhi,2022-07-19,,kaggle_2022,You will be responsible for executing & managing assigned client engagements at an executive & relationship level within the practice.
KAGGLE_00218,Financial Analyst II,Amex,Gurgaon,2022-07-20,,kaggle_2022,The ICS (LFO) team provides a broad spectrum of financial and portfolio analysis to support product and investment decisions for the International Consumer &…
KAGGLE_00219,Associate Software Engineer,Celeb-AI-Technologies,Noida,2022-07-23,,kaggle_2022,"Strong proficiency in C/C++ programming.,Well versed with object-oriented methodologies, templates, STL etc.,Must be able to work effectively with a remote team…"
KAGGLE_00220,"Machine Learning Intern, Core ML",Skit.ai,Bangalore,2022-06-26,,kaggle_2022,"Its suite of speech and language solutions enable enterprises to automate their contact centre operations.,Design, build and evaluate Machine Learning systems."
KAGGLE_00221,Machine Learning Technology Educator,Accenture,Pune,2022-07-20,,kaggle_2022,"Develop applications (object detection, classification, localization and analysis, specialized OCR) using deep learning and machine learning techniques."
KAGGLE_00222,Applications Engineer,Oracle,Bangalore,2022-07-22,,kaggle_2022,OTM Development organisation provides a compelling opportunity to build an exciting career in the niche Logistics cloud space while learning & leveraging the…
KAGGLE_00223,Machine Learning Engineer,Avesha,Bangalore,2022-06-26,,kaggle_2022,"At Least 3+ years of experience in the machine learning software development life cycle.,The software development engineer will design and develop reinforcement…"
KAGGLE_00224,Machine Learning Engineer 2,PayPal,Bangalore,2022-06-26,,kaggle_2022,"4+ years of experience as a Data Scientist with expertise in Statistics, Machine learning, Deep learning.,Our platforms also equip our customer support agents…"
KAGGLE_00225,Data Engineer,Freedom From Diabetes,Pune,2022-07-22,,kaggle_2022,"Experience Working with Various reporting tools like Tableau, Google Data Studio, Looker, Qlik, and Power BI.,Experience Working NOSQL or SQL database and other…"
KAGGLE_00226,Program Manager,Oracle,Bangalore,2022-07-06,,kaggle_2022,Manage the development and implementation process of a specific company product involving departmental or cross-functional teams focused on the delivery of new…
KAGGLE_00227,Data Science - Intern,Paytm,Noida,2022-06-26,,kaggle_2022,"This team uses machine-learning algorithms to solve various business problems by developing statistical models/scorecards.,Should be an expert in Excel."
KAGGLE_00228,Software Engineer,Micro Focus,Bangalore,2022-06-26,,kaggle_2022,"Secure and scalable, with analytics built in, they bridge the gap between existing and emerging IT at fast-tracking digital transformations across DevOps,…"
KAGGLE_00229,R&D Engineer,NOKIA,Bangalore,,,kaggle_2022,"At Customer Insights R&D, we work on the latest technology and build innovative products & use cases that provide 360-degree view of customer experience across…"
KAGGLE_00230,Software Engineer,Micro Focus,Bangalore,2022-06-26,,kaggle_2022,"Secure and scalable, with analytics built in, they bridge the gap between existing and emerging IT at fast-tracking digital transformations across DevOps,…"
KAGGLE_00231,Urgent Part Time Recruitment for Data Engineer With Oracle A...,Intellecto Global Services,Chennai,,,kaggle_2022,"Connecting, designing, scheduling, and deploying data warehouse systems.,Developing data pipelines and enable dash boards for stakeholders and."
KAGGLE_00232,Business Analyst ( Mandatory 3 to 4yrs Experience required ),TGS the global skills,Gurgaon,2022-07-20,,kaggle_2022,Responsibilities* • Gather and analyze data and provide technology solutions with a systems approach • Interpreting business requirements into understandable…
KAGGLE_00233,AI and ML Engineer,Visteon Corporation,Pune,2022-07-02,,kaggle_2022,"Develop product quality algorithms and solutions for camera based ADAS (Advanced Driver Assistance Systems) solutions like Driver Monitoring, In-car Cabin…"
KAGGLE_00234,Machine Learning Research Fellow,Skit.ai,Bangalore,2022-06-26,,kaggle_2022,"Its suite of speech and language solutions enable enterprises to automate their contact centre operations.,Collect, analyze and prepare datasets."
KAGGLE_00235,Data science,Ticker Job,Bangalore,2022-07-21,,kaggle_2022,"Envisioning, planning, and executing Machine Learning/Deep Learning projects.,Building systems to scale up to millions of predictions a day."
KAGGLE_00236,Data Scientist,Multirecruit,Bangalore,2022-07-23,,kaggle_2022,"Sound understanding of modern Machine learnings (Supervised, Semi-Supervised, and Unsupervised) and the mathematical underpinnings, and experience in using…"
KAGGLE_00237,Associate - Student Success,UpGrad,India,2022-06-26,,kaggle_2022,"At upGrad - we have partnered with leading universities such as IIIT Bangalore, BITS Pilani, MICA Ahmedabad, IMT Ghaziabad and Cambridge University's Judge…"
KAGGLE_00238,Sr Executive/ Asst. Manager Talent Acquisition,spocto solutions,Thane,2022-07-25,,kaggle_2022,"As a fintech company that uses Artificial Intelligence (AI) & Machine Learning (ML) to enhance customer reach, engagement, and interaction; spocto is a pioneer…"
KAGGLE_00239,DATA SCIENTIST,MAHIRA RESOURCES PRIVATE LIMITED,Hyderabad,2022-07-19,,kaggle_2022,"Scope includes data ingestion, processing, storage, analysis, machine learning, visualizations, and generation of predictive and prescriptive solutions."
KAGGLE_00240,Executive Assistant,Amex,Gurgaon,2022-07-24,,kaggle_2022,"The International Fraud Risk Management team, within the overall FRM organization, is focused on the identification and solutioning of fraud trends within the…"
KAGGLE_00241,Senior Data Scientist,Foundation AI (Cognial AI Solutions Pvt. Ltd.),Hyderabad,2022-07-21,,kaggle_2022,"Strong understanding of machine learning algorithms & principles (regression analysis, time series, probabilistic models, supervised classification and…"
KAGGLE_00242,"Remote Machine Learning Developer (Python, Pandas, Numpy)",Turing,Remote,2022-07-22,,kaggle_2022,"The selected candidate will be responsible for developing innovative machine learning models for various applications.,Experience in PyTorch and SQL is a plus."
KAGGLE_00243,Data Artitect,Valiance Solutions,Noida,2022-07-05,,kaggle_2022,"Machine Learning Engineering lake Warehousing Analytics.,Overall, 6 years plus experience with minimum 2 years’ designing and architecting."
KAGGLE_00244,Data Scientist,Infosys Limited,Bangalore,2022-06-26,,kaggle_2022,"Soft Skills • Good verbal & written communication skills – articulate value of AI to business, project managers & other team members • Ability to break complex…"
KAGGLE_00245,Technology Lead : Data Science I Machine Learning,Infosys Limited,Bangalore,2022-06-26,,kaggle_2022,"A day in the life of an Infoscion • As part of the Infosys delivery team, your primary role would be to interface with the client for quality assurance, issue…"
KAGGLE_00246,Senior Data Analyst - Data Engineering/Analytics,Exusia,Bangalore,2022-07-22,,kaggle_2022,"Data experience working with complex large datasets / big data performing data analysis, data profiling, data mapping and data modeling is required."
KAGGLE_00247,Data Science Associate,Data Analytics Solutions,Indore,2022-07-25,,kaggle_2022,"Generate ideas for new product creation around machine learning and data science.,3+ years’ experience working with data using SQL."
KAGGLE_00248,Data Science Trainee with PPO,Yeag Technology,Remote,2022-07-22,,kaggle_2022,Must have interest on Programming side and look forward to make career in Data Science with our clientele Network.
KAGGLE_00249,Data Science/Data Analytics,Intrics Solutions Pvt Ltd,Noida,2022-07-22,,kaggle_2022,"Ability to work on large scale data (structured and unstructured) having applied fundamentals in data management, parallel computing, and distributed systems."
KAGGLE_00250,Data Science Internship Opportunity for University Graduates,Microsoft,India,2022-07-16,,kaggle_2022,"Bring data to life using rich visualizations.,Analyze petabytes of data and mine patterns from logs.,Develop highly scalable classifiers, data regression,…"
KAGGLE_00251,Data science,Gex Search,Hyderabad,,,kaggle_2022,"Create data tools for analytics and data scientist team members that assist them in building and.,Build the infrastructure required for optimal extraction,…"
KAGGLE_00252,Data Science/Data Analytics,Excellence and Eminence LLP,Bangalore,2022-07-21,,kaggle_2022,"Hands-on experience with data science tools.,Data mining or extracting usable data from valuable data sources.,This is an immediate requirement."
KAGGLE_00253,Data Science & Analytics,Samsung Electronics,Bangalore,2022-06-26,,kaggle_2022,"Calculating and reporting optimized metric result for data.,[Root cause analysis] Finding root cause analytically or intuitively why algorithms did not perform…"
KAGGLE_00254,Software Engineering Internship Opportunity for University G...,Microsoft,India,2022-07-05,,kaggle_2022,"Ability to demonstrate an understanding of computer science fundamentals, including data structures and algorithms.,O Providing and soliciting design feedback."
KAGGLE_00255,Data Science,Globussoft Technologies,Bangalore,2022-07-05,,kaggle_2022,"Develop custom data models and algorithms to apply to data sets.,Extending company’s data with third party sources of information when needed."
KAGGLE_00256,Data Science Consultant / Senior Consultant,Thanks Buddy,Bangalore,2022-07-21,,kaggle_2022,"Proficiency in data science approaches, machine learning algorithms and statistical methods.,Experience in designing data science solution approaches to…"
KAGGLE_00257,Data Scientist: Artificial Intelligence,IBM,Gurgaon,2022-07-09,,kaggle_2022,"As a Data Scientist at IBM, you will help transform our clients’ data into tangible business value by analyzing information, communicating outcomes and…"
KAGGLE_00258,Analyst - Data Science,Amex,Gurgaon,2022-07-22,,kaggle_2022,"Services business and is responsible for developing data science solutions for marketing use cases through best-in-class.,Track and diagnose market changes."
KAGGLE_00259,"Software Engineering Intern, Winter 2023",Google,Bangalore,2022-07-14,,kaggle_2022,"Apply knowledge gained in computer science courses to real-world problems.,You will research, conceive and develop software applications to extend and improve…"
KAGGLE_00260,Data Science - Intern,Paytm,Noida,2022-06-26,,kaggle_2022,"Flexible to work on Large raw data.,Analyse data and share all findings for business growth.,Business context alignment, data-wrangling, innovative feature…"
KAGGLE_00261,Data Science Consultant,ITC Infotech India Ltd,Bangalore,2022-07-21,,kaggle_2022,"3 to 7 Years of experience associated with respective technical expertise areas - NLP/NLU, Unstructured Data Mining."
KAGGLE_00262,Content Strategist - Data Science,Testbook,Mumbai,2022-07-23,,kaggle_2022,"Plan and develop content for assigned vertical/program.,Audit and bring required changes in the content being delivered to ensure learning outcomes are meet."
KAGGLE_00263,Cyber Intelligence Specialist (Junior),FENG GROUP,Patna,2022-07-25,,kaggle_2022,"Basic understanding of utilizing threat intelligence to mitigate any potential data threats and defend data;,Must be able to communicate with executives, CTOs …"
KAGGLE_00264,Data Analyst,Foxx Life Sciences Pvt Ltd,Remote,2022-07-22,,kaggle_2022,"Techniques in data design and data management.,Provide data to users by extracting that data from the ERP system.,Other projects and duties as assigned."
KAGGLE_00265,Data Science Analytics,Aavas Financiers Limited,Jaipur,2022-07-23,,kaggle_2022,"Experienced in data management, data analysis, data extraction.,Inferring from changing data trends and further providing insights/business solution…"
KAGGLE_00266,Data science,Ticker Job,Bangalore,2022-07-21,,kaggle_2022,"Data science: 4 years (Required).,Envisioning, planning, and executing Machine Learning/Deep Learning projects.,Experience with SQL and NoSQL databases."
KAGGLE_00267,Data Science - Consultant,ALIQAN Technologies,Bangalore,2022-07-09,,kaggle_2022,"Big data hadoop: 1 year (Required).,Immediate to 20 days joining duration*.,Experience: * 4-7 years of experience in a computer vision role."
KAGGLE_00268,Data Engineer,Ultrafly Solutions Private Limited,Bangalore,2022-07-23,,kaggle_2022,"Data pipeline builder and data wrangler who enjoys optimizing data systems.,Software developers, data analysts and data scientists on data initiatives and."
KAGGLE_00269,Analyst,IQVIA,Bangalore,2022-07-24,,kaggle_2022,"Provides high quality, on-time input to client projects in the life sciences field.,Proactively develops a basic knowledge of consulting methodologies and the…"
KAGGLE_00270,USI Consulting - S&A - HS&I - Converge Consumer - Data Scien...,Deloitte,Bangalore,2022-06-29,,kaggle_2022,"Experience using statistical computer languages to prepare data for analysis, visualize data as part of exploratory analysis, generate features, and other…"
KAGGLE_00271,Associate II - Data Analysis,UST Global,Thiruvananthapuram,2022-07-07,,kaggle_2022,"Acquiring data from various sources.,Consider only relevant data from the mined data and convert it into a format which is consistent and analysable."
KAGGLE_00272,"Faculty - Python, Data Science, Full Stack",TGC Animation and Multimedia,Delhi,2022-07-21,,kaggle_2022,"Pythontrainin.Net powered by TGC, a leading software Training institute based in Pitampura in north-west Delhi, urgently needs experienced trainer to teach…"
KAGGLE_00273,Data Science Intern,Emerging India Analytics,Noida,2022-07-25,,kaggle_2022,"Job Description for Data Science Intern (EdTech): *.,*The candidate must have knowledge on different Data Science Tools. *.,*There is no Work from Home*."
KAGGLE_00274,Data Science Intern,Hashwide Pvt Ltd,Ernakulam,2022-07-22,,kaggle_2022,"Project to involve advanced data analytics and emerging technologies, working with data science and business experts."
KAGGLE_00275,Data Scientist - Team AI Science,CropIn Technology Solutions,Bangalore,2022-07-16,,kaggle_2022,"Our R&I (Research and Innovation) has scientists from the Ag, weather, Geo-spatial, data to computer sciences, all collaborating together to bring meaningful…"
KAGGLE_00276,QA Engineer - Hitachi Astemo Gurugram Powertrain Systems,"Hitachi India Pvt, Ltd.",Noida,,,kaggle_2022,"Company: Hitachi Astemo Gurugram Powertrain Systems.,Salary Range: 360000 - 480000 PA.,Hitachi Astemo Gurugram Powertrain Systems creates clean engine…"
KAGGLE_00277,Data Science Trainer,FirstBit Solutions,Pune,2022-07-20,,kaggle_2022,"We are looking for passionate and highly skilled Data Science Trainers to be part of our team.,Expected to have thorough knowledge of subject matter."
KAGGLE_00278,Data Science Platform Support Analyst,Barclays,Pune,2022-07-24,,kaggle_2022,"Use insights based on data to inform decisions.,Job Title: Data Science Platform Support Analyst.,Barclays is a British universal bank.,What will you be doing?"
KAGGLE_00279,Data Science Engineer,Tuebora,Bangalore,2022-06-26,,kaggle_2022,"Data analysis on a variety of production data.,Data curation, data transformation and regression, clustering using Python."
KAGGLE_00280,Data Analyst 2-8,PayPal,Bangalore,2022-07-22,,kaggle_2022,"Leveraging data analysis tools and technologies.,Ensuring the team is delivering on our KPIs by using various data mining and data visualization tools to…"
KAGGLE_00281,Data Science – Sr. Associate,ALIQAN Technologies,Bangalore,2022-07-09,,kaggle_2022,"Job Title: Data Science* - *Sr.,Location: Bangalore (Work From Home)*.,Experience: * 18 months to 4 years of experience in a computer vision role."
KAGGLE_00282,Data science internship,Trukky Logistics,Gurgaon,2022-06-30,,kaggle_2022,"Drop us an email at careers@trukky.com.,We’ll be happy to hear from you.,Alternatively, choose from our list of challenges."
KAGGLE_00283,Analyst - Tech Consulting - National - Data & Analytics - Ba...,EY,Bangalore,2022-07-16,,kaggle_2022,"EY is looking for Analyst in IT Advisory.,An important part of your role will be to assist Seniors & Managers while actively participating within the client…"
KAGGLE_00284,Data Science Trainer,Hellowork Technologies Pvt Ltd,Bangalore,2022-07-21,,kaggle_2022,"Skills Good Knowledge in Python, DataScience, Statistics, Artificial Intelligence & Machine learning Training Candidates on data science, AI & ML Core concepts…"
KAGGLE_00285,Data Science Senior Analyst,Accenture,India,2022-07-20,,kaggle_2022,"Manage, architect, and analyze big data to build data driven business insights and high impact data models to generate significant business value."
KAGGLE_00286,Data And Analytics - CRL 2.0 Data Science,EY,Bangalore,2022-07-13,,kaggle_2022,"Enabled by data and technology, diverse EY teams in over 150 countries provide trust through assurance and help clients grow, transform and operate."
KAGGLE_00287,Data Engineer (Junior),FENG GROUP,Remote,2022-07-16,,kaggle_2022,"You will use various methods to transform raw data into useful data systems.,Work with Data Scientists/BI teams to assist with data-related technical issues and…"
KAGGLE_00288,Data Science Engineer,AMSYS Innovative Solution,Remote,2022-06-26,,kaggle_2022,"We are looking for a Data science engineer to help with basic foundational data structures.,Analyze and organize raw data.,Build data systems and pipelines."
KAGGLE_00289,Data Analyst Intern,GUVI GEEK NETWORK PRIVATE LIMITED,Chennai,2022-07-22,,kaggle_2022," Reorganizing data in a readable format., A bachelor degree in computer science., Supporting initiatives for data integrity and normalization."
KAGGLE_00290,Software Engineering Full Time Opportunity for University Gr...,Microsoft,India,2022-07-05,,kaggle_2022,"Ability to demonstrate an understanding of computer science fundamentals, including data structures and algorithms.,Learn more about our cultural attributes."
KAGGLE_00291,Machine Learning Data Engineer,BlueOptima,Bangalore,2022-07-25,,kaggle_2022,"Strong statistical analytics skills demonstrated through data engineering or similar experience.,We cater to all products within BlueOptima, supercharging their…"
KAGGLE_00292,Data Analyst,Patra Corp,Remote,2022-07-20,,kaggle_2022,"Research opportunities for data acquisition and new uses for existing data.,Recommend ways to improve data reliability, efficiency and quality (e.g. data…"
KAGGLE_00293,DATA SCIENCE TRAINER,Nettech India,Thane,2022-07-23,,kaggle_2022,"POSITION TITLE*- DATA SCIENCE TRAINER.,KEY RESPONSIBILITIES-*Perform following jobs.,Teach PYTHON programming , machine learning and AI."
KAGGLE_00294,Data Scientist,Mindtree,Bangalore,2022-07-01,,kaggle_2022,"# Experience with common data science toolkits such as R, Numpy, Pandas, Sklearn, Matplotlib, tensorflow SPECIALIZATION As we increasingly harness the power of…"
KAGGLE_00295,Data Scientist,Pinimbus Software Ltd,Hyderabad,2022-07-26,,kaggle_2022,"Familiarity with Data Engineering techniques to gather, prepare, cleanse and transform data for analysis and AI automation, including data pipelines. *."
KAGGLE_00296,Data Architect,Miracle Software Systems,India,,,kaggle_2022,"Bachelor's degree in mathematics, statistics, computer science or related field.,India-Miracle City Exp 5 - 7 Years."
KAGGLE_00297,Data Science - Python Developer,Cyient,Pune,2022-06-26,,kaggle_2022,"Machine Learning skills: Skills to develop computer programs that can access data and use it learn for themselves.,Microsoft Excel: advanced Excel skills."
KAGGLE_00298,Junior Data Scientist,Conxai Technologies GmbH,Bangalore,2022-07-25,,kaggle_2022,"BCA / BSc. / BTech or higher with experience in data annotation and data science.,A substantial part of your work will involve annotating data."
KAGGLE_00299,Data Scientist,Barclays,Delhi,2022-07-21,,kaggle_2022,"Keeps abreast of the latest developments in data science and shares that knowledge with colleagues across the bank, to reinforce DNA’s status as a centre of…"
KAGGLE_00300,Data Science Trainer,Learn Digital Academy,Bangalore,2022-07-21,,kaggle_2022,"Training Candidates on data science, AI & ML.,We are looking for an experienced & creative Data Science Trainer with strong creative skills and a portfolio of…"
KAGGLE_00301,Data Scientist,Mindtree,Bangalore,2022-07-01,,kaggle_2022,"# Processing, cleansing, and verifying the integrity of data used for analysis.,# Conduct ad-hoc analysis, present results in a clear manner and deploy models…"
KAGGLE_00302,Data Architect,Miracle Software Systems,India,,,kaggle_2022,"Bachelor's degree in mathematics, statistics, computer science or related field.,Strong math and analytical skills are essential to complete job requirements…"
KAGGLE_00303,Data Science - Python Developer,Cyient,Pune,2022-06-26,,kaggle_2022,"Machine Learning skills: Skills to develop computer programs that can access data and use it learn for themselves.,Microsoft Excel: advanced Excel skills."
KAGGLE_00304,Junior Data Scientist,Conxai Technologies GmbH,Bangalore,2022-07-25,,kaggle_2022,"BCA / BSc. / BTech or higher with experience in data annotation and data science.,A substantial part of your work will involve annotating data."
KAGGLE_00305,Data Science Trainer,Learn Digital Academy,Bangalore,2022-07-21,,kaggle_2022,"Training Candidates on data science, AI & ML.,To deliver course material through lectures/sessions as per the pre-decided curriculum.,3- 5 years of experience."
KAGGLE_00306,Data Scientist,Barclays,Delhi,2022-07-21,,kaggle_2022,"Keeps abreast of the latest developments in data science and shares that knowledge with colleagues across the bank, to reinforce DNA’s status as a centre of…"
KAGGLE_00307,"Sales Engineer(analytics, data science, or BI)",Crux Intelligence,Bangalore,2022-07-21,,kaggle_2022,"Previous experience in implementation or technical consultant role in analytics, data science, or business intelligence; SaaS enterprise software experience…"
KAGGLE_00308,Data Science Specialist,Skill-Lync,Bangalore,2022-07-20,,kaggle_2022,"He will use advanced data modelling, predictive modelling, and analytical techniques to interpret key findings from company provided data and leverage these…"
KAGGLE_00309,Data Science Trainer,Uncodemy,Noida,2022-07-16,,kaggle_2022,"We are looking for Data Science Trainer with at least 1+ year of Training experience.,Taking Data Science batches in Online and Offline mode."
KAGGLE_00310,Data Science Intern,Honeybee Digital,Gandhinagar,2022-07-23,,kaggle_2022,"Proficiency in Python and various data-handling and visualization libraries like NumPy Pandas.,Help Lead Data Scientists with Research and Consulting Projects."
KAGGLE_00311,Data Analyst,Quotient Technology,Bangalore,,,kaggle_2022,"Identify and assess key opportunity areas where data and science can enhance products.,3 to 6 years’ experience in applying data and science to improve products…"
KAGGLE_00312,Data Analytics Developer,Standard Chartered,Bangalore,2022-07-12,,kaggle_2022,"Supporting initiatives for data integrity and normalization.,Educational background in statistics, computer science.,Methodical and logical approach to work."
KAGGLE_00313,Data Analyst,Benchmark Digital Partners,Bangalore,,,kaggle_2022,"Able to understand various data structures and common methods in data transformation.,Must be able to clearly understand and articulate a data science problem…"
KAGGLE_00314,Data Scientist,Testbook,Mumbai,2022-07-07,,kaggle_2022,"Evidence of solving and deploying solutions for data science problems in industry.,Good understanding of data structures, algorithms, coding, python libraries,…"
KAGGLE_00315,"Specialist, Data Science",Standard Chartered,Bangalore,2022-06-26,,kaggle_2022,"Develop data driven insights in Cash data.,Perform data analytics tasks as requested by Business.,Work closely with product owners to mine relevant data."
KAGGLE_00316,Data Science Engineer,Johnson Electric,Chennai,,,kaggle_2022,"Expert in Python, with experience using Jupyter, Numpy, Matplotlib, Scikit-learn and other basic data science tools and libraries in python."
KAGGLE_00317,Data Scientist,C2FO ITPL,Noida,2022-07-22,,kaggle_2022,"The D&DS team is responsible for C2FO’s end-to-end data solutions, focusing on data architectures, data science and machine learning, business intelligence and…"
KAGGLE_00318,Data Engineer: Data Warehouse,IBM,Pune,2022-07-21,,kaggle_2022,"Perform data profiling and analysis using a variety of tools.,Experience in Data Migration from RDBMS to Snowflake cloud data warehouse."
KAGGLE_00319,Data Scientist,Orange Business Services,India,2022-07-26,,kaggle_2022,"Expert in data science, ML/AI subjects.,Knowledge of using statistical languages (Python, Scala, SQL, etc.) to manipulate data and draw insights from large data…"
KAGGLE_00320,Digital Analyst - LiveOps Data Science - QuantumBlack Labs,McKinsey & Company,Gurgaon,2022-07-20,,kaggle_2022,"You will apply data science expertise to assure sustainable impact of ML solutions developed.,Graduate or postgraduate degree in computer science, engineering,…"
KAGGLE_00321,DATA SCIENTIST,Marktine Technology Solutions,Bangalore,2022-07-23,,kaggle_2022,"The candidate should understand data science methods, and visualization techniques to leverage internal and external data to identify and develop ways to…"
KAGGLE_00322,"Transformation Lead, Healthcare and Data Science",Bosch Group,Bangalore,2022-06-26,,kaggle_2022,Data science horizontal offers solutions and services to improve client businesses by deploying data science capabilities at scale.
KAGGLE_00323,Data Engineer: Data Integration,IBM,Hyderabad,2022-07-14,,kaggle_2022,"Demonstrated ability in solutioning covering data ingestion, data cleansing, ETL, data mart creation and exposing data for consumers."
KAGGLE_00324,Data Scientist,Serendipity corporate services,Bangalore,2022-07-23,,kaggle_2022,"Primary skills : - Data science ( ML ), NLP ,computer vision and SQL.,Ability to read and implement research papers and propose solutions and strategies to…"
KAGGLE_00325,Data Scientist,MARJ TECHNOLOGIES,Noida,2022-07-21,,kaggle_2022,"Experience with data bases, query languages, and associated data architecture.,Develop and implement artificial intelligence and machine learning models to…"
KAGGLE_00326,TA- Data Science- Freelancer,Testbook,Mumbai,2022-06-26,,kaggle_2022,"Assist students to gain a clear understanding of the topics.,Proactively clear students’ doubts, guide & motivate them."
KAGGLE_00327,Senior Analyst-Data Science,Accenture,Bangalore,2022-07-06,,kaggle_2022,"In the Data Science team, you will manage and analyze data in order to build data driven business insights and high impact data models to generate significant…"
KAGGLE_00328,Data Science developer,Intellecto Global Services,Chennai,,,kaggle_2022,"The candidate has to work *2hrs *daily.,Minimum 5 years of experience in Data Science development.,Should have experience in developing End to End solutions."
KAGGLE_00329,Google Analyst,GunjanApps Studios & Solutions LLP,Kolkata,2022-07-20,,kaggle_2022,"Developing and maintaining databases, data systems – reorganizing data in a readable format.,Knowledge of data visualization software like Tableau, Qlik."
KAGGLE_00330,Data Engineer |,MasterCard,Gurgaon,2022-06-26,,kaggle_2022,"Act as an expert data resource within the team.,The Delivery Engineering Platform team is a core component to consulting services, managing the data acquisition…"
KAGGLE_00331,"Product Analyst, Data Science, Engineering",Google,Bangalore,2022-06-26,,kaggle_2022,"You will weave stories with meaningful insight from data.,You will work to effectively turn business questions into data analysis, and provide meaningful…"
KAGGLE_00332,Data Science,ZunRoof Tech,Gurgaon,2022-06-26,,kaggle_2022,"To breakdown complex problems and recommend data science products.,Assess the effectiveness and accuracy of new data sources and data gathering techniques."
KAGGLE_00333,Research Science Analyst _Global Banking Pool_Gurugram,McKinsey & Company,Gurgaon,2022-07-22,,kaggle_2022,"Outstanding attention to detail and dedication to data accuracy.,Our GBP team specifically focuses on product-level market-sizing across full spectrum of…"
KAGGLE_00334,Junior Data Scientist,Hyringninja,Mumbai,2022-07-23,,kaggle_2022,"Good mathematical background and knowledge of data science, deep learning, machine learning and artificial intelligence would be an added advantage."
KAGGLE_00335,Consultant Data Science & Analytics,TransUnion,Mumbai,2022-07-07,,kaggle_2022,"Lead new HPC environment setup on behalf of data science teams.,The role will partner with internal and external cross-functional teams to drive the setup and…"
KAGGLE_00336,Cyber Intelligence Specialist (Senior),FENG GROUP,Patna,2022-07-21,,kaggle_2022,"Maintain awareness of the global threat landscape and review complex, technical threat data, enrich it with contextual information, and produce finished…"
KAGGLE_00337,"Analyst, Data Unification & Analytics, Cyber & Intelligence...",MasterCard,Gurgaon,2022-06-26,,kaggle_2022,"Experience in hands-on data modeling, programming, querying, data mining and report development using large volumes of granular data to deliver business…"
KAGGLE_00338,Cloud Data Science Lead,Virtusa,Bangalore,2022-07-23,,kaggle_2022,"Sound knowledge and exposure to exploratory text data analysis.,Experience and knowledge in data pipeline design and implementation."
KAGGLE_00339,Data Scientist,MasterCard,Gurgaon,2022-06-26,,kaggle_2022,"Experience in data management, data mining, data analytics, data reporting, data product development and quantitative analysis."
KAGGLE_00340,Senior Member Technical Staff - OCI Data Science,Oracle,Bangalore,2022-06-26,,kaggle_2022,"At every level, our engineers have a significant technical and business impact designing and building innovative new systems to power our customer’s business…"
KAGGLE_00341,Data Engineering Architect,Mercedes-Benz Research and Development India...,Bangalore,2022-07-13,,kaggle_2022,"As a Senior Technical Lead, you will be responsible to analyze battery performance time series data (big data) of electric vehicles by developing high…"
KAGGLE_00342,Data Integrity - Analyst,Deloitte,Hyderabad,2022-07-14,,kaggle_2022,"Provides end-to-end support around database management, data visualization, data science, data reporting and technology development.,1 to 3 years of experience."
KAGGLE_00343,Consultant - Data Science,Bristlecone,Pune,2022-07-19,,kaggle_2022,"Strong analytical techniques, data mining knowledge, and proficiency in handling and processing large amounts of data is needed."
KAGGLE_00344,Data Scientist,Accubits Technologies,India,2022-06-26,,kaggle_2022,"Develop custom data models and algorithms to apply to data sets.,Assess the effectiveness and accuracy of new data sources and data gathering techniques."
KAGGLE_00345,Data Analyst (Statistician),BuzzBoard,Remote,2022-07-15,,kaggle_2022,"Acquire data from primary or secondary data sources and maintain databases/data systems.,Technical expertise regarding data models, data base design development…"
KAGGLE_00346,Data Scientist,iMentus Technologies,Indore,2022-07-22,,kaggle_2022,"Hands-on experience with data science tools.,Data mining or extracting usable data from valuable data sources.,Collaborate with Business and IT teams."
KAGGLE_00347,Jr. Software Engineer,Shiksha,Patna,2022-07-22,,kaggle_2022,"Communicating key project data to team members and building cohesion among teams.,A bachelor's degree in computer science, software engineering, or another…"
KAGGLE_00348,Data science freelance Trainer,Coachx.live,Pune,2022-07-24,,kaggle_2022,"We are looking out for people with excellent technical knowledge and good communication skills to conduct training programs, who can design and deliver the…"
KAGGLE_00349,Data Science,OakNorth Bank,Bangalore,2022-06-26,,kaggle_2022,This will help us to analyze large financial/market/high-frequency data sets and provide business performance conclusions for companies across multiple sectors…
KAGGLE_00350,Data Science Application Developer,Accenture,Hyderabad,2022-07-20,,kaggle_2022,Professional Attributes : Able to understand various data structures and common methods in data transformation Excellent pattern recognition and predictive…
KAGGLE_00351,Data Engineer,Dataminerz Innovative Solutions,Delhi,2022-07-23,,kaggle_2022,"Experience in a data engineering role developing Python and Spark data.,Top-decile data engineering skills; strength in SQL and Python for data transformations."
KAGGLE_00352,Data Engineer,HRhelpdesk,Noida,2022-07-21,,kaggle_2022,Design and implement data pipelines for acquiring and transforming raw plant floor data into actionable information.
KAGGLE_00353,Reporting and Analytics Data Science Practitioner,Accenture,Bangalore,2022-07-14,,kaggle_2022,"Key Responsibilities : - Interpret data, analyze results using statistical techniques and provide ongoing reports - Undertake pre-processing of structured and…"
KAGGLE_00354,Quality Engineer- Manual,Swific Technology Pvt. Ltd.,Bangalore,2022-07-18,,kaggle_2022,"Lio helps its users organize their data efficiently on their mobile phones.,The problem the company is addressing is the lack of high quality data creation &…"
KAGGLE_00355,Data Engineer: Big Data,IBM,Hyderabad,,,kaggle_2022,"Implement scalable solutions to meet the ever-increasing data volumes, using big data/cloud technologies Pyspark, Kafka, any Cloud computing etc."
KAGGLE_00356,Consultant Data science,Aliqan Technologies,Bangalore,2022-07-20,,kaggle_2022,"Immediate to 20 days joining duration*.,Experience: * 4-7 years of experience in a computer vision role.,Plays a key role in designing and vetting of project…"
KAGGLE_00357,Data Analyst,Serendipity corporate services,Hyderabad,2022-07-19,,kaggle_2022,"Data science: 6 years (Preferred).,*6*+ years of experience in data analytics and consulting.,Advanced programming skills; proficiency with R or Python;…"
KAGGLE_00358,Data Operations Specialist,IQVIA,Bangalore,2022-07-22,,kaggle_2022,Works with Account Managers and customers to get detailed data specifications • Manages data segmentation requests to determine the optimum data set for each…
KAGGLE_00359,Data Operations Specialist,IQVIA,Bangalore,2022-07-22,,kaggle_2022,Works with Account Managers and customers to get detailed data specifications • Manages data segmentation requests to determine the optimum data set for each…
KAGGLE_00360,Risk - CCB - Fraud Risk (Data Science) - Associate,"JPMorgan Chase Bank, N.A.",Bangalore,2022-07-18,,kaggle_2022,Perform ad-hoc exploratory statistics and data mining tasks on diverse datasets from small scale to 'big data'.
KAGGLE_00361,Data Engineer,Meridian soft,Bangalore,2022-07-21,,kaggle_2022,"Strong in data science python libraries like NumPy, Pandas.,Good understanding of data models and relationships among the data."
KAGGLE_00362,Senior Data Analyst,Maxim Research Private Limited,Pune,2022-07-22,,kaggle_2022,"Working knowledge of data science/analysis programing languages such as R or Python.,Demonstrated experience using SQL (Structured Query Language) to query…"
KAGGLE_00363,Data Engineer,IDFC FIRST Bank,Bangalore,2022-07-19,,kaggle_2022,Own and organize clean data using models for so that data may be available for various banking requirements and resolving critical business-challenges; given…
KAGGLE_00364,Data Engineer I,DXC Technology,Bangalore,2022-07-21,,kaggle_2022,"Responsible for Design and development of efficient data ELT/ETL processes in Azure ADF, Databricks, Synapse, T-SQL etc that leverage External and Internal data…"
KAGGLE_00365,MBOS_Data Science Engineer - Image Database,Mercedes-Benz Research and Development India...,Bangalore,2022-06-26,,kaggle_2022,"Knowledge of data warehouse technologies and relevant data modeling best practices.,Understanding of data science, machine learning, and AI is a plus."
KAGGLE_00366,Data Scientist,Nielsen,Bangalore,2022-07-23,,kaggle_2022,"(Computer science or related field).,Strong hands-on experience with SQL, data warehousing, dashboarding, and reporting, involving large datasets and multiple…"
KAGGLE_00367,Data Science - Manager,Deloitte,Bangalore,2022-06-26,,kaggle_2022,"Fluency in both structured and unstructured data (SQL, NOSQL).,Extensive experience using common machine learning and deep learning libraries and techniques,…"
KAGGLE_00368,Data Analyst- power-bi- SQL,T&N Business Services Pvt. Ltd.,Gurgaon,2022-07-21,,kaggle_2022,"*Knowledge of programming language like python will be added advantage for data science.*.,*Experience in dash boarding using google data studio and google…"
KAGGLE_00369,Data Analyst,Travitons Technologies Pvt Ltd,Pune,2022-07-23,,kaggle_2022,"Performing and documenting data analysis, data validation, and data mapping/design.,Creating tools to store data within the organization."
KAGGLE_00370,Web Developer – Fresher,IntelloGrit,Remote,2022-07-22,,kaggle_2022,"Integrate data from various back-end services and databases.,Write well designed, testable, efficient code by using best software development practices."
KAGGLE_00371,Telecom Networking,IBM,Noida,2022-07-24,,kaggle_2022,"Collects a complete and accurate customer data (minimum data sets).,Intermediate technical understanding of voice, data, ethernet products and related equipment…"
KAGGLE_00372,Data science,Blue Diamond Infotech PVT LTD,Thane,2022-07-23,,kaggle_2022,"Deliver practical training sessions for Data Science and Business Analytics.,Must have experience in Python, R, SQL, Data Analytics, and ML."
KAGGLE_00373,Associate - Data Science,TheMathCompany,Bangalore,2022-06-26,,kaggle_2022,"Along with solving complicated business problems for organizations using data science techniques, you will be the face of MathCo. in client engagements."
KAGGLE_00374,Quality Analyst,DR Global HR Services,Chennai,2022-07-20,,kaggle_2022,"Compile and analyze statistical data.,A bachelor's degree in computer science, information systems or a related field."
KAGGLE_00375,Data Science Engineer,Wabtec,Bangalore,,,kaggle_2022,Statistical processing experience using large datasets (Integrating and transforming disparate data sources and determining the appropriate data hygiene…
KAGGLE_00376,Senior Data Scientist,Foundation AI (Cognial AI Solutions Pvt. Ltd.),Hyderabad,2022-07-21,,kaggle_2022,"Processing, cleansing, and verifying the integrity of data used for analysis.,*Working with both structured and unstructured data (images, text, video, audio)*."
KAGGLE_00377,Data management engineer,Siemens,Gurgaon,2022-07-14,,kaggle_2022,"Candidate will also help to establish and improve the data stewardship and data governance processes for power plant fleet data.,Familiarity with SAP is a plus."
KAGGLE_00378,Operation Analyst,NetApp,Bangalore,2022-07-19,,kaggle_2022,"Determining appropriate metjods to analyze operations, relevant information and data.,You should have good skills in Microsoft office suite (e.e. poerwPoint,…"
KAGGLE_00379,Data Scientist - Data Science,Bristlecone,Mumbai,2022-07-19,,kaggle_2022,"Understand and adhere to Information Security policies, guidelines and procedure, practice them for protection of organizational data and Information System."
KAGGLE_00380,Python Data Science/java/Web Designing Trainer,MISNT Services Pvt.Ltd.,Dehra Dun,2022-07-17,,kaggle_2022,"Python Data Science /Artificial Intelligence /Machine learning /Java.,Survey Chowk, Dehra Dun - 248001, Uttarakhand: Reliably commute or planning to relocate…"
KAGGLE_00381,Data Analyst,Honeywell,Bangalore,2022-07-15,,kaggle_2022,"Have 2 to 4 years of data engineering experience in any data warehousing platform.,You will work on a team including scrum masters, product owners, data…"
KAGGLE_00382,Programmer Analyst (Junior),FENG GROUP,Patna,2022-07-21,,kaggle_2022,"Ability to understand functional/technical specifications and analyze data;,Our Client is from a Financial Services company that is looking for a passionate…"
KAGGLE_00383,Data science,VFI SLK,Bangalore,2022-07-16,,kaggle_2022,Voya’s Data Science Infrastructure and Implementation Team (DSIIT) develops solutions to maximize productivity of Voya’s data science function.
KAGGLE_00384,Data Science Consultant,Blue Yonder,Bangalore,2022-06-26,,kaggle_2022,"Experience with data visualization tools, such as D3.js.,Experience with common data science toolkits, such as Python, R, Weka, NumPy, MatLab, etc."
KAGGLE_00385,GIS Data Analyst,Carifer Technologies,Erode,2022-06-26,,kaggle_2022,"Produce reports on geographic data utilizing data visualizations.,Designing digital maps with geographic data and other data sources."
KAGGLE_00386,DATA SCIENTIST,MAHIRA RESOURCES PRIVATE LIMITED,Hyderabad,2022-07-19,,kaggle_2022,"Create automated systems for data error detection.,Proven ability to work with large, complex data.,Lead development of end-to-end streaming- and batch-data…"
KAGGLE_00387,Data Engineer: Enterprise Content Management,IBM,Gurgaon,2022-07-15,,kaggle_2022,"To think along with clients and sell.,As an OpenText Solution Architect, you will work in large-scale and complex business and technical environments,…"
KAGGLE_00388,Data Science Specialist,GE Aviation,Bangalore,2022-06-26,,kaggle_2022,"Work with data engineers on data quality assessment, data cleansing and data analytics.,Develop data science models to address supply chain and engine fleet…"
KAGGLE_00389,Data Science,Zee Entertainment Enterprises,Bangalore,2022-06-26,,kaggle_2022,Preferred: Ideally Masters or higher but we are flexible with candidates having right experience; Familiarity with model building lifecycle and deployment in…
KAGGLE_00390,Associate Data Science Engineer,Gramener,Hyderabad,2022-06-26,,kaggle_2022,"Feel the thrill of using data to tell stories.,Learn the ropes of converting Data Problems to Data Answers using AI/ML.,Any graduate or final year student."
KAGGLE_00391,Lead Data Analyst,Mercedes-Benz Research and Development India...,Bangalore,2022-06-26,,kaggle_2022,Data Factory: experience using data factory in an enterprise solution to build data pipelines would be an added advantage.
KAGGLE_00392,Data Scientist,Pfizer,Chennai,2022-07-23,,kaggle_2022,Emphasis will be on application of artificial intelligence (AI) systems and predictive modelling techniques across the drug development continuum using…
KAGGLE_00393,"Trainee Analyst, DS&M",GSK,Bangalore,,,kaggle_2022,"Awareness of converting structured and unstructured data from various sources.,Thorough computer skills, understanding of general data flow & interfaces."
KAGGLE_00394,Case Quality Management,IQVIA,Bangalore,2022-07-24,,kaggle_2022,"; must have excellent oral and written skills in English • Working knowledge of Pharmacovigilance databases, ICSR processing conventions and coding; strong…"
KAGGLE_00395,Data Science Trainer,Innomatics Research Labs,Hyderabad,2022-07-21,,kaggle_2022,"Minimum 4+ Years of experience in machine learning & data analytics.,Expert knowledge in Python, Statistics, Machine Learning, Artificial Neural Networks,…"
KAGGLE_00396,Junior Data Science Team Member,Imurgence,India,2022-06-26,,kaggle_2022,"Experience with common data science toolkits, such as R desirable.,Analyse data to help in better descision making.,Knowledge or experience of how APIs work."
KAGGLE_00397,Data Scientist,Visa,Bangalore,2022-07-13,,kaggle_2022,The person should have understanding and appreciation of data engineering concepts and systems while being an expert (beyond knowledge of libraries) in data…
KAGGLE_00398,Data Scientist,Shell,Bangalore,2022-07-09,,kaggle_2022,"Moreover, it’s a technical job where you’ll need to apply advanced statistical analysis and predictive analytics to real-life business problems."
KAGGLE_00399,BPS- Data & AI,IBM,Mumbai,2022-06-26,,kaggle_2022,Collecting and analyzing data to learn more about Clients Strategic Imperatives and designing a focused Short- & Long-Term Account Plan.
KAGGLE_00400,Manager - Data Science and Analytics (Insights),TransUnion,Mumbai,2022-06-29,,kaggle_2022,"This role will work on analytics solutioning, design, build and implementation for custom reporting and analytics as per client needs, working closely with…"
KAGGLE_00401,Data Science People Analytics,Unisys,Bangalore,2022-06-26,,kaggle_2022,"Apply your expertise in people research, quantitative analysis, data science and data visualization.,Experience in conducting primary and secondary research…"
KAGGLE_00402,Data Scientist,HP,Bangalore,2022-06-26,,kaggle_2022,"Work on multiple projects requiring data engineering & data science solutions development.,Contributes to industry data science domain initiatives."
KAGGLE_00403,Data Science- Corporate Trainer,Synergy plus business group consultant,Delhi,2022-07-17,,kaggle_2022,"Data science-trainer: 5 years (Required).,*We are looking for a Data Science Corporate trainer.*.,Note: Prior online training experience is a must.*."
KAGGLE_00404,Data Analyst,Culture Arc,Bangalore,2022-07-04,,kaggle_2022,"Acquire data from primary or secondary data sources and maintain databases/data systems.,Technical expertise regarding data models, database design development,…"
KAGGLE_00405,RestartWithInfosys-India-Dell Boomi,Infosys Limited,Bangalore,2022-06-26,,kaggle_2022,"Ability to work with clients to identify business challenges and contribute to client deliverables by refining, analyzing, and structuring relevant data •…"
KAGGLE_00406,Consulting Analyst,Great Place to Work,Bangalore,,,kaggle_2022,"Data analysis: identify, analyze and interpret data from surveys, workshops, participant feedback and progress during long term engagement."
KAGGLE_00407,Data Privacy Officer (Junior),FENG GROUP,Bangalore,2022-07-23,,kaggle_2022,"Working collaboratively with the internal compliance team for data privacy compliance requirements;,Basic knowledge of data privacy compliance requirements like…"
KAGGLE_00408,Data Base Administrator (SQL/Postgres SQL DBA),Albanero Dev Private Limited,Hyderabad,2022-07-26,,kaggle_2022,"Relevant Experience Required: * 2.5- 7 years.,Bachelor's Degree in Computer Science or Computer Engineering.,Expertise in writing and optimising SQL statements,…"
KAGGLE_00409,Business Insights Analyst,Masalabox Food Network Private Limited,Bangalore,2022-07-26,,kaggle_2022,Understand the visualization requirements of the team and accordingly prepare the data strategies to pull and present the required information.
KAGGLE_00410,data science trainer-Big Data,Presidency Digital India Pvt. Ltd.,Mumbai,2022-07-22,,kaggle_2022,Translate complex functional and technical requirements into detail design Implementing ETL process for integration of data from disparate sources.
KAGGLE_00411,Application Developer: JD Edwards,IBM,Kolkata,,,kaggle_2022,"Ability to drive workshops, obtain requirements & perform gap analysis, create design, prepare & execute testing & data conversion,."
KAGGLE_00412,Junior ML/ Data Science Engineer,mStack Inc,Kochi,2022-07-05,,kaggle_2022,"We are looking for data science engineers who have strong interest in data science.,Acquire data from primary or secondary data sources and perform data tagging…"
KAGGLE_00413,Application Architect: Data Platforms,IBM,Hyderabad,2022-07-13,,kaggle_2022,"Proven ability in multiple disciplines of data warehousing such as data access, ETL and data management.,Responsible for Hadoop development and implementation…"
KAGGLE_00414,Data Scientist,Intuit,Bangalore,2022-07-13,,kaggle_2022,"2+ years experience with data science.,You must be comfortable partnering with those directly involved with big data infrastructure, software, and data…"
KAGGLE_00415,Lead- Data Science,MMC Corporate,Mumbai,2022-07-23,,kaggle_2022,"Advanced knowledge of script editor to connect and retrieve data from various data sources at the extraction stage.,6 months instalment option through payroll."
KAGGLE_00416,Associate - QR Strats Data Analytics - APAC,Morgan Stanley,Mumbai,2022-07-23,,kaggle_2022,"Automate construction of complex data models consisting of data from diverse data sources across the firm.,An understanding of feature engineering from data."
KAGGLE_00417,Data Scientist Level-2,Ignatiuz Software Pvt. Ltd,Indore,2022-07-19,,kaggle_2022,"3+ years of hands-on experience with data science or analytics in a business context.,Aptitude for data manipulation and Exploratory analysis techniques;…"
KAGGLE_00418,"Manager, Data Science 2",PayPal,Bangalore,2022-07-08,,kaggle_2022,"Leveraging data analysis tools and technologies.,Ensuring the team is delivering on our KPIs by using various data mining and data visualization tools to…"
KAGGLE_00419,Data Engineer,BI3 Technologies India Pvt Ltd,Chennai,2022-07-23,,kaggle_2022,"Ø Work with data and analytics experts to strive for greater functionality in our data systems.,Ø Build the infrastructure required for optimal extraction,…"
KAGGLE_00420,Data Science Consultant Lead,Serendipity Corporate Services,Pune,,,kaggle_2022,"Understanding of data structures, data modelling and software architecture.,Transforming data science prototypes and applying appropriate ML algorithms and…"
KAGGLE_00421,Data Scientist,tiket.com,India,2022-07-20,,kaggle_2022,"Knowledge of data science concepts (regression, classification, clustering,.,Mining/data analysis methods, using a variety of data tools, building and."
KAGGLE_00422,Data Science- AI Product,Spectral Consultants,Bangalore,2022-07-19,,kaggle_2022,"Owning the development of AI component within product for accuracy & efficiency.,Involve in research & conceptualization & product design for new product line."
KAGGLE_00423,Data Scientist,Resource Tree,Chennai,2022-07-22,,kaggle_2022,"Experience in *different visualization techniques, data profiling and data validation*.,Researching solutions to overcome data analytics challenges."
KAGGLE_00424,Data Scientist,drivebuddyAI,Remote,2022-07-23,,kaggle_2022,"Work with data storage like SQL & NoSQL DBs.,Experience with mathematical models for data patterns & profiling.,Data gathering, analysis & report generations."
KAGGLE_00425,Data Science Analytics Manager,Accenture,Gurgaon,2022-07-20,,kaggle_2022,"I Design and implement scalable data repositories to integrate qualitative and quantitative research data.,I Create foundational data capabilities by leveraging…"
KAGGLE_00426,L3 Consultant Data Science - Remote,Aliqan Technologies,Bangalore,2022-07-15,,kaggle_2022,The ideal candidate will be responsible for creating data driven solutions that at the core are driven by relevant learning algorithms.
KAGGLE_00427,Senior Specialist - Data Science,Accelya,Pune,2022-06-26,,kaggle_2022,"Assess the effectiveness and accuracy of new data sources and data gathering techniques.,Develop custom data models and algorithms."
KAGGLE_00428,Associate Test Engineer,IQVIA,Bangalore,2022-07-24,,kaggle_2022,"Develops and executes test plans and scripts to confirm the quality and success of various technologies.,Manual and automated testing of applications and web…"
KAGGLE_00429,Data & Analytics Analyst,NatWest Group,Gurgaon,2022-06-26,,kaggle_2022,"Knowledge of data engineering, data science and decisioning disciplines.,Sharing relevant updates with key stakeholders bringing together advanced analytics,…"
KAGGLE_00430,Data Science Analytics Manager,Accenture,Gurgaon,2022-07-20,,kaggle_2022,"I Design and implement scalable data repositories to integrate qualitative and quantitative research data.,I Create foundational data capabilities by leveraging…"
KAGGLE_00431,Senior Specialist - Data Science,Accelya,Pune,2022-06-26,,kaggle_2022,"Assess the effectiveness and accuracy of new data sources and data gathering techniques.,Develop custom data models and algorithms."
KAGGLE_00432,Associate Test Engineer,IQVIA,Bangalore,2022-07-24,,kaggle_2022,"Develops and executes test plans and scripts to confirm the quality and success of various technologies.,Manual and automated testing of applications and web…"
KAGGLE_00433,Data & Analytics Analyst,NatWest Group,Gurgaon,2022-06-26,,kaggle_2022,"Knowledge of data engineering, data science and decisioning disciplines.,Sharing relevant updates with key stakeholders bringing together advanced analytics,…"
KAGGLE_00434,Python Developer – Fresher,IntelloGrit,Remote,2022-07-22,,kaggle_2022,"Implement security and data protection solutions.,We are looking for a Python Developer to join our engineering team and help us develop and maintain various…"
KAGGLE_00435,Data Scientist,Bosch Group,Bangalore,2022-06-26,,kaggle_2022,"Experience: At least 2 years of experience of professional data science.,Enthusiasm: Passion for data science and advanced analytics, developing…"
KAGGLE_00436,Data Engineer,Walmart Global Tech India,Bangalore,2022-06-26,,kaggle_2022,"Our Data Engineering team comes in to help Walmart manage this data, by building pipelines and data lakes to prepare big data for analysis, they help unlock…"
KAGGLE_00437,Data Scientist,BEIING,Delhi,2022-06-30,,kaggle_2022,"Collaborate with and influence leadership to ensure data science directly impacts strategy.,The ideal candidate would be someone who has worked in a data…"
KAGGLE_00438,Assistant Manager Data Integrity - Hyderabad,Deloitte,Hyderabad,2022-06-26,,kaggle_2022,"Provides end-to-end support around database management, data visualization, data science, data reporting and technology development."
KAGGLE_00439,Data Engineer 1,JLL,Bangalore,2022-07-13,,kaggle_2022,"Design & develop data management and data persistence solutions for application use cases leveraging relational, non-relational databases and enhancing our data…"
KAGGLE_00440,Data Science Associate,BlissClub,Bangalore,2022-06-28,,kaggle_2022,"Build a deep understanding of levers of those metrics, by diving into data and customer interactions.,Own the measurement of key business metrics, across…"
KAGGLE_00441,Data Engineer (Web Scraping),Whitetail Technologies,Bangalore,2022-07-21,,kaggle_2022,"As a data engineer who is focused on web-scraping, you will be responsible for extracting and ingesting data from websites and data-sources using web crawling…"
KAGGLE_00442,Data Science Trainer,Baroda Institute of Technology,Vadodara,2022-07-22,,kaggle_2022,"Candidate should have exposure to Python, data analytics, data science, Machine learning, Deep Learning.,Data science: 1 year (Preferred)."
KAGGLE_00443,Associate Data Analyst,UnitedHealthcare,Bangalore,2022-06-26,,kaggle_2022,"Analyze data to identify trends, patterns, insights, and discrepancies in data; ensure data accuracy, synthesize compliance data in support of strategic…"
KAGGLE_00444,Specialist - Data Sciences,Larsen & Toubro Infotech Limited,Delhi,2022-07-20,,kaggle_2022,"Understanding of data and data analysis; experience with large data sets.,Deliver ownership to setup ML / NLP models with respect to tools, data and…"
KAGGLE_00445,Data Engineer,Johnson Electric,Chennai,,,kaggle_2022,"Good knowledge of data processing and data visualization (preferably Power BI).,Support the team in drafting, communicating and enforcing standards for data…"
KAGGLE_00446,Adjunct Faculty - Data Science (Remote),eduCLaaS,Delhi,2022-07-19,,kaggle_2022,"Data science trainer: 3 years (Required).,3+ years of experience in data science and machine learning.,O Azure Machine Learning knowledge especially with data…"
KAGGLE_00447,Data science Trainer,Synergy plus business group consultant,Bangalore,2022-06-26,,kaggle_2022,"Data science: 10 years (Required).,We are looking for - Data science Corporate Trainer.*.,CTC: Up to 16 LPA.*."
KAGGLE_00448,Data Scientist,OneBanc Technologies,Gurgaon,2022-07-17,,kaggle_2022,"Practical experience with SAS, ETL, data processing, database programming and data analytics.,Research and develop statistical learning models for data analysis…"
KAGGLE_00449,Associate Manager - Data Science,Standard Chartered,Bangalore,2022-07-21,,kaggle_2022,"Ensure data security and data sharing in a secured manner.,The role involves extensive data processing and analysis leveraging multiple relevant data sources."
KAGGLE_00450,Data Scientist,Isquare Soft,Bangalore,2022-06-26,,kaggle_2022,"Knowledge of data structures, relational data, and big data platforms.,We are looking for a strong Data Scientist with 5+ years of experience to support…"
KAGGLE_00451,JBPM / Camunda Consultant,Infosys Limited,Bangalore,2022-07-02,,kaggle_2022,"Ability to work with clients to identify business challenges and contribute to client deliverables by refining, analyzing, and structuring relevant data •…"
KAGGLE_00452,Data scientist,Honeywell,Bangalore,2022-06-26,,kaggle_2022,"Mine and analyze data from company databases to drive optimization and improvement of data quality.,Enhancing data quality using AI/ML based approaches."
KAGGLE_00453,Junior Business Analyst,Khelo Tech & Strategy Pvt Ltd,Delhi,2022-07-21,,kaggle_2022,"Handle tough technical problems and data issues.,Adhere to company data functional and user interface standards in the design of application user interface,…"
KAGGLE_00454,Genesys Expert,Infosys Limited,Hyderabad,2022-07-01,,kaggle_2022,"Ability to work with clients to identify business challenges and contribute to client deliverables by refining, analyzing, and structuring relevant data •…"
KAGGLE_00455,Data Architect,Publicis Groupe,Gurgaon,2022-07-26,,kaggle_2022,"This will be a data-focused role that involves working with clients on data/audience strategy, data onboarding and data audience insights as well as internally…"
KAGGLE_00456,Data Engineer Azure,IBM,Gurgaon,2022-06-26,,kaggle_2022,"Delivered ETL solution including data extraction, transformation, cleansing, data integration and data management."
KAGGLE_00457,Technology Analyst (React Js),Infosys Limited,Hyderabad,2022-06-26,,kaggle_2022,"Bachelors or Masters in Engineering or related technical field (Computer science).,Develop and deliver applications/projects on time and with very high code…"
KAGGLE_00458,Software Tester,Virginia Transformer Corp.,Delhi,2022-07-14,,kaggle_2022,"G) SQL/ Access knowledge will be an additional benefit in case scripts needs to be generated to validate data from databases.,F) Writing UAT test cases."
KAGGLE_00459,Data Science Trainer,London International Studies and Research Center,Delhi,2022-07-16,,kaggle_2022,"Strong, practical data analysis and data science skills.,Minimum of 3-5 years’ experience delivering highly technical courses for our key personas (software…"
KAGGLE_00460,Actuarial Data Analyst,iptiQ,Bangalore,,,kaggle_2022,"Build algorithms and data models to translate effective findings in reproducible analytics.,You have applied these skills using real business data to develop…"
KAGGLE_00461,Data Science Trainer,Eagletfly Solutions,Delhi,2022-07-23,,kaggle_2022,"Looking for Data Science & analytics Trainers weekends batches to teach 'Python, Data Science/Analytics, Machine Learning, Deep Learning / Artificial…"
KAGGLE_00462,Research Analyst - ESG Data Solutions-2,FactSet Research Systems,Hyderabad,2022-07-20,,kaggle_2022,"Collect, analyze and process company reported data from various data sources and into the database utilized by the ESG content team."
KAGGLE_00463,Azure Data Engineer,ITC Infotech India Ltd,Bangalore,2022-07-14,,kaggle_2022,"Proven experience in Azure Cloud and its components.,Good Exposure of ADLS and Data and Delta Lake.,Good Exposure on ADF /ADB /Synapse."
KAGGLE_00464,"Manager, Data Science",Standard Chartered,Bangalore,2022-07-20,,kaggle_2022,"Ensure data security and data sharing in a secured manner.,The role involves extensive data processing and analysis leveraging multiple relevant data sources."
KAGGLE_00465,Data Engineer - Planetrics,McKinsey & Company,Bangalore,2022-06-26,,kaggle_2022,"Experience developing production data pipelines and productionising data-science models.,In this role, you will work with financial data, terabytes of global…"
KAGGLE_00466,Data Science,Shifastar,Mumbai,2022-06-26,,kaggle_2022,"Experience with preprocessing of data for machine learning.,Design, Development and Deployment of new Machine Learning Solutions."
KAGGLE_00467,ETL/Data Engineer,Eastvantage,Bangalore,2022-07-12,,kaggle_2022,"Comfortable with using Python on data and analytics needs.,Comfortable with using Python on data and analytics needs.,Experience in working with the AWS Suite."
KAGGLE_00468,Clinical Data Manager III,Clinipace,Remote,2022-07-23,,kaggle_2022,"Developing data management guidelines and study documentation.,Identification of data issues and query generation.,Review of CRF design against protocol."
KAGGLE_00469,Director - Data Science and Business Analytics,Standard Chartered,Bangalore,2022-06-26,,kaggle_2022,"Drive Innovation by incorporating AI, Machine Learning, and data science frameworks to leverage the power of data.,Experience/Exposure with big data technology."
KAGGLE_00470,Big Data Administrator,Valiance Solutions,Noida,2022-07-05,,kaggle_2022,"Using strong data science, data engineering & cloud engineering.,Hands-on experience with Hadoop deployment.,Ambari, Hive, Nifi, Spark, etc."
KAGGLE_00471,Senior Manager Data Analytics,GSK,Bangalore,,,kaggle_2022,"Responsible to develop a data governance framework, including data governance strategy, approach, and road map for the data relevant to the Secondary data…"
KAGGLE_00472,Data Analyst,Wakefit,Bangalore,2022-07-09,,kaggle_2022,"Performing and documenting data analysis, data validation, and data mapping/design.,Creating tools to store data within the organization."
KAGGLE_00473,Clinical Data Manager III,Clinipace,Remote,2022-07-23,,kaggle_2022,"Developing data management guidelines and study documentation.,Identification of data issues and query generation.,Review of CRF design against protocol."
KAGGLE_00474,Director - Data Science and Business Analytics,Standard Chartered,Bangalore,2022-06-26,,kaggle_2022,"Drive Innovation by incorporating AI, Machine Learning, and data science frameworks to leverage the power of data.,Experience/Exposure with big data technology."
KAGGLE_00475,Big Data Administrator,Valiance Solutions,Noida,2022-07-05,,kaggle_2022,"Using strong data science, data engineering & cloud engineering.,Hands-on experience with Hadoop deployment.,Ambari, Hive, Nifi, Spark, etc."
KAGGLE_00476,Data Analyst,Wakefit,Bangalore,2022-07-09,,kaggle_2022,"Performing and documenting data analysis, data validation, and data mapping/design.,Creating tools to store data within the organization."
KAGGLE_00477,Data Scientist,TARGET,Bangalore,2022-07-22,,kaggle_2022,"Ability to write modular code and data pipelines which can be automated and scaled.,Coding and development of next generation optimization models that leverage…"
KAGGLE_00478,Datastage Support Developer(Junior),FENG GROUP,Patna,2022-07-24,,kaggle_2022,"Knowledge of data modeling, database design, and the data warehousing ecosystem;,Develop ETL Datastage jobs, SQL scripts, UNIX scripts Performs data profiling,…"
KAGGLE_00479,"Mgr, Clin Data Mgmt",IQVIA,Bangalore,2022-07-24,,kaggle_2022,Manage and support team of Data Management professionals to efficiently produce databases that meet customer requirements.
KAGGLE_00480,Java Developer,FLOWORX,Bangalore,2022-07-22,,kaggle_2022,"Computer Science fundamentals in object-oriented design, in data structures, in algorithm design, problem solving, and complexity analysis."
KAGGLE_00481,Data Engineer,DataE2E Technologies,Mumbai,2022-07-19,,kaggle_2022,"*Ownership: *Work with a variety of data integration, cleansing, CDC, and data governance tools.,Exposure to data visualization tools such as Tableau or PowerBI…"
KAGGLE_00482,Unica Quality Testing,IBM,Bangalore,2022-07-23,,kaggle_2022,"Hands-on experience in data segmentation to generate target audience.,As a Campaign Quality Analyst you are responsible for testing and validating workflow…"
KAGGLE_00483,Analyst / Consultant - Tax Automation and Data Management,Deloitte,Gurgaon,2022-06-26,,kaggle_2022,"Execute data intensive tasks and facilitate organization of data for reporting requirements.,Apply your technology skills in areas like programming applications…"
KAGGLE_00484,Research Associate – Data Science,Recode Minds,Hyderabad,2022-07-13,,kaggle_2022,"Research and develop statistical learning models for data analysis.,Experience with common data science toolkits, such as python, R, Weka, NumPy, MatLab, etc {…"
KAGGLE_00485,Data Engineer,Mobile Programming LLC,Pune,2022-07-21,,kaggle_2022,"Design, and create data pipelines (data lake / data warehouses) for real world energy analytical.,Optimizing data delivery, design infrastructure for greater…"
KAGGLE_00486,Data Solution Consultant,T&N Business Services Pvt Ltd,Gurgaon,2022-07-15,,kaggle_2022,"Knowledge of programming language like python will be added advantage for data science.,Experience in dash boarding using google data studio and google sheet to…"
KAGGLE_00487,Big Data Engineer,Beyondsoft International (Singapore),Hyderabad,2022-07-20,,kaggle_2022,*Responsibilities*: * Able to perform Unix / Linux scripting. * Able to write the programs in Spark. * Monitor and address issues relating to capacity…
KAGGLE_00488,Associate Data Analytics,Merkle,Pune,2022-06-26,,kaggle_2022,"Company Description: Merkle | Sokrati, a leader in Digital Marketing and Analytics, managing Digital Marketing campaigns for several large brand clients in…"
KAGGLE_00489,"Research Scientist - Computer Vision, Data Science and Text...",Adobe,Noida,2022-07-14,,kaggle_2022,Our Company Changing the world through digital experiences is what Adobe’s all about. We give everyone—from emerging artists to global brands—everything they…
KAGGLE_00490,Data Analyst,GSK,Bangalore,2022-06-26,,kaggle_2022,"Site Name: Bengaluru Luxor North Tower Posted Date: Jul 14 2022 Ready to help shape the future of healthcare? At GSK, we have already delivered…"
KAGGLE_00491,Data Analyst For A Leading Canadian MNC,Intelliworx Consulting,Chandigarh,2022-07-23,,kaggle_2022,"*Mandatory Skills: -* SQL Server, MySQL – Should have experience in pulling/fetching data from database Tableau *Responsibilities: * * Managing users and…"
KAGGLE_00492,Junior Data Scientist,Diabsolut Inc.,Remote,2022-06-26,,kaggle_2022,"Based on our continued growth, we currently have an exciting opportunity for an Junior Data Scientist role in our Bangalore location. Reporting to the…"
KAGGLE_00493,Data Engineer,BIG IT JOBS,Bangalore,2022-07-09,,kaggle_2022,"Full time @Recruitment Team in Data Science & Big Data Bangalore, Karnataka, India Salary: ₹1,200,000.00 - ₹2,000,000.00 / Yearly Job Detail Job ID 13790…"
KAGGLE_00494,ESG Data Analyst,Almug Technologies Pvt Ltd,Bangalore,2022-07-22,,kaggle_2022,"Alphastream - Smarter, Faster, Curated data for Capital Markets powered by AI and ML supervised by expertise across various domain specializations including…"
KAGGLE_00495,Digital Analyst - LiveOps Data Engineering - QuantumBlack La...,McKinsey & Company,Gurgaon,2022-07-20,,kaggle_2022,Who You'll Work With You will join the Gurugram office and will be part of a LiveOps team in QuantumBlack. You will work alongside the LiveOps Lead and the…
KAGGLE_00496,Data Scientist,Springer Nature,Pune,2022-07-15,,kaggle_2022,"Springer Nature opens the doors to discovery for researchers, educators, clinicians and other professionals. Every day, around the globe, our imprints, books,…"
KAGGLE_00497,Databricks Data Scientist,Indium Software,Remote,2022-07-20,,kaggle_2022,Databricks Data Scientist Role Title – Databricks Data Scientist Work Experience – 3 – 7 Years Academic Requirements – B.E / B. Tech /Bachelor’s degree in…
KAGGLE_00498,Data Engineer - Data Science & Analytics FinTech,Booking.Com,Bangalore,2022-06-26,,kaggle_2022,"Booking Holdings (NASDAQ: BKNG) is the world leader in online travel and related services, provided to customers and partners in over 220 countries and…"
KAGGLE_00499,Data Science,One Sigma Technologies,Bangalore,2022-06-26,,kaggle_2022,"About Simpl: Simpl is a platform that empower retailers to grow by building long term trusted relationships with their customers, one transaction at a time.…"
KAGGLE_00500,Manager - Modelling / Data Science - Analytics,Ugam,Bangalore,2022-07-07,,kaggle_2022,"Company Description Ugam, a Merkle company, is a leading analytics and technology services company. Our customer-centric approach delivers impactful business…"
KAGGLE_00501,Manual Testing,Leena AI India Pvt Ltd,Bangalore,2022-07-23,,kaggle_2022,"We are looking for a manual Quality Assurance (QA) engineer. QA engineer responsibilities include designing and implementing tests, debugging and defining…"
KAGGLE_00502,System Administrator 3-IT,Oracle,Noida,2022-06-30,,kaggle_2022,"JDBC - connection pool and multi-data source configured with Oracle DBA and other RDBMS.,Provide level two application troubleshooting and support for Retail…"
KAGGLE_00503,Data Science (1-3yrs),PhonePe,Bangalore,2022-06-26,,kaggle_2022,"We plan to expand our data science team, and we are looking for senior data scientists who will work on applications related to financial services."
KAGGLE_00504,Data Engineer,NatWest Group,Gurgaon,2022-07-16,,kaggle_2022,"Loading data into data platforms.,Working closely with universal analysts, platform engineers and data scientists, you’ll carry out data engineering tasks to…"
KAGGLE_00505,Data Analyst,Arnowa,Delhi,2022-07-06,,kaggle_2022,"Acquiring data from primary or secondary data sources and maintaining databases.,Filter, clean, process and validate data, and ensure the quality of data."
KAGGLE_00506,Data Engineer,Isquare Soft,Hyderabad,2022-07-14,,kaggle_2022,"Looking for Data Engineer for one of the MNC.,Functional Area: Engineering - Software & QA.,Employment Type: Full Time, Permanent Key Skills Data Engineering…"
KAGGLE_00507,Data Scientist,Whatfix,Bangalore,2022-06-26,,kaggle_2022,"Experience with text data and NLP Modeling - a must.,Ability to turn large amounts of ambiguous data into a concise, meaningful story."
KAGGLE_00508,Data Engineer (Python or . Net),Right Head India,Remote,2022-07-19,,kaggle_2022,"Strong computer science fundamentals - basic data structures, algorithms, complexity.,Graduate in computer science or equivalent degree."
KAGGLE_00509,Data Scientist,Eoraa & Co.,Delhi,2022-06-26,,kaggle_2022,"Proficient with Python/R.,Strong communication and presentation skills.,Knowledge of various analytical approaches."
KAGGLE_00510,Analyst - Data Science,Nuware Systems,Bangalore,2022-06-26,,kaggle_2022,"Data Scientist with Machine Learning, Python & R Programming Experience.,Good Attitude and Communication skills, SQL, Excel Macros."
KAGGLE_00511,Data Scientist,ACI Worldwide,Pune,2022-07-21,,kaggle_2022,"Over three years of experience in data preparation, data gateway, and data warehousing projects.,Be able to quickly shape data into reporting and analytics…"
KAGGLE_00512,Data Analyst-GTO-Hyderabad,Deloitte,Hyderabad,2022-06-26,,kaggle_2022,"Excellent skills in performing large & complex data analysis, data mining, and generating data reports based on requirements."
KAGGLE_00513,Data Analytics Consultant,Crowe,Noida,2022-07-11,,kaggle_2022,"Provide support to all data analytics initiatives and data projects.,Leverages SQL skill and ETL skill to extract data from various data systems."
KAGGLE_00514,Data Scientist,"Glassbeam, Inc.",Bangalore,2022-07-21,,kaggle_2022,"Develop custom data models and algorithms to apply to data sets.,Assess the effectiveness and accuracy of new data sources and data gathering techniques."
KAGGLE_00515,Databricks Data Engineer,Indium Software,Remote,2022-07-20,,kaggle_2022,"# Integrating the end to end data pipeline to take data from source systems to target data repositories, ensuring the quality and consistency of data is…"
KAGGLE_00516,Data Science Consultant,Sathyam Consultants,Hyderabad,2022-07-16,,kaggle_2022,"Understanding of data structures, data modelling and software architecture.,Transforming data science prototypes and applying appropriate ML algorithms and…"
KAGGLE_00517,Data Architect in Cloud - T7,Mercedes-Benz Research and Development India...,Bangalore,2022-06-26,,kaggle_2022,Mapping diverse requirements to implementation on Azure/Big data platform with conflicting requirements and constraints.
KAGGLE_00518,Data Scientist,RELX,Bangalore,2022-07-19,,kaggle_2022,"Ensure right data for development of ML models by analysing data requirements.,Understands and creates typical data steps to prepare and process data for…"
KAGGLE_00519,Data Engineer,Oracle,Mumbai,2022-06-26,,kaggle_2022,"Responsible for managing a growing cloud-based data ecosystem and reliability of our Corporate datalake and analytics data mart.,Ability to travel as needed."
KAGGLE_00520,Data Scientist,Falabella India,Bangalore,2022-06-26,,kaggle_2022,"Translate the business problem into a data science problem by analysing the feasibility, data availability, scalability of the solution and implementation…"
KAGGLE_00521,Strategy Manager for Bosch Data Analytics and AI,Bosch Group,Bangalore,2022-07-20,,kaggle_2022,"Educational Qualification: A bachelor’s degree in computer science or Related Fields.,Portfolio management, evolving go to market strategy execution, business…"
KAGGLE_00522,"Modeler - Geospatial Data Applications, Noida",Risk Management Solutions,Noida,2022-07-23,,kaggle_2022,"Maintain the quality of RMS geocoding data.,Develop geocoding data sets for RMS software applications.,Help prepare and review technical documents for data…"
KAGGLE_00523,data science trainer,Presidency Digital India Pvt. Ltd.,Mumbai,2022-07-20,,kaggle_2022,"Candidates would be assigned for Research and Drafting syllabus.,Plan strategies to improve the current syllabus.,Build technical team for support."
KAGGLE_00524,CB_Risk_Credit Analysis Unit - Analytics (Data science)- Ass...,"JPMorgan Chase Bank, N.A.",Bangalore,2022-07-08,,kaggle_2022,"Partner with US colleagues to develop actionable recommendations supported by data and research.,Leverage CRE industry, and capital markets research & data to…"
KAGGLE_00525,Azure Data Engineer (Fully Remote),iWeb Software Services Pvt Limited,Delhi,2022-07-14,,kaggle_2022,"Performs data analysis required to troubleshoot data related issues and assist in the resolution of data issues.,Develops and maintains scalable data pipelines."
KAGGLE_00526,Program Manager (Data Science & Analytics),Testbook,Mumbai,2022-06-26,,kaggle_2022,"Lead a team of Course Designers, Teachers and Subject Matter Experts.,Design and Build SOPs and Processes for various initiatives to improvise the learning…"
KAGGLE_00527,Data Scientist(candidates from Bangalore location preferred),Serendipity Corporate Services,Bangalore,2022-07-12,,kaggle_2022,"Primary skills : - Data science ( ML ), NLP ,computer vision and SQL.,Ability to read and implement research papers and propose solutions and strategies to…"
KAGGLE_00528,Digital Forensics Analyst (Senior),FENG GROUP,Kolkata,2022-07-16,,kaggle_2022,"Examine data from mobile phones and satellite navigation systems to trace people or places;,Follow electronic data trails to reveal links or communication…"
KAGGLE_00529,Roster for Data Unit Lead,World Health Organization,Delhi,2022-07-20,,kaggle_2022,Facilitate adequate guidance and knowledge to senior data analysts and data analysts for data analyses and data management activities;
KAGGLE_00530,Analyst-Data Maintenance,Accenture,Bangalore,2022-06-26,,kaggle_2022,"The role may also need expertise in managing clinical data management projects.,The team is responsible for performing data management activities including…"
KAGGLE_00531,Data Scientist (ML/AI),Visa,Bangalore,2022-07-23,,kaggle_2022,"Execute on the plan with appropriate data mining, analytical and data science techniques.,Serve as a data science expert in designing, developing and…"
KAGGLE_00532,Program Manager (Data Science & Analytics),Testbook,Mumbai,2022-06-26,,kaggle_2022,"Lead a team of Course Designers, Teachers and Subject Matter Experts.,Design and Build SOPs and Processes for various initiatives to improvise the learning…"
KAGGLE_00533,Digital Forensics Analyst (Senior),FENG GROUP,Kolkata,2022-07-16,,kaggle_2022,"Examine data from mobile phones and satellite navigation systems to trace people or places;,Follow electronic data trails to reveal links or communication…"
KAGGLE_00534,Staff Software Engineer,Google,Hyderabad,2022-06-26,,kaggle_2022,"We're looking for engineers who bring fresh ideas from all areas, including information retrieval, distributed computing, large-scale system design, networking…"
KAGGLE_00535,Roster for Data Unit Lead,World Health Organization,Delhi,2022-07-20,,kaggle_2022,Facilitate adequate guidance and knowledge to senior data analysts and data analysts for data analyses and data management activities;
KAGGLE_00536,Analyst-Data Maintenance,Accenture,Bangalore,2022-06-26,,kaggle_2022,"The role may also need expertise in managing clinical data management projects.,The team is responsible for performing data management activities including…"
KAGGLE_00537,Data Scientist (ML/AI),Visa,Bangalore,2022-07-23,,kaggle_2022,"Execute on the plan with appropriate data mining, analytical and data science techniques.,Serve as a data science expert in designing, developing and…"
KAGGLE_00538,Product Onwer - Data Science,StatusNeo Technology Consulting,Gurgaon,2022-06-26,,kaggle_2022,"Turns data insights into products with actionable outcomes to the ultimate customer.,Proven track record of delivering data driven solutions with a customer…"
KAGGLE_00539,Data Engineer,Agilite Global Solutions Company,Remote,2022-07-18,,kaggle_2022,"Publicly available data must meet data, security and accessibility specifications without fail.,5+ years of experience in creation/managing data warehouse…"
KAGGLE_00540,Department and Project coordinator,Novo Nordisk,Bangalore,,,kaggle_2022,"As Department Coordinator, you will be mainly responsible to perform administrative tasks for assigned activities and will ensure successful collaboration with…"
KAGGLE_00541,VOIP Expert,Infosys Limited,Bangalore,2022-07-01,,kaggle_2022,"Ability to work with clients to identify business challenges and contribute to client deliverables by refining, analyzing, and structuring relevant data •…"
KAGGLE_00542,Data Engineer - QA,Agilite Global Solutions Company,Remote,2022-07-18,,kaggle_2022,"The data quality engineer will write testing plans and validation queries to verify the data and be the point.,The data quality engineer must be able."
KAGGLE_00543,Operate Services - Data Analytics - Senior Associate - Kolka...,PwC,Kolkata,2022-07-19,,kaggle_2022,"Visualising the data to convey complex data sets into meaningful management information.,Our data analysts are integral to our recent growth and success within…"
KAGGLE_00544,Operation Analyst,Financial Fabric,Kolkata,,,kaggle_2022,"The Financial Fabric DataHub service uses Microsoft data platforms, proprietary data models, and analytics.,The basic idea of Data science tools, like Power BI,…"
KAGGLE_00545,Product Data Analyst,Carousell Group,Bangalore,2022-07-19,,kaggle_2022,"Is data-driven and passionate about solving problems through data & enable others using data in decision making.,Mentor and coach other data analysts."
KAGGLE_00546,Data Analyst (Excel advanced specialist),XShip Design & Analytics Pvt Ltd,Kochi,2022-07-20,,kaggle_2022,"Strong problem-solving skills with an emphasis on data science techniques.,Assess the effectiveness and accuracy of new data sources and data gathering…"
KAGGLE_00547,Data Scientist,PlaySimple Games,Bangalore,2022-06-26,,kaggle_2022,"Hands on experience in Python/Spark for data crunching, data visualization and machine learning.,SQL skills: Experience querying large, complex datasets from a…"
KAGGLE_00548,Data Analytics Intern,Reliance Games,Pune,2022-06-26,,kaggle_2022,"Assists in development of tools and systems that make automate data analysis.,Develops hypotheses and tests them by analyzing game data to draw insights that…"
KAGGLE_00549,Associate Data Scientist,Gour Institute,Kolkata,2022-07-22,,kaggle_2022,"_*Hands-on experience with data science tools*_.,_*Data mining or extracting usable data from valuable data sources*_.,Total work: 1 year (Preferred)."
KAGGLE_00550,Staff Software Engineer,Google,Hyderabad,2022-06-26,,kaggle_2022,"We're looking for engineers who bring fresh ideas from all areas, including information retrieval, distributed computing, large-scale system design, networking…"
KAGGLE_00551,Data Management - Analyst,Deloitte,Hyderabad,2022-06-26,,kaggle_2022,"Drive efficiencies in current processes through use of modern data science methods.,Ability to analyze data and resolve complex data issues/queries."
KAGGLE_00552,Data Science Trainer,Techo@Las,Kochi,2022-07-21,,kaggle_2022,"Data analytics tools like Tableau, Power bi knowledge.,Flexible to learn new technologies.,Online and offline batches handling.,Demo sessions need to give."
KAGGLE_00553,Azure Data Engineer,Mercedes-Benz Research and Development India...,Bangalore,2022-06-26,,kaggle_2022,"Design and build end-to-end data pipelines to get the data for customers.,Design and build end-to-end data pipelines to get the data for customers."
KAGGLE_00554,Data Analyst - KPI Evaluation for vision systems,Mercedes-Benz Research and Development India...,Bangalore,2022-07-02,,kaggle_2022,"Perform data quality assessments and statistical testing to verify data quality and data integrity.,Experience in deploying predictive or prescriptive data…"
KAGGLE_00555,VOIP Expert,Infosys Limited,Bangalore,2022-07-01,,kaggle_2022,"Ability to work with clients to identify business challenges and contribute to client deliverables by refining, analyzing, and structuring relevant data •…"
KAGGLE_00556,Data Engineer,Novo Nordisk,Bangalore,2022-06-26,,kaggle_2022,"Knowledge of data warehousing concepts.,You have project/Internship experience writing SQL, structuring data, and data storage practices."
KAGGLE_00557,Data Scientist,Apple,Hyderabad,2022-07-24,,kaggle_2022,"Good degree of knowledge about unstructured data analysis methodologies (NLP, NLG).,Apple's Enterprise Data Warehouse landscape caters to a wide variety of real…"
KAGGLE_00558,Data Engineer,MSCI Inc,Pune,2022-07-21,,kaggle_2022,"With over 50 years of expertise in research, data and technology, we power better investment decisions by enabling clients to understand and analyze key drivers…"
KAGGLE_00559,Data Operations Associate,Consilio LLC,Bangalore,2022-06-26,,kaggle_2022,"Load data into hosting platform for review.,The role also requires basic data & system-based troubleshooting.,Perform quality control of work product."
KAGGLE_00560,Data Scientist (experienced),Codvo.ai,Bangalore,2022-07-21,,kaggle_2022,"Own complex data science workflows with the Data Engineering team.,Familiar with modern data analytics architecture and data engineering technologies."
KAGGLE_00561,Computer Vision Engineer,REscan,Bangalore,2022-07-22,,kaggle_2022,"Multiple view geometry, 3D computer vision and SfM/SLAM.,Experience in shipping computer vision or image processing product to customers."
KAGGLE_00562,Senior Computer Vision Engineer,REscan,Bangalore,2022-07-22,,kaggle_2022,"Experience in shipping computer vision or image processing product to customers.,5+ years of experience in computer vision or software development experience."
KAGGLE_00563,Computer Vision Engineer,Leena AI India Pvt Ltd,Bangalore,2022-07-24,,kaggle_2022,"Deep understanding of evaluation metrics for different computer vision tasks.,Develop computer vision systems for enterprises to be used by hundreds of our…"
KAGGLE_00564,Computer Vision Engineer,Intel,Bangalore,2022-07-17,,kaggle_2022,"As a Computer Vision Engineer in AIPG India, you will be responsible for doing Neural network workload analysis and modelling AI accelerators and testing."
KAGGLE_00565,Computer Vision Engineer,Ajna Lens,Thane,2022-07-23,,kaggle_2022,"Basic understanding of Natural language processing and Computer vision.,Demonstrable background in Computer vision and Deep learning as open-source GitHub Repos…"
KAGGLE_00566,Computer Vision Specialist,Robert Bosch,Bangalore,2022-06-26,,kaggle_2022,"Good knowledge of Computer vision algorithms and hands-on experience in Opencv, Machine learning and deep learning for Vision data."
KAGGLE_00567,Computer Vision Architect,Bosch Group,Bangalore,2022-07-13,,kaggle_2022,"Good knowledge of Computer vision algorithms and hands-on experience in Opencv, Machine learning and deep learning for Vision data."
KAGGLE_00568,Computer Vision Developer (R&D),Bosch Group,Bangalore,2022-06-26,,kaggle_2022,"Exposure to Data structures / Algorithms is a must.,Excellent knowledge on any/all of the given concepts in Computer Vision - namely Image Classification,…"
KAGGLE_00569,AI Computer Vision Engineer,Fusemachines,Remote,2022-06-26,,kaggle_2022,Experience with developing computer vision AI systems targeting object/feature recognition for single images and motion/activity recognition for video sequences…
KAGGLE_00570,Technical lead - Computer vision for Occupant Monitoring,Mercedes-Benz Research and Development India...,Bangalore,2022-06-30,,kaggle_2022,". Industry/academic experience with machine learning and computer vision programming using libraries such as PyTorch, TensorFlow, OpenCV (other notable python…"
KAGGLE_00571,REF133894M_ESZ2_ADAS_Video_Function_Computer_vision_Develope...,Robert Bosch,Bangalore,2022-06-28,,kaggle_2022,"Develop new image processing concepts using machine learning in the computer vision for automotive domain.,3 to 6 years of experience & Strong knowledge in the…"
KAGGLE_00572,Computer Vision Engineer,GreenTech Intelligent Transportation System LLP,Delhi,2022-07-22,,kaggle_2022,"Experienced in open source computer vision library OpenCV for Video/Image Processing.,Computer vision: 1 year (Required).,Good programming skills in Python/C++."
KAGGLE_00573,Junior Computer Vision Engineer,BizBox Publishing,Remote,2022-06-26,,kaggle_2022,"Build tools to facilitate the development of computer vision, deep learning, and image processing systems.,3+ years of industrial experience in computer vision…"
KAGGLE_00574,Junior Data Scientist (Computer Vision),Hitachi,Bangalore,2022-06-28,,kaggle_2022,"Junior Data Scientist (Computer Vision).,Research and Develop Innovative Use Cases, Solutions and Quantitative Models in Video and Image Recognition and Signal…"
KAGGLE_00575,"Engineer, Computer vision software",Samsung Electronics,Bangalore,2022-06-26,,kaggle_2022,"Design, implement and optimize multimedia framework.,Design framework for the convenience of developing different applications."
KAGGLE_00576,Senior Program Manager - Computer Vision Embedded SW Develop...,Mercedes-Benz Research and Development India...,Bangalore,2022-07-07,,kaggle_2022,"This role is to build, lead, manage team & work closely with our counterparts in Germany to define and implement computer vision software, architecture,…"
KAGGLE_00577,Computer Vision Research/ Platform Engineer - Machine Learni...,Mercedes-Benz Research and Development India...,Bangalore,2022-06-26,,kaggle_2022,"Strong project experience involving algorithm development for computer vision applications.,Industry/academic experience with machine learning and computer…"
KAGGLE_00578,Computer Vision/Image Processing Engineer,52 Qualcomm India Private Limited,Bangalore,2022-06-26,,kaggle_2022,"Develops, creates, and modifies general computer applications software or specialized utility programs.,Analyzes user needs and develops software solutions."
KAGGLE_00579,Junior Data Scientist (Computer Vision),"Hitachi India Pvt, Ltd.",Bangalore,2022-06-28,,kaggle_2022,"Junior Data Scientist (Computer Vision).,Research and Develop Innovative Use Cases, Solutions and Quantitative Models in Video and Image Recognition and Signal…"
KAGGLE_00580,Computer Vision Lead Engineer,Inferigence Quotient,Bangalore,2022-06-30,,kaggle_2022,"Proven track record in computer vision is essential.,Role: Design, refinement and implementation of computer vision algorithms including end-to-end software…"
KAGGLE_00581,Front-End Developer (Junior),FENG GROUP,Patna,2022-07-04,,kaggle_2022,"Work in collaboration with Graphic Designers & UX Designers to turn their vision into functional HTML templates;,Basic Knowledge of Adobe Photoshop;"
KAGGLE_00582,Computer Vision,BigAppCompany,Bangalore,2022-06-26,,kaggle_2022,"Constantly research, prototype and build solutions to computer vision problems.,Strong command over all computer vision related use-cases, algorithms and…"
KAGGLE_00583,Data Scientist (Computer Vision),Sciffer,Pune,2022-07-05,,kaggle_2022,"Research, design, implement & evaluate novel computer vision models.,Having hands-on knowledge in deep learning & computer vision (image/video processing)."
KAGGLE_00584,Computer Vision Engineer,Path Partner Technology,Bangalore,2022-06-26,,kaggle_2022,"Design & development of Image processing/computer vision algorithms.,Work in a variety of Image processing/Computer vision problems with getting expertize in…"
KAGGLE_00585,Computer Vision Research Engineer - Machine Learning,Mercedes-Benz Research and Development India...,Bangalore,2022-06-26,,kaggle_2022,"Strong project experience involving algorithm development for computer vision applications.,Industry/academic experience with machine learning and computer…"
KAGGLE_00586,ESZ2_ADAS_Video_Function_Computer_vision_Developer(CV)- 2022,Bosch Group,Bangalore,2022-06-26,,kaggle_2022,"Develop new image processing concepts using machine learning in the computer vision for automotive domain.,3 to 6 years of experience & Strong knowledge in the…"
KAGGLE_00587,Computer Vision Intern / Engineer,TensorGo Technologies,Hyderabad,2022-06-26,,kaggle_2022,"Experience: 0 to 1 Years.,Skill Set: C++, Python, Computer Vision, Data Structures, Deep Learning, Algorithms.,Read and implement research papers."
KAGGLE_00588,AI Computer Vision Developer,IBM,Ahmedabad,2022-06-26,,kaggle_2022,"The computer vision solutions will have a wide range from picture, video or 3D computer vision tasks which will integrate in real world business processes based…"
KAGGLE_00589,Computer Vision Engineer (AI/ML),Soaron Aerospace Innovations,Hyderabad,2022-06-26,,kaggle_2022,"Experience in machine learning algorithms for vision problems, including deep learning.,Fluency in C/C++, Python, OpenCV, OpenGL, MATLAB."
KAGGLE_00590,Sr Computer Vision Engineer,Performance Industries P. Ltd,Hyderabad,2022-07-01,,kaggle_2022,"Minimum 3 years computer vision experience.,You’ll be working along with our team to prepare, train and evaluate computer vision models on massive amounts of…"
KAGGLE_00591,Computer Scientist 1 (Frontend),Adobe,Bangalore,2022-07-14,,kaggle_2022,The vision of this team is to build next-generation products and developer ecosystem on the Adobe experience platform (AEP).
KAGGLE_00592,Computer Vision Engineer,Vimaan Robotics,Bangalore,2022-06-26,,kaggle_2022,"MS in computer vision, machine learning, AI, applied mathematics, data science, or related technical fields or BE with 3+ years’ experience in Computer Vision…"
KAGGLE_00593,Computer Vision Engineer,Stats Perform,Bangalore,2022-06-26,,kaggle_2022,"5-7 years’ experience in developing computer vision applications.,Develop and implement the most innovative computer vision solutions on sports video data."
KAGGLE_00594,Computer Vision Engineer,Verificient Technologies,Pune,2022-06-26,,kaggle_2022,"Computer Vision Engineer • Pune, India.,The ideal candidate for the Computer Vision Engineer position is ready to bring their skills to a driven startup team."
KAGGLE_00595,Data Science/Data Analytics,Intrics Solutions Pvt Ltd,Noida,2022-07-22,,kaggle_2022,"Experience with recommendation systems, prediction systems, computer vision and pattern recognition.,Responsible for designs and development of enterprise-wide…"
KAGGLE_00596,Computer Vision And Machine Learning Specialist – Xr Percept...,52 Qualcomm India Private Limited,Bangalore,2022-07-22,,kaggle_2022,"Development of efficient and accurate computer vision and machine learning solutions for XR perception tasks.,Virtual reality, Augmented reality, machine vision…"
KAGGLE_00597,Tech lead- Computer Vision/ Tech Lead- Imaging,Vehant Technologies,Noida,2022-06-26,,kaggle_2022,"Prior experience with Python, Caffe, TensorFlow and other computer vision libraries.,Experience of real-time vision development on Linux."
KAGGLE_00598,Summer Intern (early career 2022 Q3),Unisys,Bangalore,2022-06-26,,kaggle_2022,"Digging into the latest technologies to figure out how they can be applied.,Gaining experience and skills in areas such as App development, AI/ML, other areas."
KAGGLE_00599,Computer Vision Engineer,Sciative Solutrions,Mumbai,2022-07-03,,kaggle_2022,"Prior experience (minimum 2 years) in computer vision modelling.,Computer Vision Modelling: Apply deep learning and computer vision technologies to solve…"
KAGGLE_00600,Computer Vision Engineer,AlphaICs,Bangalore,2022-06-26,,kaggle_2022,"Experience enabling vision algorithms on imaging and vision accelerators or GPUs.,Experience in Design/building computer vision end to end solutions for edge…"
KAGGLE_00601,3D Computer Vision & Machine Perception Expert,Thor Systems,Remote,2022-06-26,,kaggle_2022,"Thor Systems is an industrial robotics company looking for a talented 3D computer vision expert.,Broad understanding of the full machine vision pipeline from…"
KAGGLE_00602,"Research Scientist - Computer Vision, Data Science and Text...",Adobe,Noida,2022-07-14,,kaggle_2022,"Computer Vision Areas: Image and Video Understanding, Manipulation and Synthesis, Unsupervised Learning, Image and Video Segmentation, Generative Models like…"
KAGGLE_00603,Computer Vision Engineer,Eternal Robotics,Hyderabad,2022-07-01,,kaggle_2022,"Translate the business requirement to a computer vision problem statement, develop a data collection strategy to provide required insights and to meet target…"
KAGGLE_00604,Software Engineer 4,Unisys,Bangalore,2022-07-22,,kaggle_2022,"Analyzes, designs, programs, debugs, and modifies software enhancements using ServiceNow • Code may be used in commercial or end-user applications, such as…"
KAGGLE_00605,"Software Lead, Linux Middleware – Camera/Vision Systems - AL...",Mercedes-Benz Research and Development India...,Bangalore,2022-06-26,,kaggle_2022,"Optimizing computational applications (such as computer vision, image processing, graphics, machine learning) for architectures such as x86, ARM, NEON, or CUDA."
KAGGLE_00606,Jr Networ Security Engineer,Unisys,Bangalore,2022-06-26,,kaggle_2022,"Successful provisioning in installation/configuration, operation, and maintenance of systems hardware, software, and related infrastructure."
KAGGLE_00607,Senior Computer Vision Engineer,Beltech Artificial Intelligence,Bangalore,2022-06-26,,kaggle_2022,"Assist junior computer vision engineers.,Architect, design and build AI-based computer vision algorithms on available traffic data.,Posted on 27-Jun-22."
KAGGLE_00608,Senior Engineer (Computer Vision Testing),52 Qualcomm India Private Limited,Bangalore,2022-06-26,,kaggle_2022,"Develops, creates, and modifies general computer applications software or specialized utility programs.,Analyzes user needs and develops software solutions."
KAGGLE_00609,Urgent Requirement District IT Analyst,Foundation to Educate Girls Globally,Remote,2022-07-20,,kaggle_2022,"Conduct electrical safety checks on computer equipment.,Monitor and maintain computer systems and networks.,Background*- Educate Girls (a project of 'Foundation…"
KAGGLE_00610,"Lead Engineer, Computer Vision Software",Samsung Electronics,Bangalore,2022-06-26,,kaggle_2022,"Knowledge of OpenCV or similar computer vision/AI/ML packages/frameworks.,Knowledge of Image processing, Computer vision, Computational photography, Image…"
KAGGLE_00611,ML Engineer,Ai Health Highway India Pvt Ltd,Bangalore,2022-07-19,,kaggle_2022," Create prototypes, proof of concepts and iterate to match real-life use cases in healthcare., Define metrics, conduct A/B testing & develop new deep learning…"
KAGGLE_00612,Computer Vision Systems (Algorithm) Engineer,52 Qualcomm India Private Limited,Bangalore,2022-06-26,,kaggle_2022,"Background in digital image processing and computer vision fundamentals.,Research and develop power-efficient computer vision algorithms, deep learning…"
KAGGLE_00613,Technology Support - Analyst,Deloitte,Hyderabad,2022-07-02,,kaggle_2022,"Knowledge of computer hardware and software.,Knowledge of computer hardware and software.,Our customers have a high expectation that you will be able to resolve…"
KAGGLE_00614,Quality Engineer- Manual,Swific Technology Pvt. Ltd.,Bangalore,2022-07-18,,kaggle_2022,"Our identity embodies our vision, helps us stay true to our conception and is derived from a simple and basic unit of life to systematize everything."
KAGGLE_00615,Computer Vision Engineer,AGEYE Technologies,Bangalore,2022-06-26,,kaggle_2022,"Take ownership to drive computer vision solutions and meet customer requirements.,Understanding about depth and breadth of computer vision and deep learning…"
KAGGLE_00616,Applications Developer 4,Oracle,Bangalore,,,kaggle_2022,"Work independently with minimal supervision, following the organization's vision.,BS or equivalent in computer science/engineering or relevant field, MS or…"
KAGGLE_00617,Backend Developer,Ecoconsumer Solutions Private Limited,Bangalore,,,kaggle_2022,We are also very open to offer equity to a high potential candidate who is committed to the company's vision and is in for a long term commitment.
KAGGLE_00618,Full Stack Developer,Schmid vision soft,Bangalore,2022-07-22,,kaggle_2022,"We are Schmid Vision Soft, a computer vision and AI IT service provider startup.,We work on transferring research into industrial applications in close…"
KAGGLE_00619,Cloud SRE Engineer,Unisys,Bangalore,2022-06-26,,kaggle_2022,"Enhancing people’s lives through secure, reliable advanced technology is our vision.,We are a global information technology company that builds high-performance…"
KAGGLE_00620,Senior Computer Vision Engineer,WAVELABS TECHNOLOGIES,Hyderabad,2022-06-26,,kaggle_2022,"5+ years professional computer vision experience.,Work independently to design and implement specific computer vision algorithms that accomplish well-defined…"
KAGGLE_00621,Computer Vision Specialist,Adoro,Mumbai,2022-06-26,,kaggle_2022,"We need a person who believe in bringing out live objects from still images and make them speak.,Bachelor of Engineering in Computer Science, Information…"
KAGGLE_00622,Computer Vision Jobs in Gurugram,ICS Consultancy Services,India,2022-06-26,,kaggle_2022,"Roles and responsibilities for Computer Vision Jobs in Gurugram.,: Role : Application Developer Role Description : Design, build and configure applications to…"
KAGGLE_00623,Data Scientist,Lincode Labs,Bangalore,2022-07-26,,kaggle_2022,"Job Title : AI and ML or Computer Vision.,The purpose of hiring this person is for his Robust experience in the area of Software Development in Computer Vision…"
KAGGLE_00624,Data science,Gex Search,Hyderabad,,,kaggle_2022,"Develop deep learning / computer vision models to power various B2C product lines such financial,.,Bachelor or Master Science in computer science, information…"
KAGGLE_00625,Data Science Internship Opportunity for University Graduates,Microsoft,India,2022-07-16,,kaggle_2022,"Create language models, speech models, vision models, etc.,Microsoft’s mission is to empower every person and every organization on the planet to achieve more."
KAGGLE_00626,Computer Scientist I,Adobe,Noida,2022-07-24,,kaggle_2022,"Bachelors/master’s in computer science or a related field.,We have a strong vision and we are looking for a highly motivated, technically driven and hands on…"
KAGGLE_00627,IT Infrastructure and Operations Lead,BlueOptima,Bangalore,2022-07-25,,kaggle_2022,BlueOptima’s vision is to become the global reference for the optimisation of the performance of Software Engineers across all industries.
KAGGLE_00628,COMPUTER VISION ENGINEER,MulticoreWare,Chennai,2022-06-26,,kaggle_2022,"Experience in the development of computer vision and/or machine learning.,BE/BTech/MS/MTech in computer science, applied mathematics,.,PyTorch) is a big plus."
KAGGLE_00629,Embedded engineers interns for Computer vision,DeepEdge,Hyderabad,2022-06-26,,kaggle_2022,"Excellent opportunity for embedded engineers with passion to build career in deep learning, computer vision domain."
KAGGLE_00630,Computer Forensics - Solution Advisor,Deloitte,Hyderabad,2022-06-26,,kaggle_2022,"Working knowledge of eDiscovery and computer forensic project life cycle.,Perform comprehensive technical analyses and interpretations of computer-related…"
KAGGLE_00631,Senior Software Engineer – Computer Vision,GreenPepper,Gurgaon,2022-06-26,,kaggle_2022,"Take ownership to drive computer vision solutions and meet customer requirements.,4-6 years of experience working with computer vision and image processing…"
KAGGLE_00632,Technical Support- Analyst,Deloitte,Bangalore,2022-07-06,,kaggle_2022,"Knowledge of computer hardware and software.,Our customers have a high expectation that you will be able to resolve their issue on the call, but they recognize…"
KAGGLE_00633,Computer Visioneer,Inferigence Quotient,Bangalore,2022-06-30,,kaggle_2022,"Role: Implementation and testing of computer vision algorithms.,Proficiency in image processing, machine learning, data structures and algorithms, C and C++…"
KAGGLE_00634,Cloud associate,Unisys,Bangalore,2022-06-26,,kaggle_2022,"Analyzes, designs, programs, debugs, and modifies software enhancements and/or new products used in local, networked, cloud-based or Internet-related computer…"
KAGGLE_00635,Embedded Computer Vision / AI Engineer,AllGoVision Technologies,Bangalore,2022-07-22,,kaggle_2022,Graduation/Post-Graduation in CSE or ECE with AI / Deep Learning based intelligent computer vision or video analytics experience.
KAGGLE_00636,IT Executive,Quanto Agroworld Private Limited,Mumbai,2022-07-23,,kaggle_2022,"The IT Executive will be responsible to manage information technology and computer systems.,Hands-on experience with computer networks, network administration…"
KAGGLE_00637,Machine Learning Data Engineer,BlueOptima,Bangalore,2022-07-25,,kaggle_2022,"Within time you should be able to provide your own pipeline of ideas or problems that we can tackle.,As with many problems within the Data Engineering space,…"
KAGGLE_00638,Data Analyst,Quotient Technology,Bangalore,,,kaggle_2022,"Be an innovator with demonstrated ability to craft a data science vision, get people excited by ideas and get them quickly to market via existing or new…"
KAGGLE_00639,"Support Engineer, Textract Computer Vision",ADCI - Karnataka,Bangalore,2022-07-15,,kaggle_2022,"4+ years of development or technical support experience.,Experience troubleshooting and debugging technical systems."
KAGGLE_00640,Lead - Computer Vision,Asteria Aerospace,Bangalore,2022-06-26,,kaggle_2022,"Up to date with industry best practices for production-grade computer vision and machine learning systems.,Lead and mentor a small team of computer vision/ML…"
KAGGLE_00641,Senior SDET,BlueOptima,Bangalore,2022-07-25,,kaggle_2022,"We are seeking a Senior SDET, with experience in automating tests for scalable application components, which are remotely deployed."
KAGGLE_00642,Team Lead,BlueOptima,Bangalore,2022-07-26,,kaggle_2022,"Manage a team (comprising Software Engineers, Sr. Software Engineers, QA Engineers), including providing the technical direction, task allocation and code…"
KAGGLE_00643,Trainee Software Engineer-6,Sony India Software Centre Pvt Ltd,Bangalore,2022-07-01,,kaggle_2022,Design/Propose enhancements for targeted Computer Vision applications.
KAGGLE_00644,Computer Vision Engineer,Ford Global Business Services,Chennai,2022-06-26,,kaggle_2022,"Background in digital image processing and computer vision fundamentals.,Take ownership to drive computer vision solutions and meet customer requirements."
KAGGLE_00645,Computer Vision Engineer-pune,Talent Zone Consultants,Pune,2022-06-26,,kaggle_2022," Good understanding of working with small embedded computers, hardware.,Experience in Image Processing and Computer Vision Applications."
KAGGLE_00646,Fresher - Full-stack Developer,Unisys,Bangalore,2022-06-28,,kaggle_2022,"Team member • Learning processes and tools.,Escalate issues as and when required.,Learning an area or product.,Rely on team for domain knowledge."
KAGGLE_00647,Senior Computer Vision & Deep Learning Engineer,Sony India Software Centre Pvt Ltd,Bangalore,2022-06-26,,kaggle_2022,"Intermediate to Expert Deep learning skills mainly CNNs.,Work experience in Detection or segmentation.,Strong programming and data structure understanding …"
KAGGLE_00648,Cyber Security Analyst,Unisys,Bangalore,2022-06-26,,kaggle_2022,"A bachelor’s degree in computer science, engineering or technology-related field, or equivalent.,Monitor, analyze, and interpret security/system logs for events…"
KAGGLE_00649,Software Development Engineer 1,Pintar,Remote,2022-07-06,,kaggle_2022,"Define the vision for and implement the system architecture, design, and code.,At Pintaria, people can learn about various professions in high demand, find and…"
KAGGLE_00650,MACHINE LEARNING RESEARCHER(COMPUTER VISION),KnowDis,Delhi,2022-06-26,,kaggle_2022,"Our researchers bring core computer vision expertise to commerce, and combine computer vision and machine learning techniques for large-scale image/video data."
KAGGLE_00651,Software Engineer - Backend,Virtual Internships,Remote,2022-07-13,,kaggle_2022,"Bachelor's degree in computer science, information science, or similar.,Working with a world-class globally distributed team, as the Software Engineer, you will…"
KAGGLE_00652,Full Stack Developer (Remote),AppLegos,Gurgaon,2022-07-21,,kaggle_2022,"3.Implement critical components and help define the architectural vision, collaborating with partner teams across the organization, and mentoring and developing…"
KAGGLE_00653,Assistant Professor/Associate Professor/ Professor (Computer...,Amrita University,Bangalore,2022-07-19,,kaggle_2022,"AI in image/visual processing, computer vision, speech recognition, object detection, etc.,We also have ongoing projects which involve machine learning in…"
KAGGLE_00654,Full stack Developer,BenoGroup,Gurgaon,2022-06-26,,kaggle_2022,"We are looking for a backend developer responsible for managing the code base and implementing new things with technologies such as Javascript, PHP, SQL."
KAGGLE_00655,Software Engineer Intern,Lenek Technologies,Remote,2022-07-18,,kaggle_2022,"Desired Qualification: * Bachelors in Computer Science or related discipline, preferably from a tier 1/2 college.,Stipend: *10000 to 15000 per month."
KAGGLE_00656,Software/Senior Software Engineer- Computer Vision,Stryker,Gurgaon,2022-07-14,,kaggle_2022,"Productizing edge-based computer vision systems.,Developing cutting edge artificial intelligence (AI) and computer vision-based medical technologies for the…"
KAGGLE_00657,Computer Vision Engineers,HR Devi and Associates,Mumbai,2022-06-26,,kaggle_2022,"Experience with computer vision libraries such as OpenCV, OpenVX, TensorFlow.,Strong in Mathematics and Statistical analysis."
KAGGLE_00658,Computer Vision Developers,Infognana IG Solution,India,2022-06-26,,kaggle_2022,"Take ownership to drive computer vision solutions and meet BRD requirements.,Understanding about the depth & breadth of computer vision and deep learning…"
KAGGLE_00659,Front End Developer,VisionIAS | Ajayvision Education Private Limited,Delhi,2022-06-26,,kaggle_2022,"In this light, we provide unique learning experiences through our web-based platforms, computer and mobile applications enabled with Artificial intelligence and…"
KAGGLE_00660,Technical Analyst 3-Support,Oracle,Hyderabad,,,kaggle_2022,"To realize our vision of making our innovative and comprehensive solutions synonymous with talent leadership, we look to attract, hire, and retain the best…"
KAGGLE_00661,"Engineer, Computer Vision Technologies – Xr Perception R&D",52 Qualcomm India Private Limited,Bangalore,2022-06-26,,kaggle_2022,"Candidate will be responsible to support Multimedia R&D, system design and test teams for development of computer vision and machine learning technologies."
KAGGLE_00662,Computer Vision AI Senior Engineer,Qritrim,Chandigarh,2022-07-02,,kaggle_2022,"Bachelors or Master's degree in computer science from reputed school.,We are seeking a hands-on Senior ML/AI engineer with a specific focus and expertise on…"
KAGGLE_00663,Service Desk Associate – Level 2 (International Voice Suppor...,Unisys,Bangalore,2022-07-15,,kaggle_2022,Unisys’ offerings include security software and services; digital transformation and workplace services; industry applications and services; and innovative…
KAGGLE_00664,Senior Systems Support Engineer,Travix,Bangalore,2022-06-26,,kaggle_2022,"5 – 8 years of experience in computer engineering, systems administration, engineering support.,Ensuring Customer/Client Service Quality."
KAGGLE_00665,Azure Data Engineer (Fully Remote),iWeb Software Services Pvt Limited,Delhi,2022-07-14,,kaggle_2022,"BS or MS degree in computer science or a related technical field.,Ensure that integration planning and practices are aligned with strategic business goals and…"
KAGGLE_00666,"Software Engineer, Backend",Fisker Inc,Remote,2022-07-23,,kaggle_2022,You will be responsible for designing innovative solutions to connect electric vehicles to the cloud and deal with complex technical issues arising from high…
KAGGLE_00667,Software Developer - Virtualization,Siemens,Bangalore,2022-07-14,,kaggle_2022,"Tech/MCA in Computer Science, EEE, Electronics & Communication, Telecommunication.,Good knowledge in Entity framework.,Fair knowledge on batch scripting."
KAGGLE_00668,3D Computer Vision Lead engineer,Shrofile,Bangalore,2022-07-18,,kaggle_2022,"Familiarity with mathematical optimization in the context of computer vision.,Experience with computer vision or robotics libraries (e.g., OpenCV, PCL, ROS),…"
KAGGLE_00669,Embedded Computer Vision Software Engineer,Valeo,Chennai,2022-07-02,,kaggle_2022,"As an embedded computer vision software engineer, you will be responsible for the embedded development of computer., Computer vision algorithm knowledge."
KAGGLE_00670,Clinical Pharmacologist,Cloudphysician Healthcare Pvt Ltd,Bangalore,2022-07-22,,kaggle_2022,"Knowledge of computers and drug prescription software.,RADAR, built by our team of technology experts, incorporates automation, computer vision, real-time video…"
KAGGLE_00671,Staff Software Engineer,BlueOptima,Gurgaon,2022-07-26,,kaggle_2022,"Platform team is also responsible for driving technology adoption across the product development team.,The team works on components that are common across…"
KAGGLE_00672,Computer Vision Engineer / Lead,ZestIOT,Hyderabad,2022-06-26,,kaggle_2022,"Excellent proficiency in Open CV or related computer vision frameworks and libraries.,Develop solutions using Machine Learning/Deep Learning and other advanced…"
KAGGLE_00673,Business Development Manager,VisionIAS | Ajayvision Education Private Limited,Lucknow,2022-06-29,,kaggle_2022,"In this light, we provide unique learning experiences through our web-based platforms, and computer and mobile applications enabled with Artificial intelligence…"
KAGGLE_00674,Systems Engineer for CVML (Computer Vision and Machine Learn...,Ittiam,Bangalore,2022-06-26,,kaggle_2022,"The IoT system software involves multiple components like Operating system, software footprint, diagnosis, monitoring, recovery mechanism, remote software…"
KAGGLE_00675,Mobile App Developer,Ecoconsumer Solutions Private Limited,Bangalore,2022-07-25,,kaggle_2022,"The ideal candidate will be responsible for the technical design and implementation of new products and enhancements.,\* Very good written and spoken English."
KAGGLE_00676,Robotics Engineer,Recruit Skills,Gurgaon,2022-07-23,,kaggle_2022,"We are currently hiring a Robotics Engineer who will within teams of robotics developers, computer scientists, and engineers to solve real-world problems of…"
KAGGLE_00677,Computer Vision & Artificial Intelligence Lead,Geeky Bee,Ahmedabad,2022-06-26,,kaggle_2022,"Job Description: As a team lead he / she will be responsible to guide the teams working on computer vision & machine learning.,Relevant Experience: 3-5 Years."
KAGGLE_00678,AI/ML/DL/ Computer vision Solution Architect,Cyient,Noida,2022-06-26,,kaggle_2022,"Principal Data Scientist, AI/ML/DL/ Computer vision Solution Architect.,8+ years Hands on real-time experience in Deep Learning models for computer vision…"
KAGGLE_00679,Computer Vision Engineer,AgNext,Chandigarh,2022-06-26,,kaggle_2022,"Design and implement machine learning and engineered techniques, to solve complex problems in computer vision.,Employment Type: Full Time, Permanent."
KAGGLE_00680,Assistant Professor in Computer Science,"S. B. Jain Institute of Technology, Management &...",Nagpur,2022-07-21,,kaggle_2022,": Web Development, End to End Project Development, Database Management, Machine Learning, Deep Learning, Data Science, Digital Marketing, CS core subject,…"
KAGGLE_00681,Senior Data Scientist (Computer Vision),"Hitachi India Pvt, Ltd.",Bangalore,2022-06-29,,kaggle_2022,"Senior Data Scientist (Computer Vision).,Research and Develop Innovative Use Cases, Solutions and Quantitative Models in Video and Image Recognition and Signal…"
KAGGLE_00682,Systems Analyst 4,Unisys,Bangalore,2022-07-07,,kaggle_2022,"All except Home Affairs: • Strives for high levels of client satisfaction for the products/solutions supported.,Awareness of new services available."
KAGGLE_00683,Java Developer,Vision Tactics,Noida,,,kaggle_2022," Execute full software development life cycle (SDLC)., Write well-designed, testable code., Ability to understand business requirements and translate them…"
KAGGLE_00684,Ethereum Smart Contract Solidity Developer (Full-Time),Ventragate,Remote,2022-07-19,,kaggle_2022,"Managing the architectural vision for a decentralized investment platform.,Major in computer science, software engineering or related engineering or technical…"
KAGGLE_00685,Immediate jobs in Computer Vision,ICS Consultancy Services,Pune,2022-06-26,,kaggle_2022,Must have Skills : Computer Vision Good to Have Skills : TensorFlow Job Requirements : Key Responsibilities : 1:Responsibilities A:Methods for acquiring…
KAGGLE_00686,Full Stack Developer,Lenek Technologies,Remote,2022-07-23,,kaggle_2022,The company's vision is to take quality healthcare to the masses by addressing roadblocks with innovative solutions through technology.
KAGGLE_00687,Business Analyst - Products,Great Place to Work,Mumbai,,,kaggle_2022,"Graduate (IT/ Computer Science) or (B.E Computer Science/IT) or MBA.,2 to 4 years of experience.,Post-Sales Engagement Management with the clients along with…"
KAGGLE_00688,Technical Support Manager,Red Vision Computer Technologies,Indore,2022-07-06,,kaggle_2022,"IT Engineers > Operation and Maintenance / Technical Support > IT Technical Support.,BE/BTECH,BCA,MCA,BBA,MBA Required only (Graduation/Diploma)."
KAGGLE_00689,Junior Robotics Software Engineer,Swift Robotics,Mumbai,2022-07-23,,kaggle_2022,"Knowledge and interest in computer vision, machine learning and robotics algorithms.,We have strong industry-leading technical talents in software, electronics…"
KAGGLE_00690,Customer Service Representative,VisionIAS | Ajayvision Education Private Limited,Delhi,2022-07-06,,kaggle_2022,"In this light, we provide unique learning experiences through our web-based platforms, and computer and mobile applications enabled with Artificial intelligence…"
KAGGLE_00691,Data Scientist(candidates from Bangalore location preferred),Serendipity Corporate Services,Bangalore,2022-07-12,,kaggle_2022,"Primary skills : - Data science ( ML ), NLP ,computer vision and SQL.,Have you got 3 years of experience using Computer vision, NLP,Cloud technology."
KAGGLE_00692,Backend Engineer,WinZO,Delhi,2022-07-12,,kaggle_2022,"With a vision of becoming a household name for Bharat, catering to their entertainment needs through interactive engagements, Paavan Nanda (co-Founder, WinZO,…"
KAGGLE_00693,Senior Data Analyst,Sworks Software India Pvt Ltd,Pune,2022-07-06,,kaggle_2022,"Filter and “clean” data by reviewing computer reports, printouts, and performance indicators to locate and correct code problems."
KAGGLE_00694,Quality Assurance (QA) Engineer,Eazifunds,Delhi,2022-07-22,,kaggle_2022,"Working knowledge of SQL, scripting, relational databases, and basic computer science.,We are looking for a Quality Assurance (QA) engineer to develop and…"
KAGGLE_00695,QA Analyst,Transoft Solutions,Malleswaram,2022-06-26,,kaggle_2022,"You possess a Diploma in Civil Engineering Technology (preferred) or a computer related discipline.,Collaborate with other stakeholders and be accountable to…"
KAGGLE_00696,Computer Vision Embedded Engineer,Vimaan Robotics,Bangalore,2022-06-26,,kaggle_2022,Vimaan is driving a paradigm shift in the way computer vision is enabled and leveraged for inventory management in the supply chain and logistics industry.
KAGGLE_00697,Deep learning engineer/ Data scientist (computer vision or n...,Paxcom India,Delhi,2022-06-26,,kaggle_2022,"Solid background in image processing/computer vision.,Experience in building datasets for computer vision tasks.,Develop NLP systems according to requirements."
KAGGLE_00698,Senior Service Desk Analyst - Chat,Providence Global Center,Hyderabad,2022-07-25,,kaggle_2022,"Data driven decision making on vision & roadmap of Service Operations & Customer Service Support.,Driven by the belief that health is a human right and the…"
KAGGLE_00699,Data science,Ticker Job,Bangalore,2022-07-21,,kaggle_2022,"Envisioning, planning, and executing Machine Learning/Deep Learning projects.,Ensuring SCRUM / Agile framework is implemented with team."
KAGGLE_00700,Software Development Engineer,Cradlepoint,Bangalore,2022-07-16,,kaggle_2022,"The Software Engineer will work with creative and open-minded engineers, seeking new ideas to solve complex problems and innovate new solutions to help realize…"
KAGGLE_00701,Data Engineering manager,BT,India,2022-07-12,,kaggle_2022,"These include our vision that inclusion and accessibility drive every conversation we have and every decision we make.,Join us today and release yours."
KAGGLE_00702,Conversational AI Developer,Deloitte,Bangalore,2022-07-21,,kaggle_2022,"Our vision is to create a leadership culture focused on the development and well-being of our people.,Conversational AI- Consultant – Flow Builder."
KAGGLE_00703,IT Support Specialist,Egnyte,Mumbai,2022-07-21,,kaggle_2022,"Provide high quality support for computer hardware, operating systems, and enterprise application software.,We are currently seeking a “IT Support Specialist”…"
KAGGLE_00704,Graduate Engineer Volvo Group Connected Solutions,Volvo Group,Bangalore,2022-07-22,,kaggle_2022,"Quickly adapt to the technology upgrades and contribute for the Volvo vision.,As team player should work with diversified and distributed teams."
KAGGLE_00705,Member of Technical Staff,Oracle,Bangalore,2022-06-26,,kaggle_2022,This is an opportunity to be a significant part of emerging technology trends and to help define the vision for future distributed database technologies.
KAGGLE_00706,Data Analyst: Full Time,Heart It Out,Bangalore,2022-06-26,,kaggle_2022,"This vision comes to life through skilled and compassionate individuals like you.,Bachelor’s degree in computer science, IT , BCA , MCA, or related field or…"
KAGGLE_00707,Hardware Design Verification Engineer,"SiMa.ai, MLSoC - Bangalore India",Bangalore,2022-07-20,,kaggle_2022,"Initially focused on computer vision, SiMa.ai's software-first approach simplifies ML integration and supports the broadest set of capabilities through a…"
KAGGLE_00708,Computer Vision Engineer,XenonStack,Chandigarh,2022-06-26,,kaggle_2022,"You will implement a complex sensor network system/algorithm in computer vision and related disciplines in this role.,Debugging with no additional support."
KAGGLE_00709,Technical Support - International Voice Process,HP Inc,Bangalore,2022-07-22,,kaggle_2022,"Manage a high volume of inbound and outbound customer phone calls, emails, chats, and orders.,Ability to troubleshoot and fix Hardware/ Networking/OS related…"
KAGGLE_00710,Intern (Technical-Engineering),Synopsys,Bangalore,2022-06-26,,kaggle_2022,We are looking for a QA Engineering Intern to write and execute test plans for the Synopsys Software Integrity Group line of products.
KAGGLE_00711,System Administrator,Sankey Solutions,Thane,2022-07-21,,kaggle_2022,"Solving high-level business problems of the clients using advanced software and methods.,Install and configure software and hardware."
KAGGLE_00712,Web Security Researcher,Trellix,Bangalore,,,kaggle_2022,You will be expected to learn the ins-and-outs of our URL research and response procedures and create content for TrustedSource and other products.
KAGGLE_00713,Support Engineer,data.ai,Delhi,2022-06-26,,kaggle_2022,"Acknowledge and accept cases raised by the Customers, and provide meaningful first response within a defined Service Level Agreement time frame."
KAGGLE_00714,Computer Vision Engineer,Rucha Yantra,Aurangabad,2022-06-26,,kaggle_2022,"Experience or familiarity in algorithms in vision problems.,Develop and evaluate state-of-the-art computer vision algorithms for real-time control of robots and…"
KAGGLE_00715,Backend software engineer Junior India,Veridic Solutions,India,2022-07-18,,kaggle_2022,"Work with engineers, product managers and senior leadership to turn our product and technical vision into a tangible roadmap every month."
KAGGLE_00716,Full Stack Developer,Avidbots,Hyderabad,2022-06-26,,kaggle_2022,"You will contribute to bring value to the Command Center, our cloud platform where our users can manage robots remotely and visualize reports."
KAGGLE_00717,PHP Developer,VisionIAS | Ajayvision Education Private Limited,Delhi,2022-06-26,,kaggle_2022,"In this light, we provide unique learning experiences through our web-based platforms, computer and mobile applications enabled with Artificial intelligence and…"
KAGGLE_00718,Machine Learning Engineer,Impetus Technologies,Gurgaon,2022-07-21,,kaggle_2022,"Machine Learning model development engineers with Natural Language Processing(NLP) and Computer Vision, python programming, deep learning skills."
KAGGLE_00719,Technical Expert: Deep Learning & Computer Vision,Siemens,Bangalore,2022-06-28,,kaggle_2022,"Minimum 6 years of experience working on Image processing, Computer vision and Video Analytics problems with a clear understanding and ability to implement…"
KAGGLE_00720,Software Engineer (5065),Allscripts Asia,Bangalore,,,kaggle_2022,"BS/MS in computer science.,With the largest community of clients in healthcare, Allscripts is able to deliver an integrated platform of clinical, financial,…"
KAGGLE_00721,Software Engineer – Backend,PayU,Gurgaon,2022-06-26,,kaggle_2022,"Strong computer science fundamentals in data structures, algorithms, problem solving and complexity analysis.,You will be getting in on the ground floor of what…"
KAGGLE_00722,Data Specialist,Harris Computer Systems,Remote,2022-07-02,,kaggle_2022,"10-key proficiency of 10000 kspm on computer numeric keypad.,The Data Entry Clerk is responsible for accurate processing and input of patient and insurance…"
KAGGLE_00723,Data Intelligence SDM,Robert Bosch,Bangalore,2022-07-25,,kaggle_2022,Manages the data science teams and oversees all activities ensuring alignment with departmental and business-wide vision and strategies.
KAGGLE_00724,IT Project Co-ordinator,BizBox Publishing,Remote,2022-06-26,,kaggle_2022,"Experience using computers for a variety of tasks.,Best in class Leave Policy.,Bizbox clients make up a variety of market leaders in the following areas: Small …"
KAGGLE_00725,Technical Associate - IT,Emeritus,Mumbai,2022-07-08,,kaggle_2022,"Walk customers through installing applications and computer peripherals.,Provide tier 2 technical support in a global 24*7 environment."
KAGGLE_00726,Python Developer,Infiyoda Solutions Pvt Ltd,Hyderabad,2022-07-22,,kaggle_2022,"Writing reusable, testable, and efficient code.,Design and implementation of low-latency, high-availability, and performant applications."
KAGGLE_00727,Computer Vision Data Scientist,iTech India,Chennai,2022-06-26,,kaggle_2022,"Experience in building datasets for computer vision tasks.,Worked in the preparation of production level deep learning models for computer vision solutions."
KAGGLE_00728,Data Engineer 1,JLL,Bangalore,2022-07-13,,kaggle_2022,"JLL/Technologies Centre of Expertise (JLLT CoE) (Bangalore).,This is an individual contributor role that is responsible for designing and developing of data…"
KAGGLE_00729,Support Engineer,Robro Systems Pvt. Ltd.,Indore,2022-07-22,,kaggle_2022,"Mechanical Assembly (as per the assembly Document).,Panel Building Wiring (Cable Preparing).,Kiara Flashing (Using the Document)."
KAGGLE_00730,AI - Embedded Deep Learning/Computer Vision,Ignitarium Technology Solutions,India,2022-06-26,,kaggle_2022,"Hands on with OpenCV, TensorFlow, Caffe, CUDA, OpenCL, OpenGL.,Hands-on experience with internals of networks (CNN/, RNN,/ DNN, /BNN,/LSTM, SSD etc)."
KAGGLE_00731,Software Engineer – C++ & Machine Vision,cybernetyx,Bangalore,2022-06-26,,kaggle_2022,"Applying algorithms and core computer science concepts to real world systems.,Design, develop, modify, and test software needed for Cybernetyx's human-computer…"
KAGGLE_00732,Technical Support,Live Connections,Hyderabad,,,kaggle_2022,"Should have basic knowledge about computer software and hardware.,Skills: Exp into Desktop support, dealing with Software and hardware issues, outlook issues,…"
KAGGLE_00733,COMPUTER VISION / ML PROFESSIONALS,Constems-AI,Noida,2022-06-26,,kaggle_2022,"Hands on experience in either machine learning, computer vision or deep learning.,This will initially be a contractual appointment for the period of 6 months –…"
KAGGLE_00734,Technical Analyst,UBS,Pune,2022-07-20,,kaggle_2022,"Execute against product vision and commitments in an Agile environment.,Perform large scale data & systems analysis, and design technology solutions that will…"
KAGGLE_00735,Technical Writer,Altair Engineering,Remote,2022-07-22,,kaggle_2022,"Training in additional skill areas such as localization, information architecture, publishing, minimalism, usability testing, data analytics, and/or computer…"
KAGGLE_00736,Urgent | Requirement for Mechanical Design Manager,Engineering manpower placement,Noida,2022-07-23,,kaggle_2022,"Contribute to the creation and implementation of best practice engineering vision, strategy, policies, processes and procedures to aid and improve operational…"
KAGGLE_00737,Intern,National Instruments,Bangalore,2022-06-26,,kaggle_2022,"The Software Engineer Intern position is a challenging role within NI, requiring daily interaction with NI Engineering Teams."
KAGGLE_00738,Data Science - Technical Lead,Paytm,Bangalore,2022-07-21,,kaggle_2022,"Experience with deep learning applied to areas such as NLP and computer vision.,Paytm is India’s leading digital payments and financial services company, which…"
KAGGLE_00739,Research SDE,Microsoft,Bangalore,2022-07-08,,kaggle_2022,"We are looking for an engineer with a passion to improve the state of the art.,The work involves solving low-level systems problems such as GPU state and memory…"
KAGGLE_00740,"Senior Software Engineer,backend developer",optimhire,Remote,2022-07-18,,kaggle_2022,"Health coverage including medical, dental, vision and option for HSA or FSA.,We rely heavily on AWS using Kinesis streams a variety of big data technologies…"
KAGGLE_00741,Service Desk Supervisor,Unisys,Bangalore,,,kaggle_2022,"Supervising employees who obtain information from services requester, log information into proper call management system and provide information relevant to the…"
KAGGLE_00742,ReactJS Developer,Logiciel Solutions Private Limited,Remote,2022-07-23,,kaggle_2022,"Highly acquainted with ReactJS JavaScript library.,Experience with popular React.js workflows (such as Flux or Redux).,Business Hours Working Days –Shift*."
KAGGLE_00743,Technical Writer,InSync Tech-Fin Solutions Ltd.,Kolkata,2022-06-26,,kaggle_2022,"As an ideal candidate, you have proven experience in a highly technical field, such as software development, computer science, or engineering."
KAGGLE_00744,Aveva / Assai - DW and DMDC | 7 Yrs+ | Bangalore,Techstar IT Services,Bangalore,2022-07-08,,kaggle_2022,"Secondary Skill:Data visualization - Knowledge.,Experience required 5-7 Years would be an ideal choice anything above this would be really preferred."
KAGGLE_00745,SDE2/SDE3 (Backend Developer),Telus,Bangalore,2022-07-12,,kaggle_2022,"Good grasp of fundamentals of computer science and web development.,We’ve built a truly industry agnostic platform to support growing needs of our customers."
KAGGLE_00746,"Senior Engineer - AI NLP, Vision",Harman International,Bangalore,2022-07-23,,kaggle_2022,"Knowledge of various AI/ML Techniques related to NLP, Audio Processing & Computer vision.,Appx 4-6 years of experience in automotive domain with good exposure…"
KAGGLE_00747,Sr. Engineer - Design & Development,Pioneer Machine & Automation Pvt Ltd,Ghaziabad,2022-07-22,,kaggle_2022,"Contribute to the creation and implementation of best practice engineering vision, strategy,.,Responsible to handle Designing systems, processes, methodologies…"
KAGGLE_00748,Virtual Wellness Advocate,Restore Hyper Wellness of Columbus,Remote,2022-07-26,,kaggle_2022,"You're technically savvy and computer platforms / lead generation software doesn't scare you.,Greeting new clients virtually and assisting them with their…"
KAGGLE_00749,Quality Analyst (Remote),SuperProcure,Kolkata,2022-07-01,,kaggle_2022,"The product brings key stakeholders associated with the planning, dispatch, and delivery of a truckload under a single umbrella."
KAGGLE_00750,Quality Assurance Engineer,GE Digital,Hyderabad,2022-07-23,,kaggle_2022,"Able to understand how team and personal goals/objectives contribute to the organization vision.,Responsible for testing a feature and or a small feature set…"
KAGGLE_00751,Data Engineer,IFLEX,Bangalore,2022-06-26,,kaggle_2022,"You are expected to contribute to the vision, understand our product roadmap, integrate business value andclient experience and contribute to build an…"
KAGGLE_00752,Computer Vision Engineer,Quant AIs,Palghat,2022-06-26,,kaggle_2022,"Working knowledge of training and deploying computer vision models on NVIDIA GPUs.,We use our expertise with the Cloud platforms like Microsoft Azure, along…"
KAGGLE_00753,Customer Service Representative,Eazifunds,Delhi,2022-07-23,,kaggle_2022,"Comfortable using computers, CRM tools and customer service applications.,To do well in this role you need to be able to remain calm when customers are…"
KAGGLE_00754,CT Full Stack Engg,EY,Bangalore,2022-07-22,,kaggle_2022,Excellent strategic skills to develop long-term visions and the ability to translate them into actionable roadmaps that are broadly accepted.
KAGGLE_00755,Junior Engineer - Customer / Technical Support,TouchMagix,Pune,2022-06-26,,kaggle_2022,"Interfacing with various Customers, Customer Support teams, Business Partners, and Customers Globally to address application-related product issues and resolve…"
KAGGLE_00756,Network Admin,amdocs,Pune,,,kaggle_2022,You will find quick solutions to malfunctions while making sure that the designated network equipment and computers stay functional.
KAGGLE_00757,Advanced deep learning developer for computer vision & lidar,MathWorks,Hyderabad,2022-06-26,,kaggle_2022,"Familiarity with MATLAB for image processing/computer vision.,Knowledge about training complex deep learning models for image processing / computer vision."
KAGGLE_00758,"Member of Technical Staff, India",JumpCloud,Bangalore,2022-06-26,,kaggle_2022,"Bachelor and/or Master degree in computer science or IT.,Technology stack, all the way from operating systems internals to SaaS front-end code."
KAGGLE_00759,ML Engineer,EY,Bangalore,2022-07-19,,kaggle_2022,"Building AI solutions would involve the use and creation of AI and ML techniques including but not limited to deep learning, computer vision, natural language."
KAGGLE_00760,Junior Software Engineer,Mantra Softech india Pvt Ltd,Ahmedabad,2022-07-16,,kaggle_2022,".NET developer is to develop, improve, troubleshoot, and maintain computer software applications.,This dream project of like-minded visionaries started in 2006,…"
KAGGLE_00761,Computer Vision Deep Learning Team Manager,Valeo,Chennai,2022-06-26,,kaggle_2022,"Good understanding of fundamental computer vision algorithms and approaches.,Strive to improve competencies in the field of automotive vision based ADAS,…"
KAGGLE_00762,Android Application Developer,Yogpath wellness Private LImited,Delhi,2022-07-25,,kaggle_2022,"Must be B-tech / m-tech / MCA / BCA or diploma holder in computer science and able to develop complete app for the market.,AI Tooling for automation of System."
KAGGLE_00763,Front End Developer II,Codefree.io,Noida,2022-07-15,,kaggle_2022,"Degree in computer science or related field.,A *Front End Developer/ JavaScript Developer* with a keen eye for design and development using Front End Frameworks…"
KAGGLE_00764,Senior Java Software Engineer,BlueOptima,Bangalore,2022-07-25,,kaggle_2022,BlueOptima’s vision is to become the global reference for the optimisation of the performance of Software Engineers across all industries.
KAGGLE_00765,Assistant Manager-Data visualizer,Deloitte,Hyderabad,2022-06-28,,kaggle_2022,"2 to 5 years industry experience with a bachelor’s in computer science or related field.,Our vision is to create a leadership culture focused on the development…"
KAGGLE_00766,Software Development Engineer – Altair Inspire,Altair Engineering,Bangalore,2022-07-22,,kaggle_2022,"Our vision is to transform customer decision making with data analytics, simulation, and high-performance computing.,At Altair, your curiosity matters."
KAGGLE_00767,Technical and Content Writer,Bosch Group,Bangalore,2022-07-16,,kaggle_2022,"It will also provide you with the opportunity to establish effective communication programmes that promote and protect BGSW’s vision, strategy, values, and…"
KAGGLE_00768,Software Engineer,GE Digital,Hyderabad,2022-07-22,,kaggle_2022,"Learns organization vision statement and decision making framework.,Learns organization vision statement and decision making framework.,In this role, you will:"
KAGGLE_00769,Quality Engineer,Barclays,Pune,2022-07-21,,kaggle_2022,"We aim to foster a culture where individuals of all backgrounds feel confident in bringing their whole selves to work, feel included and their talents are…"
KAGGLE_00770,Automation Test Engineer,amdocs,Gurgaon,,,kaggle_2022,"We offer a wide range of stellar benefits including health, dental, vision, and life insurance as well as paid time off, sick time, and parental leave!"
KAGGLE_00771,Cyber Security Risk and Compliance- Analyst/Senior Analyst,Deloitte,Bangalore,2022-06-26,,kaggle_2022,"Our vision is to create a leadership culture focused on the development and well-being of our people.,Bachelor’s degree in computer science or equivalent…"
KAGGLE_00772,Senior Analyst Customer Applications Support,SITA,India,2022-07-08,,kaggle_2022,"We design, build, and support technology solutions all with one vision to create easy air travel every step of the way.,Basic understanding of C# and ."
KAGGLE_00773,System Testing - LTE eNodeB,Mavenir,Bangalore,2022-06-26,,kaggle_2022,"Bachelor/ Master’s degree in computer science, electrical engineering is required.,Mavenir is building the future of networks and pioneering advanced technology…"
KAGGLE_00774,Automation Testing with HP QTP and UFT,Saraca Solutions,Bangalore,2022-06-26,,kaggle_2022,"Bachelors/Master’s degree (B.E/B.Tech/MCA/M.Tech) in computer science, computer engineering, software engineering, or equivalent."
KAGGLE_00775,Security and Controls Administrator,The Coca-Cola Company,Bangalore,2022-06-26,,kaggle_2022,"A bachelor’s in computer science, Information Technology or a related field of study is preferred.,D365 Security and Controls Administrator will be responsible…"
KAGGLE_00776,Technical Program Manager,Plume,Bangalore,2022-06-26,,kaggle_2022,"At Plume, we believe that technology isn't about moving faster, it's about making life's moments better.,Which is why we've built the world's first, and only,…"
KAGGLE_00777,Talent Acquisition Manager,VisionIAS | Ajayvision Education Private Limited,Delhi,2022-07-14,,kaggle_2022,"In this light, we provide unique learning experiences through our web-based platforms, computer and mobile applications enabled with Artificial intelligence and…"
KAGGLE_00778,Data Operations Associate,Consilio LLC,Bangalore,2022-06-26,,kaggle_2022,Associate - Data Operations' role at Consilio requires deep understanding of file structures and forensic images to ingest electronic data into our proprietary…
KAGGLE_00779,Technical Program Manager,Plume,Bangalore,2022-06-26,,kaggle_2022,Plume develops and deploys cloud-based control planes with scale to manage 10s of millions of customer homes through some of the world's largest ISPs.
KAGGLE_00780,Talent Acquisition Manager,VisionIAS | Ajayvision Education Private Limited,Delhi,2022-07-14,,kaggle_2022,"In this light, we provide unique learning experiences through our web-based platforms, computer and mobile applications enabled with Artificial intelligence and…"
KAGGLE_00781,Data Operations Associate,Consilio LLC,Bangalore,2022-06-26,,kaggle_2022,Associate - Data Operations' role at Consilio requires deep understanding of file structures and forensic images to ingest electronic data into our proprietary…
KAGGLE_00782,Software Engineer II,HERE Technologies,Mumbai,2022-07-23,,kaggle_2022,"You will work on projects focused on delivery of real-time traffic and will participate in all stages of software development including refining product vision,…"
KAGGLE_00783,Software Engineer,Microsoft,Hyderabad,2022-06-27,,kaggle_2022,"CSCP is responsible for strategic sourcing, customer demand forecasting, capacity planning and management, supply chain planning and execution, capacity…"
KAGGLE_00784,Image Processing Engineer,Optimized Electrotech Pvt Ltd,Bangalore,2022-07-22,,kaggle_2022,"Competency in developing semantic analysis schemes for images through image interpretation, object tracking, object detection, computer vision related…"
KAGGLE_00785,Sales Head,PropertyXpo Services Pvt.Ltd,Gurgaon,2022-07-25,,kaggle_2022,"Communicate and embody the company vision and values.,The Associate Vice President & Sales Head - Real Estate Portfolio Management, It a team management role…"
KAGGLE_00786,Marketing Executive,Videoverse,Mumbai,2022-07-14,,kaggle_2022,"Familiarity with marketing computer software and social media platforms.,Role – Marketing Executive (On-site)*.,Assisting with daily administrative duties."
KAGGLE_00787,Social Media Executive,RailMitra,Patna,2022-06-26,,kaggle_2022,"Excellent writing and computer skills.,We are looking for a Social Media Marketing Executive to help strengthen our brands' & accounts' Social presence."
KAGGLE_00788,Senior Machine Learning Engineer (Computer Vision),Atai labs,Hyderabad,2022-06-26,,kaggle_2022,"Responsible for designing and building production class deep learning models applied to computer vision problems.,Guide and mentor junior engineers on the team."
KAGGLE_00789,Systems Test Engineer,Philips,Bangalore,2022-07-09,,kaggle_2022,"Lead software and system testing activities.,Create test plans and test strategies for multiple concurrent projects.,Interface with cross functional teams."
KAGGLE_00790,Game Artist (Junior/Mid/ Experienced),BigDay Studio Pvt Ltd,Noida,,,kaggle_2022,"Work closely with the lead artist understand the overall game vision and quality goals.,Work closely with concept artists, the lead artist and the content…"
KAGGLE_00791,Senior Front-End Engineer,BlueOptima,Bangalore,2022-07-26,,kaggle_2022,"Great chance to get a taste of other domains as well working together with BE and UX teams.,The person would be leading a team of FE engineers in India which…"
KAGGLE_00792,Data Scientist,Testbook,Mumbai,2022-07-07,,kaggle_2022,"You train under the best mentors and become an expert in your field in your own right.,Now is the time to join the force."
KAGGLE_00793,Orcas -C#,Aptiv,Bangalore,2022-07-13,,kaggle_2022,"Camera-based computer vision systems.,We are setting up a dream team that will jointly develop and maintain vehicle data logging and visualization tool, which…"
KAGGLE_00794,Technical Staff – EMS Team – IN-4,Altiostar,Bangalore,2022-06-26,,kaggle_2022,Our objective is to provide mobile network operators with the equipment required to deploy and expand their 4G/5G networks quickly and efficiently in the most…
KAGGLE_00795,Orcas -C#,Aptiv,Bangalore,2022-07-13,,kaggle_2022,"Camera-based computer vision systems.,We are setting up a dream team that will jointly develop and maintain vehicle data logging and visualization tool, which…"
KAGGLE_00796,Java Developer,Oracle,Bangalore,2022-07-16,,kaggle_2022,"Junior consulting position for those who are continuing to develop their expertise.,Receives general instruction on routine work and detailed instruction on new…"
KAGGLE_00797,Junior Frontend Developer,New Vision Group Holding P. Ltd,Pune,2022-07-22,,kaggle_2022,"Build 2D and 3D applications using fabric.js, webgl/three.js, and React.js.,Develop technical specifications and requirements.,Total work: 3 years (Preferred)."
KAGGLE_00798,Website Development Lead,InnoServ Digital,Pune,2022-07-23,,kaggle_2022,"Understanding company vision and strategy.,This role will be overseeing a project from conception to implementation, client coordination, managing the needs…"
KAGGLE_00799,IT Application Developer,Lenovo India Private Limited,Bangalore,2022-06-26,,kaggle_2022,"Bachelor's Degree (degree in information systems technology or computer information system management preferred).,Popular database knowledge is required."
KAGGLE_00800,Operation Engineer-12,Mavenir,Bangalore,2022-07-23,,kaggle_2022,"Specializes in providing assistance to field engineers, technicians, and product support in diagnosing, troubleshooting, repairing and debugging complex systems…"
KAGGLE_00801,C# developer,Siemens,Bangalore,2022-07-01,,kaggle_2022,Interact with customers and other team members to build and verify the solutions via the requirements and technical specifications.
KAGGLE_00802,Computer Science Teacher,Pi Jam Foundation,Bangalore,2022-07-21,,kaggle_2022,"Be an intellectually curious and responsive team contributor, delivering and receiving feedback regularly, and eager to learn and stay up to date on computer…"
KAGGLE_00803,Business Technical Analyst,Kiash Soluitons LLP,Hyderabad,2022-07-07,,kaggle_2022,"Identify the main vision and objectives of the application to be developed.,Reviews, analyzes, and creates detailed documentation of business systems and user…"
KAGGLE_00804,Developer II - Software Engineering,UST Global,Hyderabad,2022-07-15,,kaggle_2022,"Gather and drive stakeholder requirements and product vision through the planning, analysis, development, and testing phases.,Create and conduct unit testing."
KAGGLE_00805,Cinematographer,TheBroThing,Faridabad,,,kaggle_2022,"You need a computer to edit on, ideally a laptop because we travel sometimes.,Edit videos, make them engaging with sound effects, additional B-roll, music, and…"
KAGGLE_00806,Computer Operator,VCART Vehicles Private Limited,Raipur,2022-07-09,,kaggle_2022,"Min 1 year as a computer operator/assistant.,The main objective as Computer Operator/Assistant would be to manage computer related works, call/followup with the…"
KAGGLE_00807,Computer Hardware & Networking Executive,Kalparatu Multiplier,Bhopal,2022-07-12,,kaggle_2022,"Providing support for software, hardware, Network and Server for an organizations employees.,Providing all configuration settings in thin client user."
KAGGLE_00808,REF133606Y_EXP3DMLFT_Application Development for Data servic...,Robert Bosch,Bangalore,2022-06-29,,kaggle_2022,"Exposure to computer vision, machine learning & deep learning(preferred but not mandatory).,Strong skills in python coding (mandatory)."
KAGGLE_00809,AR/VR Developer,Asista Software Solutions Private Limited,Chennai,2022-07-19,,kaggle_2022,"1-5 years of experience in developing AR/VR, Computer vision applications.,Follow adopted design/development methodologies, patterns, and toolsets."
KAGGLE_00810,Machine Learning Developer,Tech Opportunity,Mumbai,2022-07-25,,kaggle_2022,"Skills - Open CV, Deep Learning, Object detection and recognition, computer vision.,Andheri, Mumbai, Maharashtra: Reliably commute or planning to relocate…"
KAGGLE_00811,Help Desk Support – Level 2,ACE IT Solutions,Chandigarh,2022-06-30,,kaggle_2022,"Providing support for computers, peripherals, and user related questions.,These duties include configuration, installations, and troubleshooting software and…"
KAGGLE_00812,IT Recruiter,E - Hireo,Bangalore,2022-07-20,,kaggle_2022,"Source, screen and headhunt talents through various job portals, social media, and employee referrals.,Identifying candidates with right skills to match the…"
KAGGLE_00813,CSCE Automation Systems Architect,Intel,Remote,2022-06-26,,kaggle_2022,CS creates an environment where employees can prosper while creating the innovative technologies that make amazing possible.
KAGGLE_00814,Artificial Intelligence and Computer Vision Specialist,JSR Dynamics,Nagpur,2022-06-26,,kaggle_2022,"Strong grasp over concepts in computer vision.,Artificial Intelligence and Computer Vision Specialist:,Implementing Computer Vision algorithms for automatic…"
KAGGLE_00815,QA Automation Engineer,ZADARA STORAGE,Bangalore,2022-07-22,,kaggle_2022,"Bachelor’s degree in computer science or equivalent.,You will be a part of our Automation Team and focus on developing the automation infrastructure and tests…"
KAGGLE_00816,Data and Quality Analyst,BCD Travel Corporate,Bangalore,2022-07-24,,kaggle_2022,"§ Requires clarity of near vision.,College degree, preferably in the computer related field, or equivalent technical work experience."
KAGGLE_00817,Lead - Digital,Pehlay Akshar Foundation,Mumbai,,,kaggle_2022,"Define the product vision, scope and translating the product vision in user-friendly application.,Governments to implement programs that change the way students…"
KAGGLE_00818,Software Development Engineer II,Philips,Bangalore,2022-07-23,,kaggle_2022,"Own the detailed design of the system.,Comfortable in design, implementation, testing, and documentation.,Ensure quality by writing developer level tests (unit,…"
KAGGLE_00819,Strategy Officer,Bosch Group,Bangalore,2022-07-25,,kaggle_2022,"Portfolio management, evolving go to market strategy execution, business model evolution, business development including strategic alliances, channel partners …"
KAGGLE_00820,Computer Vison Engineer,i2V Systems,Gurgaon,2022-06-26,,kaggle_2022,"Deploying computer vision solutions on scale.,You will be responsible for development and optimization of various computer vision solutions which solve customer…"
KAGGLE_00821,Data Scientists,DeepTek Medical Imaging,Pune,2022-06-26,,kaggle_2022,Your responsibilities will include the development and evaluation of neural network models for computer vision and medical imaging tasks based on state-of-art…
KAGGLE_00822,IT Specialist,BizBox Publishing,Remote,2022-06-26,,kaggle_2022,"Software is everything running on the cloud or on a computer or mobile device.,Best in class Leave Policy.,Bizbox clients make up a variety of market leaders in…"
KAGGLE_00823,Machine Learning Engineer,Oracle,Bangalore,2022-07-12,,kaggle_2022,"Good understanding of OpenCV and related computer vision libraries.,Design, develop, troubleshoot and debug software programs for databases, applications, tools…"
KAGGLE_00824,Consultant - Automation Testing with Selenium & C#,Deloitte,Bangalore,2022-07-15,,kaggle_2022,"Since then, nearly all of the Deloitte Tax LLP (“Deloitte Tax”) U.S. service lines and regions have obtained support through Deloitte Tax in India."
KAGGLE_00825,Staff Engineer - Moj,sharechat,Bangalore,2022-07-20,,kaggle_2022,"Establishing technology vision and best practices for the team, demonstrating how to solve deeply complex technical challenges and helping communicate that…"
KAGGLE_00826,Apprentice Engineer,ASM Assembly Systems India Pvt Ltd,Bangalore,2022-07-23,,kaggle_2022,"Siplace and DEK Technician/Engineer Under*.,ASM Assembly systems India Pvt Ltd*.,Any related NSQF approved QP/Course/NOS and code*.,B.E with 9 years +."
KAGGLE_00827,HR Executive,Academia Solutions,Kolkata,2022-07-26,,kaggle_2022,"Must be a basic tech savvy person and comfortable with computer usage.,Responsible for understanding the business goals and vision of the company."
KAGGLE_00828,Clinical Data Lead,ICON - APAC,Bangalore,2022-07-20,,kaggle_2022,"The role: • As a member of staff, the employee is encouraged to accept and supply to our culture of process improvement with a focus on streamlining our…"
KAGGLE_00829,Data Analyst,PayU,Mumbai,2022-06-26,,kaggle_2022,"We are looking for a Data Analyst.,PayU Finance operates under two brands - LazyPay and PaySense with a focus on Buy now Pay later and personal loan products.."
KAGGLE_00830,NOC Engineer,Consilio LLC,Bangalore,2022-06-26,,kaggle_2022,"They also ensure smooth functioning of the network for business needs and keeps the downtime to a negligible level.,Good Understanding of Incident Management."
KAGGLE_00831,Fullstack Developer,Altair Engineering,Bangalore,2022-07-22,,kaggle_2022,"You will be part of an international, cross-functional, team that is responsible for the complete software life cycle of the Altair Panopticon product line."
KAGGLE_00832,Coordinator,Digitals India Secruity Products Pvt. Ltd,Lucknow,2022-07-24,,kaggle_2022,"Proficient in computer skills using word processing and spreadsheet programs.,Ability to communicate effectively using speaking, hearing, writing, and vision…"
KAGGLE_00833,MLOps Engineer (Permanent WFH),Master Mind Consultancy,Remote,2022-07-13,,kaggle_2022,Fast-track AI development and deployment related to computer vision and natural language Solutions processing by leveraging our proprietary platforms/frameworks…
KAGGLE_00834,Staff Software Engineer (Backend),| Hwy Haul,Remote,2022-06-26,,kaggle_2022,"Excellent medical, dental and vision benefits.,We are looking for someone who designs and develops technology to serve business and technology objectives,…"
KAGGLE_00835,Developer Associate_JAVA | 0-3 yrs | Bangalore,SAP,Bangalore,2022-07-18,,kaggle_2022,SAP Globalization Services broadens SAP’s global footprint by enabling businesses to run efficiently with the vision of empowering them with ‘Local compliance’…
KAGGLE_00836,Software Engineer .NET (Pune/Remote),MINDBODY,Pune,,,kaggle_2022,"You will need dexterity of hands and fingers to operate a computer keyboard.,Software Engineering team works in the MINDBODY software development life cycle,…"
KAGGLE_00837,Business Analyst-IT,Make Visions Outsourcing Pvt Ltd,Gurgaon,2022-07-22,,kaggle_2022,"Business Analyst (Salary - 8 - 10 Lacs per annum)* Our business analysts are the drivers behind our continued growth and success.,Working knowledge of API’s."
KAGGLE_00838,Senior Software Engineer .NET (Pune/Remote),MINDBODY,Pune,,,kaggle_2022,"You will need dexterity of hands and fingers to operate a computer keyboard.,Software Engineering team works in the MINDBODY software development life cycle,…"
KAGGLE_00839,Senior Data Analyst - Data Engineering/Analytics,Exusia,Bangalore,2022-07-22,,kaggle_2022,"Data experience working with complex large datasets / big data performing data analysis, data profiling, data mapping and data modeling is required."
KAGGLE_00840,Data Analyst,Osmipro,Bangalore,2022-07-23,,kaggle_2022,"Acquire data from primary or secondary data sources and maintain databases/data systems.,Acquiring data from primary or secondary data sources and maintaining…"
KAGGLE_00841,Senior Data Analyst,AdTech Holding,Bangalore,2022-07-21,,kaggle_2022,"You know Python - you can get and process data, conduct analytics in Jupyter and visualise results using popular libraries;,Basic knowledge of Airflow DAG;"
KAGGLE_00842,Data Management Analyst,Wells Fargo,Telangana+1 location,,,kaggle_2022,"Experience in Data Management concepts including data governance, data domains, data lineage, metadata and/or data quality."
KAGGLE_00843,Senior Data Management Analyst,Wells Fargo,Bangalore,2022-07-15,,kaggle_2022,"4+ years of data management experience in one or more of the following functional areas: master, reference data, technology strategy, business technology…"
KAGGLE_00844,Data Analyst,SuperK,Bangalore,2022-07-21,,kaggle_2022,"Acquire data from primary or secondary data sources and maintain databases/data systems.,Providing technical expertise on data storage structures, data mining,…"
KAGGLE_00845,Data Analyst,Foxx Life Sciences Pvt Ltd,Remote,2022-07-22,,kaggle_2022,"Techniques in data design and data management.,Provide data to users by extracting that data from the ERP system.,Other projects and duties as assigned."
KAGGLE_00846,Data Processing Analyst (Pipeline - New Demand),NielsenIQ,Chennai,2022-07-23,,kaggle_2022,"The DPA is responsible for understanding and executing the end-to-end Client deliverable process (needs assessment, operational capabilities, and execution)."
KAGGLE_00847,Data Analyst,Knowledgehut solutions pvt ltd,Bangalore,2022-07-23,,kaggle_2022,"Managing and maintaining sales data in [redacted] (CRM) and other software programs.,Providing models and organizing statistical studies for the Sales…"
KAGGLE_00848,Data Analyst (Internship),Probo,Remote,,,kaggle_2022,"Write complex SQL Queries to pull/fetch data from systems.,Identify patterns for user behavior.,Perform analysis and present the findings to stakeholders to…"
KAGGLE_00849,Data Analyst,Zocket,Pune,2022-07-23,,kaggle_2022,"1 - 3 years of experience in the data analyst role.,Analysing data using statistical techniques and providing reports."
KAGGLE_00850,Data Analyst,Indus Net Technologies Pvt Ltd,Kolkata,,,kaggle_2022,"Acquire data from primary or secondary data sources and maintain databases/data systems.,Technical expertise regarding data models, database design development,…"
KAGGLE_00851,DATA ANALYST,Innowrap Technologies,Remote,2022-07-22,,kaggle_2022,"Manual data entry as needed to correct inconsistencies or fix gaps in existing data.,Supervision of both automated and manual processes relating different…"
KAGGLE_00852,Data Analyst,GeekFerry,Delhi,,,kaggle_2022,"Drive analytics on data for identifying key trends/patterns and generating recommendations.,Recommend actions by analyzing and interpreting data and making…"
KAGGLE_00853,Data Analyst,UST Global,Bangalore,2022-07-07,,kaggle_2022,"The job applicant should have experience with the following technologies:,Strong experience in SQL and database design.,Expert knowledge in Microsoft Excel."
KAGGLE_00854,Data Analyst with Tableau,VAANTECH,Hyderabad,2022-07-23,,kaggle_2022,"Experience in analyzing data to draw business-relevant conclusions and in data visualization techniques and tools.,Strong SQL skill is a must."
KAGGLE_00855,Data Analyst,Textricks Pvt Ltd,Noida,2022-07-22,,kaggle_2022,"Analysing data to identify trends.,Using specialist tools to extract the data needed.,Researching new ways to make use of data."
KAGGLE_00856,Data Analyst,TGS the global skills,Bangalore,2022-07-21,,kaggle_2022,"2+ years data quality or similar level data analysis experience required.,Develop control structures within a simple environment to ensure the accuracy and…"
KAGGLE_00857,Data Analyst,Axismobi,Noida,,,kaggle_2022,"\*Acquire data from primary or secondary data sources and maintain databases/data systems.,\*Develop and implement databases, data collection systems, data…"
KAGGLE_00858,Operational Analyst,Hestabit Technologies Pvt ltd,Noida,2022-07-22,,kaggle_2022,"Analytical and data visualization skills.,Should have good knowledge of Advance Excel, dashboards, and MIS.,Track and Manage Department operations and Processes…"
KAGGLE_00859,Data Analyst - IAU,Maruti Suzuki India Ltd,Gurgaon,2022-07-09,,kaggle_2022,"Hands on experience of data analysis tools/.,Minimum 3 years of relevant experience in data analysis.,Create repeatable data analytics to support continuous…"
KAGGLE_00860,Data Analyst,Derivatives Connect Private Limited,Bangalore,2022-07-21,,kaggle_2022,"Work experience on data structures, algorithms, and OOPs concepts.,C and C++ Object Oriented Programming Skills.,Should be good in mathematics."
KAGGLE_00861,Data Analyst- power-bi- SQL,T&N Business Services Pvt. Ltd.,Gurgaon,2022-07-21,,kaggle_2022,"*Experience in dash boarding using google data studio and google sheet to manage schedules, work flow, and statistical data*.,WFH due to Covid situation*."
KAGGLE_00862,Data Analyst Intern,GUVI GEEK NETWORK PRIVATE LIMITED,Chennai,2022-07-22,,kaggle_2022," Supporting initiatives for data integrity and normalization., Performing analysis to assess quality and meaning of data., High level knowledge in excel."
KAGGLE_00863,Data Analyst,Wizikey,Gurgaon,2022-07-23,,kaggle_2022,"Performing analysis to assess quality and meaning of data.,Using automated tools to extract data from primary and secondary sources."
KAGGLE_00864,Data Analyst,Zotto Ltd,Bangalore,2022-07-23,,kaggle_2022,"Developing and maintaining databases, data systems – reorganizing data in a readable format.,Technical proficiency regarding database design development, data…"
KAGGLE_00865,Data Analyst - Excel VBA,CAPCO,Bangalore,2022-07-20,,kaggle_2022,"Analyze data to identify process improvements for increasing business efficiency.,Experts in banking and payments, capital markets and wealth and asset…"
KAGGLE_00866,Data Analyst,LEADS 2 BUSINESS SOLUTIONS P LTD,Thane,2022-07-20,,kaggle_2022,"Knowledge of data visualization tool like Tableau or PowerBI.,Knowledge and experience in data analytics tools R, Python added advantage."
KAGGLE_00867,Marketing Data Analyst,Edubex,Kochi,2022-07-26,,kaggle_2022,"Assist Marketing Manager with data handling.,Analyze data and generate reports which will help the operations.,Expertise in making interactive dashboards."
KAGGLE_00868,"Analyst, Data Engineering",Standard Chartered,Bangalore,2022-07-23,,kaggle_2022,"Responsible for end-to-end delivery that meets the agreed requirements and timelines.,Translate business requirement into technical language and provide…"
KAGGLE_00869,Data Upload Analyst,Oracle,Bangalore,2022-06-26,,kaggle_2022,"Prepare reports with a high volume of data uploads, with millions of data elements.,Reviewing the data in detail.,Past experience in Sales desirable."
KAGGLE_00870,EIM Data Analyst,Virtusa,Hyderabad,,,kaggle_2022,Collaborate with Product Owners and stakeholders to understand the business requirementsAnalyse data from key source systems and design suitable data solutions…
KAGGLE_00871,Data Analyst,Frontier Agrotech Pvt. Ltd.,Mohali,2022-07-22,,kaggle_2022,"Excellent Command in excel with focus on preparing reports.,Knowledge about Microsoft Excel Dashboard.,Daily and Monthly generate of MIS reports, analyzing the…"
KAGGLE_00872,Data Analyst,Proziod Analytics Pvt Ltd,Bangalore,2022-07-20,,kaggle_2022,"Proven working experience as a Data analyst or Customer Support between 1 to 2 years will be an added advantage.,Experience in Mail box Management."
KAGGLE_00873,Data Integrity - Analyst,Deloitte,Hyderabad,2022-07-14,,kaggle_2022,"Establishing data management standards, procedures and best practices while data cleansing.,Provides end-to-end support around database management, data…"
KAGGLE_00874,Data Analytics,Indus Net Technologies Pvt Ltd,Kolkata,2022-07-20,,kaggle_2022,"Optimizing and implementing new data processes and systems.,Prepares reports of data results, presenting and explaining findings to senior leadership."
KAGGLE_00875,"Business Analyst/Data Analyst(Python, Sql, Numpy, Pandas) (O...",Valiance Solutins,Bangalore,2022-07-21,,kaggle_2022,"You should be good at understanding client data needs, the landscape of various heterogeneous data sources, identifying a set of services for data ingestion &…"
KAGGLE_00876,Data Analyst,Foxberry Technology Pvt Ltd,Pune,2022-07-23,,kaggle_2022,"Acquire data from primary and secondary sources and maintain data systems.,At least 1 year of data analytics work experience."
KAGGLE_00877,Data Analyst,Wipro Limited,Pune,2022-07-15,,kaggle_2022,"� Interpreting business requirements to designing, creating, and maintaining complex Data /Compliance reports using Microsoft Suite especially Microsoft Excel."
KAGGLE_00878,Data Analyst (Statistician),BuzzBoard,Remote,2022-07-15,,kaggle_2022,"Proven working experience as a data analyst or business data analyst.,Acquire data from primary or secondary data sources and maintain databases/data systems."
KAGGLE_00879,Data Analyst,Patra Corp,Remote,2022-07-20,,kaggle_2022,"Research opportunities for data acquisition and new uses for existing data.,Recommend ways to improve data reliability, efficiency and quality (e.g. data…"
KAGGLE_00880,Data Analyst,Mobile Programming LLC,Bangalore,2022-07-23,,kaggle_2022,"Must have experience translating data into useful insights, strategy, and action; using visualization to aid in data storytelling to enable data-based decision…"
KAGGLE_00881,Data Analyst,Irish Taylor & Co,Hyderabad,2022-07-23,,kaggle_2022,"Manual data entry as needed to correct inconsistencies or fix gaps in existing data.,Focus on proactive maintenance of CRM data quality including company,…"
KAGGLE_00882,Data Analytics,Mentored Minds,Pune,2022-07-21,,kaggle_2022,"\* Creating Reports for data analysis.,\* Using advanced formulas in Google Sheets to manipulate data.,\* You would be client facing to gather and understand…"
KAGGLE_00883,Data Analyst,Market Expertise,Pune,2022-07-23,,kaggle_2022,"Acquire data from primary or secondary data sources and maintain databases/data systems.,Acquiring data from primary or secondary data sources and maintaining…"
KAGGLE_00884,Data Analyst,Experian,Mumbai,2022-07-26,,kaggle_2022,"Company Description Experian unlocks the power of data to create opportunities for consumers, businesses and society. We gather, analyze and process data in…"
KAGGLE_00885,Data Analyst Ecommerce,Panworld,Delhi,,,kaggle_2022,"Acquiring data from primary and secondary data sources and maintaining databases/data systems.,Previous experience in data analysis."
KAGGLE_00886,Data Analyst,Absolut data,Technopark,2022-07-21,,kaggle_2022,"Analyze the application data and recommend data quality rules.,Identify data quality metrics and execute data quality audits to benchmark the state of data…"
KAGGLE_00887,OLM Analyst - Data & Analytics,Shell,Bangalore,2022-07-23,,kaggle_2022,This position is also responsible for building visualization and analytics solutions to present data in a graphical or pictorial format to help people…
KAGGLE_00888,Operational Risk Analyst,Commonwealth Bank,Bangalore,2022-07-23,,kaggle_2022,"To help us deliver on The Group’s purpose, Customer Service Direct’s Risk team is focused on supporting the business achieve its objectives through simplifying…"
KAGGLE_00889,Data Analyst,Code Brew Labs,Chandigarh,2022-07-23,,kaggle_2022,"Use statistical methods to analyze data and generate useful business reports.,Work with departmental managers to outline the specific data needs for each…"
KAGGLE_00890,Data Analyst For A Leading Canadian MNC,Intelliworx Consulting,Chandigarh,2022-07-23,,kaggle_2022,"Work experience as a data analyst or in a related field.,Processing confidential data and information according to guidelines.,Managing users and user roles."
KAGGLE_00891,Research and Data Analyst,Special Blasts Ltd,Raipur,2022-07-23,,kaggle_2022,"The analyst must be well versed with Microsoft Excel, should be able to make technical and financial analysis of companies following IND AS, IFRS and US GAAP."
KAGGLE_00892,Data Analyst - Automotive,Derivatives Connect Private Limited,Bangalore,2022-07-22,,kaggle_2022,"Work experience on data structures, algorithms, and OOPs concepts.,C and C++ Object Oriented Programming Skills.,Should be good in mathematics."
KAGGLE_00893,Data Engineer / Data Analyst,Morgan Stanley,Mumbai,2022-07-23,,kaggle_2022,"2-5 years experience as a data analyst, data engineer, data scientist, business analysis or related quantitative analyst."
KAGGLE_00894,Data Analyst,Maersk,Chennai,2022-07-08,,kaggle_2022,"General reporting and auditing of data.,Collect and analyse data to support decision making in the business.,Develop and maintain standard reports and assist in…"
KAGGLE_00895,Data Analyst,Benchmark Digital Partners,Bangalore,,,kaggle_2022,"Able to understand various data structures and common methods in data transformation.,Extensive background in data mining and statistical analysis."
KAGGLE_00896,Data & Analytics Analyst,NatWest Group,Delhi,2022-06-26,,kaggle_2022,"Knowledge of data engineering, data science and decisioning disciplines.,Strong knowledge of data management principles."
KAGGLE_00897,Data Analyst,Serendipity corporate services,Hyderabad,2022-07-19,,kaggle_2022,"Ability to guide analysts and review the work products, including code.,*6*+ years of experience in data analytics and consulting."
KAGGLE_00898,PRMA Analyst,HealthMinds Consulting Pvt. Ltd,Bangalore,2022-07-22,,kaggle_2022,"Expect similar data files for conjoint analysis and monadic designs as well.,Please see attached file for a sample of the data file.,Scope of work in the MSA*."
KAGGLE_00899,Data Analyst,Spectrum Infra Ventures Pvt. Ltd.,Delhi,,,kaggle_2022,"Ø Strong analytical skills and ability to interpret data.,Ø Ability to communicate strategic information, data, and results in a clear and understandable manner…"
KAGGLE_00900,Data Analyst,Impressico Business Solutions,Noida,2022-07-19,,kaggle_2022,"Review, monitor, and post financial transactions.,Account reconciliations using various financial systems.,Upload and download financial documents."
KAGGLE_00901,Employee Data Analyst,Unilever,Bangalore,2022-07-20,,kaggle_2022,"Own data accuracy and maintenance of the data in the system.,Execution of employee data activities, JML data maintenance and tier 1/2 case management."
KAGGLE_00902,Data Analyst,Dhwani Rural Information Systems,Gurgaon,2022-07-06,,kaggle_2022,"Therefore, in order to query the data we need to pass the tenant id to get the data of the respective tenant.,Easy to migrate the data into new structure if any…"
KAGGLE_00903,Immediate Opening with Omnicuris For Data Analyst,Omnicuris Healthcare,Bangalore,2022-07-08,,kaggle_2022,"Experience on using any of the data visualization tools like Tableau, Grafana, Google data studio is good to have.,From 2 to 5 year(s) of experience."
KAGGLE_00904,Process and Data Analyst,Bosch Group,Bangalore,2022-06-29,,kaggle_2022,"O data management (SQL database).,Execution and development of respective data analytics, incl.,Experience in respective IT-systems (e.g. SAP) or data analytics…"
KAGGLE_00905,Data Analytics,Infochola,India,2022-07-26,,kaggle_2022,"Strong background on statistics and data analysis.,Performs advanced data mining & analytics on all productivity and reliability data to identify opportunities…"
KAGGLE_00906,Business Analyst,Wipro Limited,Coimbatore,,,kaggle_2022,"Use data modelling practices to analyze the findings and design,develop improvements and changes.,The purpose of the role is to liaison and bridging the…"
KAGGLE_00907,Data Analyst,Vodafone,Pune,,,kaggle_2022,"They support the team with detailed data analysis, implement dashboards and ensure decision support systems are in place that best serve the business in their…"
KAGGLE_00908,Data Analyst (Excel advanced specialist),XShip Design & Analytics Pvt Ltd,Kochi,2022-07-20,,kaggle_2022,"Assess the effectiveness and accuracy of new data sources and data gathering techniques.,To manipulate data, draw insights and build advanced machine learning…"
KAGGLE_00909,Data Analyst,DBS Bank,Maharashtra,2022-07-20,,kaggle_2022,"Support key business initiatives for data driven decisioning.,Automated data pipelines for business performance dashboards."
KAGGLE_00910,Reference Data Management Analyst,NatWest Group,Bangalore,2022-07-19,,kaggle_2022,"You’ll be creating legal entity reference data, reviewing changes and improving static data.,This role is available at senior analyst level."
KAGGLE_00911,Sr. Data Analyst,Tech mahindra,Hyderabad,,,kaggle_2022,"Perform data analysis, trend analysis.,To analyze, document and ensure the client requirements.,Elicit requirements using interviews, document analysis, site…"
KAGGLE_00912,Data Analyst,MedTourEasy,Delhi,2022-06-26,,kaggle_2022,"Proven working experience as a data analyst or business data analyst.,Acquire data from primary or secondary data sources and maintain databases/data systems."
KAGGLE_00913,Business Intelligence Analyst-Permanent Remote,Lendingtree Research Services LLP,Ahmedabad,2022-07-23,,kaggle_2022,"Work with Data Scientists and Engineering partners to help shape and drive the development of data infrastructure for products/solutions, including data…"
KAGGLE_00914,Data & Technical Business Analyst,Vish Gyana Technology Solutions Private Limited,Chennai,2022-07-21,,kaggle_2022,"To serve as an experienced, individual contributor on tasks and assignments that support and enhances Enphase product performance, durability, reliability and…"
KAGGLE_00915,Data Analyst,VIKAS STAINLESS STEEL INDIA PVT LTD,Faridabad,2022-07-22,,kaggle_2022,"Developing and maintaining databases, data systems – reorganizing data in a readable format.,Performing analysis to assess the quality and meaning of data."
KAGGLE_00916,Data Processing Analyst,Rubrix Analytics Private Limited,Remote,2022-07-24,,kaggle_2022,We are looking for a Data Processing Analyst who will act as a liaison between the our team and the client assisting in their day to day operations.
KAGGLE_00917,Data Analyst,Smiths Group,Bangalore,2022-07-21,,kaggle_2022,"Defining new data collection and analysis processes.,A good understanding of data Security and privacy technologies."
KAGGLE_00918,Process Associate-Data Analyst,Genpact,Noida,,,kaggle_2022,The analyst should be able to identify pattern emerging from data and reports and establish the linkage for the same with business problems.
KAGGLE_00919,Data Analyst,BenoGroup,Ghaziabad,2022-06-26,,kaggle_2022,"Support management team and the Heads of Department with data-driven analysis.,The financial data will be provided to be formulated into a representational…"
KAGGLE_00920,Data Analyst,Quotient Technology,Bangalore,,,kaggle_2022,"Devise, develop, test and deploy new data models.,Experience in manipulating large data sets and analyzing them to identify actionable insights."
KAGGLE_00921,Data Analyst,Meritech Software Private Limited,Mohali,2022-07-22,,kaggle_2022,"HH Drive test tool knowledge ( AZQ).,Good RF knowledge ( 5G/4G).,Minimum one year network testing exp.,Mohali, Mohali - 160062, Punjab: Reliably commute or…"
KAGGLE_00922,Data Analyst,Honeywell,Bangalore,2022-07-15,,kaggle_2022,"You will work on a team including scrum masters, product owners, data architects, peer data engineers/analyst, data scientists and DevOps."
KAGGLE_00923,Data Analyst (Experienced),T&N Business Services Pvt. Ltd.,Gurgaon,,,kaggle_2022,"Developing and maintaining databases, data systems.,Performing analysis to assess quality and meaning of data.,Accuracy and attention to detail."
KAGGLE_00924,Junior Data Analyst,Fireblaze AI School,Nagpur,2022-07-22,,kaggle_2022,"Excellent understanding of data visualization, data storytelling, and how to think about data problems in a business context and solving them using Machine…"
KAGGLE_00925,Reporting / Data Analyst,EY,Bangalore,2022-07-16,,kaggle_2022,"Maintain and support data analytics platforms.,Crafting and executing queries upon request for data.,Identify and drive resolution of gaps in data reporting."
KAGGLE_00926,Master Data Analyst,Bacardi,Gurgaon,2022-07-06,,kaggle_2022,"As masterdata analyst you will be responsible for local data input within the market/plant as part of the dedicated set of Global Master Data policy, procedures…"
KAGGLE_00927,Data Analyst,Deevaz,Delhi,2022-07-21,,kaggle_2022,"Should have knowledge of creating reports.,Are you proficient in MS Excel."
KAGGLE_00928,Data Analyst,Boston Consulting Group,Delhi,2022-07-13,,kaggle_2022,"Apply techniques such as data gathering, data mapping, benchmarking, trend analysis and charting to provide observations, and actionable insight."
KAGGLE_00929,Data Analyst,Artoon Solutions Pvt. Ltd.,Surat,2022-07-23,,kaggle_2022,"Use statistical methods to analyze data and generate useful business reports.,Work with departmental managers to outline the specific data needs for each…"
KAGGLE_00930,Data Analyst,DIGITAL DESIGN TECHNOLOGY,Gurgaon,,,kaggle_2022,"Experience in research, data analysis, MIS and data management Skills.,Drive compliance resolution of invalid, incomplete, or inaccurate data content *Determine…"
KAGGLE_00931,ERP Reporting/Data Analyst,Vienna IT Solutions Pvt. Ltd.,Mohali,2022-07-22,,kaggle_2022,"Data Modelling for Business Intelligence Reporting, which will include Designing data warehouse as per business needs.,Conducting troubleshooting on BI models."
KAGGLE_00932,Data Analyst,Ex Libris,Bangalore,2022-07-16,,kaggle_2022,"The person will be responsible to understand customer needs from sales and marketing, run analysis on product consumption and other data sets and provide data…"
KAGGLE_00933,Data Analyst / BI Developer,"Owens Asia, Inc..",Thane,2022-07-18,,kaggle_2022,"Provide technical expertise on data storage structures, maintenance, data mining, and data cleansing.,This includes data mining from different sources and data…"
KAGGLE_00934,Data Analyst,Bigbang HR Advisors,Mumbai,2022-07-26,,kaggle_2022,"Ensure daily onboarding and dealer support management of partners for plan sales.,Dealer support for Retail Partners and one point POC for OEM plans."
KAGGLE_00935,Data Analyst,BT,Bangalore,2022-07-17,,kaggle_2022,"Deep data landscaping and analysis experience typically simplifying data sources and delivering automated capabilities across finance, operations and resource…"
KAGGLE_00936,Data Analyst,Indigifts Pvt. Ltd.,Jaipur,2022-07-23,,kaggle_2022,"Analysis of daily sales and entering the data in the relevant sheets ensuring all data is in place and reach to be looked into.,Total work: 1 year (Preferred)."
KAGGLE_00937,Business Data Analyst - Bancassurance,24x7 Corporate Solutions India Pvt Ltd,Kochi,2022-07-22,,kaggle_2022,Provide timely business analytical solutions to enable data – driven decisions to support sales team in achieve the organisational goals.
KAGGLE_00938,Data Analyst,Discover WebTech Private Limited,Indore,2022-07-23,,kaggle_2022,"Top notch Google Sheets skills.,Excellent programming skills in Python with prior knowledge of Pandas, Numpy, Matplotlib, Seaborn."
KAGGLE_00939,Manager - Data Analyst,Maruti Suzuki India Ltd,Gurgaon,2022-06-26,,kaggle_2022,"Understanding of accidents, accident data.,Story telling with the help of data.,Knowledge of Automotive domain/Road Safety/Environment data is a plus."
KAGGLE_00940,Analyst - Tech Consulting - National - Data & Analytics - Pu...,EY,Pune,2022-07-16,,kaggle_2022,"EY is looking for Analyst in IT Advisory.,An important part of your role will be to assist Seniors & Managers while actively participating within the client…"
KAGGLE_00941,Azure Data Engineer- Senior Analyst- Hyderabad/Bengaluru,Deloitte,Bangalore,2022-07-25,,kaggle_2022,"Expertise in Development, deployment and monitoring ADF (Azure data factory) pipelines (using visual studio and browsers).,Expertise in Azure logic apps."
KAGGLE_00942,Risk Analyst,Mercedes-Benz Research and Development India...,Bangalore,2022-06-26,,kaggle_2022,"Knowledge of performing qualitative/quantitative risk assessments.,Maintain risk register and ensure risks are monitored and managed."
KAGGLE_00943,Analyst – OrgSolutions,McKinsey & Company,Bangalore,2022-07-22,,kaggle_2022,"There is flexibility to hire at the analyst or senior analyst level depending on candidate experience.,OrgSolutions can help human resources and business…"
KAGGLE_00944,Programmer Analyst (Junior),FENG GROUP,Patna,2022-07-21,,kaggle_2022,"Ability to understand functional/technical specifications and analyze data;,Our Client is from a Financial Services company that is looking for a passionate…"
KAGGLE_00945,Senior Analyst - Tech and Data Risk & Compliance - Line 1,Commonwealth Bank,Bangalore,2022-07-08,,kaggle_2022,"Contribute to the design and implementation of controls and process maps Contribute to root cause analysis of issues and incidents, identifying and implementing…"
KAGGLE_00946,Data Analyst,Otipy,Gurgaon,2022-06-26,,kaggle_2022,"Create processes and methods to gather data.,Analyze data to identify issues and suggest improvements.,Identify cost-effective delivery modes and schedules."
KAGGLE_00947,Business Analyst 1-Ops,Oracle,Bangalore,2022-07-18,,kaggle_2022,"Ability to collect, organize, and display data in spreadsheet format.,Follow-through skills necessary to get information from internal and third parties and…"
KAGGLE_00948,Data Analyst I,Intercontinental Exchange,Hyderabad,2022-07-16,,kaggle_2022,"Identify data quality issues, recommending procedural and technical changes to improve productivity and data quality for ICE Data Services;"
KAGGLE_00949,Data Analyst,Schneider Electric,Bangalore,2022-06-30,,kaggle_2022,"Use ETL tool to process data from various data silos.,Experience with data visualization tools such as Tableau.,Proficient in MS Access, Excel, PowerPoint."
KAGGLE_00950,Data Analyst,GREEN JEEVA LLC,Bangalore,2022-07-23,,kaggle_2022,"Build proactive data validation automation to catch data integrity issues.,Strong ability to troubleshoot and resolve data issues."
KAGGLE_00951,Data Analyst - Ingestion,Crowe,Noida,,,kaggle_2022,"Leverages data extraction tools and ETL skill to obtain data from various data systems across the industry.,Broadly looking at the popular data source systems…"
KAGGLE_00952,Data Analyst,Braintech Education And Placement Serveries,Jaipur,2022-07-22,,kaggle_2022,"Jaipur, Rajasthan: Reliably commute or planning to relocate before starting work (Preferred).,Total work: 1 year (Preferred)."
KAGGLE_00953,Data Transformation Analyst II,S&P Global,Hyderabad,,,kaggle_2022,"Monitoring workflow, data timeliness and quality.,Assisting with the collection and processing of data.,1 - 4 years of experience in data research."
KAGGLE_00954,Junior Business Analyst,Khelo Tech & Strategy Pvt Ltd,Delhi,2022-07-21,,kaggle_2022,"Handle tough technical problems and data issues.,The Business analyst job description entails providing analysis, design, documentation, and testing on projects…"
KAGGLE_00955,Data Analyst,Yulu,Bangalore,2022-07-13,,kaggle_2022,"A data-driven mindset with ability to deal with ambiguity in the absence of data.,Yulu is looking for a data analyst who will be responsible for recommending…"
KAGGLE_00956,Data Analyst IoT,Skroman Switches Pvt Ltd,Pune,2022-07-22,,kaggle_2022,"Proven skills in data mining, data preparation and data analysis.,Develop data analytical tools to integrate data collected and provide a variety of data trend…"
KAGGLE_00957,Training Data Analyst,Flipkart,Bangalore,2022-06-26,,kaggle_2022,"Should have a keen eye for anomalies and data points that skew data sets and should be proactive in flagging them off.,Highly skilled in PowerBI & Excel."
KAGGLE_00958,"Data Engineer (MSBI,Power BI & Tableau)",UST Global,Bangalore,2022-07-07,,kaggle_2022,"Passion for sharing data with others.,Demonstrated skills in visualizing data, specifically utilizing Tableau.,Overall desire to make things better."
KAGGLE_00959,Data Analyst,PIPETECH SERVICES PVT LTD,Mumbai,2022-07-22,,kaggle_2022,MS in Mechanical/Chemical/Petroleum Engineering with fluid mechanics knowledge and data analysis background to analyze the data generated by MPFM/OW+/OWM.
KAGGLE_00960,Analyst_Data Wrangler,Société Générale,Bangalore,2022-07-23,,kaggle_2022,"Identify and acquire data sources and process them: data profiling, data preparation, use of AI techniques, advanced software.,You're fluent in English!"
KAGGLE_00961,Data Science Platform Support Analyst,Barclays,Pune,2022-07-24,,kaggle_2022,"Ensure that all activities and duties are carried out in full compliance with regulatory requirements, Enterprise Wide Risk Management Framework and internal…"
KAGGLE_00962,Data Analyst,Shreshta Analytics Pvt Ltd,Hyderabad,2022-07-11,,kaggle_2022,"The candidate shall be responsible for handling and integrating large volumes of data from various sources, mining the data and coming up with actionable…"
KAGGLE_00963,Compliance Data Analyst,Credit Suisse,Pune,2022-07-21,,kaggle_2022,"Should be a team-player with ability to co-ordinate and implement various data quality processes, including reference data groups."
KAGGLE_00964,Data Analyst- People Analytics,ABB,Bangalore,2022-07-16,,kaggle_2022,"Excellent problem solving and analytical skill and can build story with fragmented data.,Work with cross-functional and global teams to lead projects solving…"
KAGGLE_00965,Senior Data Analyst,Mott MacDonald,Noida,2022-07-14,,kaggle_2022,"Assist with maintenance of Power BI code & other data sources.,Configuration of SharePoint, Excel, & other data sources.,Very good knowledge in word and PPT."
KAGGLE_00966,Analyst Data Operations,Nielsen,Bangalore,2022-06-26,,kaggle_2022,"To be employed as an Analyst - Data Operations in a media evaluation and reporting setup.,Get trained and execute acquired instructions to report brand…"
KAGGLE_00967,Data Analyst,lagozon technologies,Delhi,2022-07-21,,kaggle_2022,"Knowledge of data visualisation and data analytics principles and skills –including good user experience/UI Design.,Net , SQL , Python , SSIS, or exposure to."
KAGGLE_00968,Hiring Data/Business Analyst - Preferred from Pharma Ind.- W...,Incubit Global Business Services Pvt. Ltd.,Mumbai,2022-07-23,,kaggle_2022,Transform data into business intelligence by generating relevant information and recommendations for improving organization performance.
KAGGLE_00969,Data Analyst,"Glassbeam, Inc.",Bangalore,2022-07-21,,kaggle_2022,"Perform ongoing data validation and testing to ensure data integrity and reliability.,Mine and analyze data from machine log data to drive optimization, reduce…"
KAGGLE_00970,Data Analyst,Hewlett Packard Enterprise,Gurgaon,2022-07-13,,kaggle_2022,"Developing and maintaining databases, data systems – reorganizing data in a readable format.,Performing analysis to assess quality and meaning of data."
KAGGLE_00971,Data Analyst - KPI Evaluation for vision systems,Mercedes-Benz Research and Development India...,Bangalore,2022-07-02,,kaggle_2022,"Perform data quality assessments and statistical testing to verify data quality and data integrity.,Perform data cleansing using data processing and statistical…"
KAGGLE_00972,Data Research Analyst,Morningstar,Mumbai,2022-07-22,,kaggle_2022,"Actively collect managed investment data using Morningstar collection systems, and ensure data timelines, completeness and accuracy to meet business goals."
KAGGLE_00973,Data Analyst,FullContact,Remote,2022-07-02,,kaggle_2022,"Contribute to process automation, data analysis, report design and data visualisations.,Strong analytical skills, data visualizations skills."
KAGGLE_00974,MIS & DA - Data Analyst,Concentrix,Bangalore,2022-07-21,,kaggle_2022,"Through proper data modelling you can create a clear picture of the data and identify missing and redundant data.,YOU'RE GOOD AT (Skills required):"
KAGGLE_00975,Associate I - Data Analysis,UST Global,Kochi,2022-07-14,,kaggle_2022,"Acquiring data from various sources.,Consider only relevant data from the mined data and convert into a consistent format to be analyzed."
KAGGLE_00976,Analyst-Master Data Management - Global Rates-GFS,Deloitte,Hyderabad,2022-06-29,,kaggle_2022,"Good knowledge in data analysis and management.,Should understand the sense of urgency, practicality, accountability, and integrity while dealing with data to…"
KAGGLE_00977,Business Technology Analyst - Data Analytics (SQL with SSIS),Deloitte,Bangalore,2022-07-05,,kaggle_2022,"The important skills for this position are SQL, Microsoft SSIS, data extraction, data modeling, data transformation, and DBA skills.,What impact will you make?"
KAGGLE_00978,Data Analyst,Creditas Solutions,Gurgaon,2022-07-07,,kaggle_2022," 1+ years in a data analyst role.,Requirements into custom-formatted data reports.,Data that can be used to improve upon them., Strong attention to detail."
KAGGLE_00979,Freelancer DATA ANALYST IN POWER BI at Vasai,Target Hydrautech Pvt Ltd.,Vasai,2022-07-22,,kaggle_2022,"Document database structures and define data elements to enable re-use of data.,Take ownership of our data and constantly improve its quality ."
KAGGLE_00980,Data Analyst,Bsharp Sales Enablers,Bangalore,2022-06-28,,kaggle_2022,"Bsharp [Nov’12] helps enterprises enable their frontline teams.,Bsharp Learn, Bsharp Score, Bsharp Reporting and Learnbee are various SAAS platforms from Bsharp…"
KAGGLE_00981,Risk Analyst,Philips,Bangalore,2022-07-25,,kaggle_2022,"Experience in data science is important (e.g. Python).,The data holds valuable leads to improve the security of Philips.,You are a part of."
KAGGLE_00982,GIS Data Analyst,Carifer Technologies,Erode,2022-06-26,,kaggle_2022,"Produce reports on geographic data utilizing data visualizations.,Designing digital maps with geographic data and other data sources."
KAGGLE_00983,Data Analyst,Chams Branding Solutions India Pvt Ltd,Ernakulam,2022-07-22,,kaggle_2022,"Gather data on consumers, competitors and market conditions.,Interpret marketing data, formulate reports and make recommendations."
KAGGLE_00984,Data Analyst,Ericsson,Gurgaon,2022-07-18,,kaggle_2022,"Perform data analysis and visualization.,Provide functional process and data expertise.,Provides functional process and data expertise, qualifies Analytics IT…"
KAGGLE_00985,Data Analyst and BI Reporting,"JPMorgan Chase Bank, N.A.",Hyderabad,2022-07-26,,kaggle_2022,"The role will include presenting data in charts, graphs, tables, designing and developing relational databases for collecting data across the Bank and building…"
KAGGLE_00986,Data Analyst,Ericsson,Gurgaon,2022-07-18,,kaggle_2022,"Perform data analysis and visualization.,Provide functional process and data expertise.,The Business Analytics Specialist applies his/her business knowledge and…"
KAGGLE_00987,Research Analyst - ESG Data Solutions-2,FactSet Research Systems,Hyderabad,2022-07-20,,kaggle_2022,"Collect, analyze and process company reported data from various data sources and into the database utilized by the ESG content team."
KAGGLE_00988,Senior Capabilities & Insights Analyst_Asia Banking_Gurugram,McKinsey & Company,Gurgaon,2022-07-22,,kaggle_2022,It is a part of the Banking & Insurance practice of McKinsey with 230+ members and a global footprint across 25+ locations focusing across financial services…
KAGGLE_00989,Product Data Analyst,Clarivate,Bangalore,2022-07-16,,kaggle_2022,"The person will be responsible to understand customer needs from sales and marketing, run analysis on product consumption and other data sets and provide data…"
KAGGLE_00990,SQL Data/ETL Analyst,Quadraflake Consulting Private Limited,Chennai,2022-07-19,,kaggle_2022,"SQL technical analysts are needed as part of our team of data analysts working in healthcare.,Skilled in data management, data integration, application…"
KAGGLE_00991,Senior Data Analyst,DBS Bank,Maharashtra,2022-07-23,,kaggle_2022,"Analytics experience working with banking data, able to cross reference between data source to gain insights in customer patterns/needs."
KAGGLE_00992,Data Science/Data Analytics,Excellence and Eminence LLP,Bangalore,2022-07-21,,kaggle_2022,"Data mining or extracting usable data from valuable data sources.,Data Wrangling – proficiency in handling imperfections in data is an important aspect of a…"
KAGGLE_00993,AI / Big Data Analyst (Powertrain & Exhaust applications),Bosch Group,Bangalore,2022-06-29,,kaggle_2022,Bachelor of Engineering (B.E / B.
KAGGLE_00994,MIS Analyst,Panworld,Delhi,2022-07-26,,kaggle_2022,"Perform data mining and data analysis of database and identify gaps.,Review and validate data as it is collected.,Monitor analytics and metrics results."
KAGGLE_00995,Data Analyst,HP,Bangalore,2022-07-16,,kaggle_2022,"Works on complex problems where analysis of situations or data requires an in-depth evaluation of multiple factors.,Prepares code stubs for others."
KAGGLE_00996,Data Analyst,PhonePe,Bangalore,2022-06-26,,kaggle_2022,"Strong data-first analysts who are passionate about working with data and building systems that.,Strong data handling, data modeling & data flow…"
KAGGLE_00997,Senior Data Analyst,BT,Bangalore,2022-07-21,,kaggle_2022,"O Coach junior data analysts on analytical and technical skill sets.,O Perform comprehensive exploratory data analysis, build engaging visualisations, validate…"
KAGGLE_00998,Senior Data Scientist/ Analyst - T7,Mercedes-Benz Research and Development India...,Bangalore,2022-07-03,,kaggle_2022,"This data is further analysed and the performance of the ADAS systems are monitored.,Architecting, developing and deploying end to end pipeline to ingest…"
KAGGLE_00999,Data Analyst Sector-10. Rohini,Sapphire Search,Delhi,2022-07-19,,kaggle_2022,"Coordinating with support team PAN India for data reconciliation and dashboards.,Proficiency in creating data access and processing tools in Microsoft Excel."
KAGGLE_01000,Data Analyst,Visible Alpha,Mumbai,2022-07-23,,kaggle_2022,"Experience presenting data analysis through visualizations and dashboards is a big plus., Prior experience working in a data science/analytics/engineering team…"
KAGGLE_01001,Data Analyst,Mirum Digital Pvt. Ltd.,Mumbai,2022-07-19,,kaggle_2022,"Write and optimize in-application SQL statements, Procedures, Views Etc.,Ensure performance, security, and availability of databases."
KAGGLE_01002,Analyst-Data Visualization,Accenture,Bangalore,,,kaggle_2022,You will be working as a part of the data-driven Data Visualization team which is primarily responsible for leveraging visualization tools to create informative…
KAGGLE_01003,Data Analyst & MIS Manager,RUSHA CAREERS PRIVATE LIMITED,Delhi,2022-07-13,,kaggle_2022,"Minimum 4-5 years of experience in data and analytics.,Manage data analytics, performance dashboards & Monitor key KRA metrics.·."
KAGGLE_01004,Data Analyst (Senior),FENG GROUP,Remote,2022-07-12,,kaggle_2022,"Insights or improve data quality;,Experience with data modeling (good to have);,Applies query, data exploration and transformation, basic statistical methods…"
KAGGLE_01005,Data Analysis & Reporting - Office of Strategic Initiatives...,Deloitte,Hyderabad,2022-06-26,,kaggle_2022,"Initiating data mining activities on data warehouses.,Report creation based on data coming from a variety of business systems and data warehouses (SQL queries,…"
KAGGLE_01006,Business Analyst,TechVerito,Pune,2022-07-22,,kaggle_2022,"Exceptional ability to gather, organize and evaluate any information or data needed as input from stakeholders and the development team to determine…"
KAGGLE_01007,Data Management - Analyst,Deloitte,Hyderabad,2022-06-26,,kaggle_2022,"Ability to analyze data and resolve complex data issues/queries.,Experience manipulating and analyzing large volumes of data.,1-6 years of experience."
KAGGLE_01008,Data Analyst,Team engine,Pune,2022-07-23,,kaggle_2022,"A successful data analyst needs to have a combination of technical as well leadership skills.,Proven working experience in data analysis."
KAGGLE_01009,SAS Analyst (Junior),FENG GROUP,Remote,2022-07-25,,kaggle_2022,"Attention to details and data accuracy;,Escalate data interpretation issues, as needed;,Compile and analyze data related to business issues;"
KAGGLE_01010,Data Research Analyst,Analytix Business Solutions (India) Ltd,Ahmedabad,2022-07-14,,kaggle_2022,"Ability to manage large data and should be able to work on data consolidations.,Should be very good with MS office especially proficient in Excel."
KAGGLE_01011,Associate Data Analyst,Enverus,Bangalore,2022-06-29,,kaggle_2022,"Work closely with the data development team when issues are found during QA.,Participate in the data integration process by focusing on creating and maintaining…"
KAGGLE_01012,Data Analyst,SmartAnalyst,Gurgaon,2022-07-21,,kaggle_2022,"Strong understanding of data structures and algorithms.,3+ experience of industry experience in developing data science models and solutions."
KAGGLE_01013,Data Analyst,SmartAnalyst,Gurgaon,2022-07-21,,kaggle_2022,"Strong understanding of data structures and algorithms.,3+ experience of industry experience in developing data science models and solutions."
KAGGLE_01014,Data Analyst || Diamond Industry || Surat Location.,Venus Solutions,Surat,,,kaggle_2022,"Experience in data analysis (Statistical Analysis).,Hands-on on experience with data visualization tools.,Skills in Advance Excel, PowerPoint, Power BI, and MS…"
KAGGLE_01015,Data Analyst,AgilizTech Software Services,Bangalore,2022-06-26,,kaggle_2022,"Adept at queries, report writing and presentation findings.,Strong analytical and problem-solving skills.,Strong in writing Complex SQL queries."
KAGGLE_01016,DATA ANALYST,Galytix,Gurgaon,2022-06-26,,kaggle_2022,"Acquiring data from internal as well as secondary data sources.,Cleaning and filtering data, assessing data quality and create concise end product."
KAGGLE_01017,"Lead Analyst, Data Management Quant Analysis",BNY Mellon,Pune,2022-07-23,,kaggle_2022,"Prior experience and knowledge of data visualization tools i.e. Power BI and Tableau is preferred.,Candidate should be able to aggregate, interpret complex data…"
KAGGLE_01018,Data Analyst,PGEIN Consulting,Chandigarh,2022-06-26,,kaggle_2022,"Providing technical expertise in data storage structures, data mining, and data cleansing.,Work experience as a data analyst or in a related field."
KAGGLE_01019,Freelancer DATA ANALYST IN POWER BI,Target Hydrautech Pvt Ltd.,Vasai,2022-07-23,,kaggle_2022,"Document database structures and define data elements to enable re-use of data.,Take ownership of our data and constantly improve its quality ."
KAGGLE_01020,Data Analyst,JLL,Bangalore,2022-06-26,,kaggle_2022,"Prior experience in managing and analyzing data.,Deep dive into data trends to identify root causes and improvement opportunities."
KAGGLE_01021,CIB-Digital Document Services-Reference Data Analyst,"JPMorgan Chase Bank, N.A.",Bangalore,,,kaggle_2022,"As a Business Process Analyst, you'll provide support on a variety of initiatives by analyzing existing processes, identifying process gaps, identifying areas…"
KAGGLE_01022,Lead Analyst - Global Customer Data - Quality & Training,Oracle,Bangalore,2022-06-26,,kaggle_2022,"Should be able to perform data analysis and should have reporting skills.,O Makes timely and effective decisions by assessing risk, evaluating alternatives, and…"
KAGGLE_01023,Data Analyst | 4 To 6 Years | Pan India,Capgemini,Mumbai,2022-07-20,,kaggle_2022,The EMS consultant monitors that all local stakeholders involved in the EMS work according to the processes of the Group EMS.
KAGGLE_01024,Data Analyst (Junior),FENG GROUP,Delhi,2022-07-10,,kaggle_2022,"Analyses large data sets (we deal in millions of data point every day) and pull out actionable insights, business intelligence, and reports to show the impact…"
KAGGLE_01025,Analyst - MI & Data Analytics,Barclays,Pune,2022-07-13,,kaggle_2022,"Build and deliver targeted and customisable dashboard reporting to present data in a manageable, understandable and usable way."
KAGGLE_01026,Global Tax and Legal Data Analytics - Analyst Hyderabad,Deloitte,Hyderabad,2022-07-15,,kaggle_2022,"Prepare dashboards using data visualization and data wrangling tools.,O Well versed with data wrangling, ETL and data cleansing concepts."
KAGGLE_01027,Business Analyst,EpicMinds IT Pvt Ltd,Bangalore,2022-07-23,,kaggle_2022,"Extensive experience with data visualization.,Excellent communicator with the ability to translate data into actionable insights.,Bachelor’s or Master’s degree."
KAGGLE_01028,Business Analyst,CILA Project10K,Bangalore,2022-07-12,,kaggle_2022,"Strong experience in managing a team of data, product, and business analysts.,Analyzes user needs to determine functional and cross-functional requirements and…"
KAGGLE_01029,Digital Analyst - LiveOps Data Engineering - QuantumBlack La...,McKinsey & Company,Gurgaon,2022-07-20,,kaggle_2022,"Assetize data pipelines developed as to maximize re-usability of core components in other data initiatives.,Identify innovative data ingestion and preparation…"
KAGGLE_01030,Data Research Analyst,Paxcom India,Delhi,2022-07-01,,kaggle_2022,"Capturing the researched data on Excel sheet in required format.,PaymentUs leads the North American marketplace in electronic bill payment solutions and have…"
KAGGLE_01031,Data Analyst,Leesha Media IT solutions Private Limited,Bangalore,2022-07-23,,kaggle_2022,"Bengaluru, Bengaluru - 560079, Karnataka: Reliably commute or planning to relocate before starting work (Required).,Total work: 1 year (Preferred)."
KAGGLE_01032,Senior Data Analyst,Sworks Software India Pvt Ltd,Pune,2022-07-06,,kaggle_2022,"Acquire data from primary or secondary data sources and maintain databases/data systems.,Technical expertise regarding data models, database design development,…"
KAGGLE_01033,Data Analytics Developer,Standard Chartered,Bangalore,2022-07-12,,kaggle_2022,"Supporting initiatives for data integrity and normalization.,Develop and implement databases, data collection systems, data analytics and other strategies that…"
KAGGLE_01034,Data Analyst,IFS,Kolkata,2022-07-19,,kaggle_2022,Establish reporting and data display guidelines based on best practices to ensure consistent and appropriate use of data across the organisation.
KAGGLE_01035,Sr Data Analyst,Inspira,Bangalore,,,kaggle_2022,"Experience with SAS visual Investigator (VI) are advantage, Minimum 3 to 4 years’ experience in SAS with Banking Domain, Knowledge and experience in end-to-end…"
KAGGLE_01036,Data Analyst - EMEA,American Express Global Business Travel,Gurgaon,2022-06-26,,kaggle_2022,"The target is to accurately input and maintain data to maintain the excellence of service that we deliver to our customers, providing maximum quality of data."
KAGGLE_01037,Retail Data and EDI Analyst,Customized Energy Solutions,Pune,2022-06-26,,kaggle_2022,"Backend validation for data completeness/correctness and performance.,Retail Customized Energy Solutions is looking for an Analyst with experience in X12/EDI…"
KAGGLE_01038,Data Analyst,SISL Infotech Pvt. Ltd.,Maharashtra,2022-07-20,,kaggle_2022,"The Connected Services Division supplies software services to the mobile communications industry.,Intermediate skills of Python libraries (Numpy, Pandas, core…"
KAGGLE_01039,Sr. Data Analyst,miracle hub,Surat,2022-07-13,,kaggle_2022,"3+ years experience mining data as a data analyst.,Develop and maintain databases by acquiring data from primary and secondary sources, and build scripts that…"
KAGGLE_01040,Analyst / Consultant - Tax Automation and Data Management,Deloitte,Gurgaon,2022-06-26,,kaggle_2022,"Execute data intensive tasks and facilitate organization of data for reporting requirements.,Apply your technology skills in areas like programming applications…"
KAGGLE_01041,Data Analyst,"Neustar, Inc.",Hyderabad,2022-07-13,,kaggle_2022,"Analyze data and identify data pattern to bring data insight.,Build story around the data findings and explain in simple words.,R-4484 Data Analyst (Open)."
KAGGLE_01042,Finance Reference Data operations analyst,"JPMorgan Chase Bank, N.A.",Bangalore,2022-07-20,,kaggle_2022,"Support the sourcing of data into the Risk and Finance applications.,Monitor, track, and report on the timeliness and completeness of source data."
KAGGLE_01043,ESG Data Analyst,Almug Technologies Pvt Ltd,Bangalore,2022-07-22,,kaggle_2022,"They should have curiosity on fundamental concepts including, but not limited to, key financial metrics & ratios, credit covenants & issuer plus security meta…"
KAGGLE_01044,Immediate requirement for Data Analytics - WFO - Mumbai Loca...,Talent Corner HR Services Private Limited,Mumbai,2022-07-23,,kaggle_2022,"Solve the data problem at scale.,In addition to solving the data problems, interact with the leading companies including Fortune 500 to tell them how to use…"
KAGGLE_01045,Clinical Data Analyst,ParadigmIT Technology Services,India,2022-07-07,,kaggle_2022,"Strong understanding of data management plans/customer specifications for data entry screens, edit checks, custom reports, and data integrations."
KAGGLE_01046,BA4 Data Analyst,Barclays,Pune,2022-07-13,,kaggle_2022,"Support data quality issue & measures related activity in partnership with domain data.,Support annual attestation activities of critical data flows."
KAGGLE_01047,Data Analyst(BI),Tax Genie,Mumbai,2022-06-26,,kaggle_2022,"The candidate will be performing finance relate analysis and find, pattern, insights and values which we can provide to customers using Python, Power…"
KAGGLE_01048,Senior Data Analyst,sRide Tech Pvt Ltd,Pune,2022-07-15,,kaggle_2022,"Acquire data from primary or secondary data sources and maintain databases/data systems.,Technical expertise regarding data models, database design development,…"
KAGGLE_01049,Data Analyst - Tech,Magenta,Bangalore,2022-06-26,,kaggle_2022,"Developing and maintaining databases and data systems – reorganising data in a readable format.,Developing and implementing data analyses, data collection…"
KAGGLE_01050,Digital Analyst - LiveOps Data Science - QuantumBlack Labs,McKinsey & Company,Gurgaon,2022-07-20,,kaggle_2022,"You will apply data science expertise to assure sustainable impact of ML solutions developed.,Identify proactive remedial strategies to prevent future data…"
KAGGLE_01051,DG - Business Analyst - Data Analytics,Genpact,Kolkata,,,kaggle_2022,"Large Volume/Multiple Source - data conversion, data cleansing, report creation.,Perform Data validation to ensure accuracy and quality of data."
KAGGLE_01052,Business Intelligence Consultant,Lagozon Technologies Pvt Ltd,Delhi,,,kaggle_2022,"Identifying appropriate data, data quality assessment, developing analytics and data visualisation.,Collect data by using a scripting language such as SQL –…"
KAGGLE_01053,"Specialist, Data/Business Analyst",DBS Bank,Maharashtra,2022-07-12,,kaggle_2022,"In Group T&O, we manage the majority of the Bank's operational processes and inspire to delight our business partners through our multiple banking delivery…"
KAGGLE_01054,Data Analyst- Liabilities,IDFC FIRST Bank,Mumbai,2022-07-01,,kaggle_2022,"Document process ,data codes, data repository, data request , log book for audit and learning purpose.,Before sharing of any data (customer sensitive) ensure…"
KAGGLE_01055,Business Analyst,Careervira,Gurgaon,2022-07-22,,kaggle_2022,"Use data to create models that depict trends in the data and generate Insights.,Technical proficiency regarding database design development, data models,…"
KAGGLE_01056,Data Analyst,EaseMyTrip,Noida,2022-06-26,,kaggle_2022,"Extract the customer data from various data sources.,Create a structured and well-defined data overview by analyzing the customer data from multiple sources."
KAGGLE_01057,Data Analyst,Tamilnadu goverment,Chennai,2022-07-23,,kaggle_2022,"Must go to the office daily.,Job Types: Full-time, Regular / Permanent.,Chennai, Tamil Nadu: Reliably commute or planning to relocate before starting work …"
KAGGLE_01058,"Analyst -Operational Risk, Data Monitoring(Risk Management)",Morgan Stanley,Mumbai,2022-07-20,,kaggle_2022,"Effectively communicate with various internal stakeholders for data standard resolution.,Support Internal Audit and Regulatory requests with accurate data and…"
KAGGLE_01059,Data Analyst (Power BI),Thermo Fisher Scientific,Bangalore,2022-07-06,,kaggle_2022,"0-2 years experienced in data analysis, data modelling and business reporting, or.,Automatic Data validation and data compliance.,Key Objectives of the role:"
KAGGLE_01060,Data Analyst,Standard Chartered,Bangalore,2022-06-26,,kaggle_2022,"Ability to connect business problems / requirements & with available data & provide / suggest best design & solution.,This is an Individual Contributor Role."
KAGGLE_01061,Data Quality Analyst,Fragomen,Kochi,2022-06-26,,kaggle_2022,We are seeking a highly capable data quality analyst to develop procedures to enhance the accuracy and integrity of our organization's data.
KAGGLE_01062,Data Analyst-Turbo Cross Sell,IDFC FIRST Bank,Mumbai,2022-07-22,,kaggle_2022,"Role/Job Title – Data Analyst-Turbo Cross Sell.,Function/Department - Turbo Cross Sell.,To understand the system enhancements required to better the existing…"
KAGGLE_01063,Data Specialist / Analyst,Hashtag Infosystem,Surat,2022-07-23,,kaggle_2022,"Break: * 15 min & 30 min ( Two Breaks ).,Fluency In English Speaking (Mandatory)*.,Strong analytical skills – Advanced Excel.,Total work: 1 year (Preferred)."
KAGGLE_01064,Business Analyst - Core Banking,Oracle,India,2022-07-12,,kaggle_2022,"Ability to collect, organize, and display data in spreadsheet format.,Follow-through skills necessary to get information from internal and third parties and…"
KAGGLE_01065,Data Analyst,Nielsen,Kochi,2022-06-26,,kaggle_2022,"Extract data from platforms using SQL.,Create various data processing systems for analytic research and development purposes."
KAGGLE_01066,Markets Data Management Analyst,NatWest Group,Chennai,,,kaggle_2022,"This role is available at senior analyst level.,Acting as a point of contact for static data queries and requests."
KAGGLE_01067,Clinical Data Analyst (BHMS/BAMS),Averon Infotech,Pune,2022-07-25,,kaggle_2022,"Should understand Medical terminologies very well.*.,Should understand and write English without grammatical errors.*.,Should have BAMS Or BHMS Degree."
KAGGLE_01068,Healthcare Data Analyst,MedTourEasy,Delhi,2022-06-26,,kaggle_2022,"Pull and integrate data from disparate sources (e.g. cost and claims or clinical data).,Experience in data analysis and visualization methods."
KAGGLE_01069,"Startup Financial, Data Modeling & Research Analyst",Ideatree,India,2022-06-26,,kaggle_2022,"Candidates will have superior working knowledge of Microsoft Excel / PowerPoint, including but not limited to: charts, formulas, queries, pivot tables, import /…"
KAGGLE_01070,Data Operations Analyst,The Economist Newspaper Limited,Gurgaon,2022-07-14,,kaggle_2022,"The candidate will provide data upload and reporting insights, implementation of activities against data pulls, and help improve the quality of customer data."
KAGGLE_01071,Quality Analyst,Travelsees,Delhi,2022-07-21,,kaggle_2022,"Generate reports and analyze data regarding the overall performance on a weekly/monthly.,Monitoring calls/email/Chat transactions on daily basis."
KAGGLE_01072,Business Analyst,Albanero Dev Private Limited,Hyderabad,,,kaggle_2022,"Knowledge of data bases such as SQL, Oracle etc.,Experience in working on Mobile/Digital applications as a functional business analyst."
KAGGLE_01073,Data Analyst,Cvent,Gurgaon,2022-06-26,,kaggle_2022,"This Solution Specialist position is a data analyst role; an internally facing position on the Cvent Travel & Transient team.,VBA experience is a plus."
KAGGLE_01074,Data Analytic and Informatic Analyst,NTT Ltd,Bangalore,2022-07-13,,kaggle_2022,Responsible to review the product from not just a technical perspective but also from the end user’s perspective • Analyze and independently identify often…
KAGGLE_01075,Associate Analyst-MF-Client Data Management,Deloitte,Hyderabad,2022-06-26,,kaggle_2022,"Advanced MS Excel skills- Proficiency in data validation, logical functions & ability to analyze data.,Fulfil the day-to-day operations (data maintenance) and…"
KAGGLE_01076,Data Analyst,Zapcom Group,India,2022-06-26,,kaggle_2022,"Developing and maintaining databases, data systems – reorganizing data in a readable format.,Performing analysis to assess quality and meaning of data."
KAGGLE_01077,Data Analyst (Python),AIMLEAP,India,2022-06-26,,kaggle_2022,"Good knowledge on – Python and Pandas based data extraction, exploratory data analysis and data cleaning.,Trained/experienced in web data scraping."
KAGGLE_01078,Financial Analyst - Corporate Accounting & Reporting,Maruti Suzuki India Ltd,Gurgaon,2022-06-26,,kaggle_2022,"The incumbent would be placed in the Corporate Accounting & Reporting department of the company and will be responsible for preparation of Financial Results,…"
KAGGLE_01079,Senior Data Analyst,DarioHealth,Delhi,,,kaggle_2022,"BA/BS or equivalent related experience in statistics, data analysis, data mining.,Design and develop data visualization (Tableau)."
KAGGLE_01080,Data Research Analyst,Info Stans Pvt. Ltd.,Ahmedabad,2022-07-22,,kaggle_2022,The ideal candidate for this position is able to do complete life cycle data generation and outline critical information for each Project Manager.
KAGGLE_01081,Power BI Developer,Icodex Publishing Solutions Private Limited,Pune,2022-07-23,,kaggle_2022,"Connecting to data sources, importing data and transforming data for Business Intelligence.,Excellent in analytical thinking for translating data into…"
KAGGLE_01082,Data Analyst,Arnowa,Delhi,2022-07-06,,kaggle_2022,"Proven work experience as a data analyst (Min. 1 Year).,Acquiring data from primary or secondary data sources and maintaining databases."
KAGGLE_01083,Data Analyst,Legalwiz,India,2022-06-26,,kaggle_2022,"Present information using different data visualization techniques.,Highly proficient using statistical computer languages (R, Python, SLQ, etc.) to manipulate…"
KAGGLE_01084,Data Analyst,E2E Research Pvt. Ltd.,Delhi,2022-06-26,,kaggle_2022,Must have experience on- Data tables Data validation Statistical Analysis Dashboarding Experience across tools Excellent Communications Skills Should be able…
KAGGLE_01085,Data Analyst,SRM Technologies,Chennai,2022-07-14,,kaggle_2022,Previous experience in delivering data-driven insights from initial data gathering and cleaning to analysis and visualization.
KAGGLE_01086,CIB_Client Data Specialist_Operations Analyst,"JPMorgan Chase Bank, N.A.",Bangalore,2022-07-22,,kaggle_2022,The analyst will work across several products and remediation projects (i.e. regulatory requirements and control/risk related issues).
KAGGLE_01087,Data Analyst,SAGE Publications India Pvt. Ltd. Cookies Privacy...,Dehra Dun,2022-07-13,,kaggle_2022,"Reinforce data governance by monitoring adherence to operatoring procedures.,Using analytical skill and identify the source of potential abnormalities in data."
KAGGLE_01088,Data Analyst Intern,Tamilnadu goverment,Chennai,2022-07-23,,kaggle_2022,"Must go to the office daily.,Job Types: Full-time, Regular / Permanent.,Chennai, Tamil Nadu: Reliably commute or planning to relocate before starting work …"
KAGGLE_01089,Procurement Analyst,Apptyx,Bangalore,2022-07-16,,kaggle_2022,"Ability to work with large amount of data and model/visualize the data into presentable manner.,Helps lead the collection and analysis of data, manage reports,…"
KAGGLE_01090,Power BI Developer,Marktine Technology Solutions,Noida,2022-07-23,,kaggle_2022,"Analyzing data and present data through reports that aid decision-making.,Create relationships between data and develop tabular and other multidimensional data…"
KAGGLE_01091,Environment Sustainability Data Analyst | 2 To 4 Years | Mum...,Capgemini,Mumbai,2022-07-13,,kaggle_2022,"Role To coordinate the collection validation analysis and reporting of environmental data.,Including ability to calculate analyze present data Experience of MS…"
KAGGLE_01092,Power BI/Tableau Specialist - Data Analyst,Mace,Gurgaon,2022-07-07,,kaggle_2022,"The data analyst will connect, cleanse, maintain, report on, and evaluate data.,Addressing data quality issues, such as data gaps or biases in underlying data…"
KAGGLE_01093,Business Analyst,GCA,Bangalore,2022-07-23,,kaggle_2022,"Understand and define requirements using data and metrics to draw business insights.,Gather requirements by working closely with internal stakeholders including…"
KAGGLE_01094,Senior Data Analyst,Imarque Solutions Pvt. Ltd,Chennai,2022-06-26,,kaggle_2022,"Providing strategic insights on the business problems, helping resolve the same with data and analysis.,A firm believer in stats and can weave stories around…"
KAGGLE_01095,Senior Data Analyst | 6 To 9Years | Mumbai & Noida,Capgemini,Mumbai,2022-07-20,,kaggle_2022,"Role To coordinate the collection validation analysis and reporting of environmental data.,SQL and data visualization software like Tableau Qlikview or Power BI…"
KAGGLE_01096,Business Analyst,Euphoric Thought Technologies Pvt Ltd,Bangalore,2022-07-20,,kaggle_2022,"Performs data analysis; reviews files and mapping fields between available data, document templates and Statement of Work.,Pre-Sales Phase and Feasibility*."
KAGGLE_01097,Data Analyst Freshers Hiring,Netsterz Infotech Pvt Ltd,Mohali,2022-07-21,,kaggle_2022,"Graduate/Post Graduate candidate can apply.,Having good verbal and written communication skills.,Having Good Knowledge of MS-Excel."
KAGGLE_01098,Data Analyst,WebMD,Mumbai,2022-07-09,,kaggle_2022,"Proficient with Microsoft Excel (including pivots, formulas, and macros) and PowerPoint efficiently to digest the data and correlate multiple data points."
KAGGLE_01099,"Data Analyst (Power BI,Azure)",Smiths Group plc,Bangalore,2022-07-19,,kaggle_2022,"Defining new data collection and analysis processes.,A good understanding of data Security and privacy technologies.,Cloud BI experience could be an asset."
KAGGLE_01100,Intern-Digital Data Analyst,Uni Access,Pune,2022-07-09,,kaggle_2022,"Acquire data from primary or secondary data sources and maintain databases/data systems.,Adequate knowledge of data collection, Data Extraction, Computer skills…"
KAGGLE_01101,Analyst/ Data Analyst (ABS),"D. E. Shaw & Co., L.P. India",Delhi,2022-06-26,,kaggle_2022,"Candidates with experience in data modelling and data engineering concepts will have an added advantage.,In this role, you’ll collaborate with business and…"
KAGGLE_01102,Supply Chain Analyst / Trainee,Masycoda Solution Pvt Ltd,Nagpur,2022-07-23,,kaggle_2022,"Comfortable working with large data sets and scripting language like JavaScript is a plus.,Apply broad functional and fundamental knowledge of supply chain…"
KAGGLE_01103,Data Analyst,Sadup Softech Pvt Ltd,Hyderabad,2022-07-23,,kaggle_2022,"Acquire data from primary or secondary data sources and maintain databases/data systems.,Technical expertise regarding data models, database design development,…"
KAGGLE_01104,Data Analyst,Graebel Companies Inc.,Bangalore,2022-06-26,,kaggle_2022,"Conduct data audits as needed to preserve data integrity.,Facilitate data transformations, resolve data issues, and collaborate on system changes."
KAGGLE_01105,Fund Operations Analyst,CoinDCX,Bangalore,,,kaggle_2022,"Prepare dashboards to track and organize various data.,A knack for making data-driven decisions.,Calculation and settlement of net exposure on daily basis."
KAGGLE_01106,Data Analyst- Excel Operator,AIMLEAP,India,2022-06-26,,kaggle_2022,"We are looking for data analyst trainee– Excel operators.,Data Analyst Trainee– Excel Operator.,Any Degree BBA, B.com, BA, etc."
KAGGLE_01107,VETS Internship 2022 - Risk Data Analytics & Strategy,"JPMorgan Chase Bank, N.A.",Bangalore,2022-07-03,,kaggle_2022,"Ability to extract large amounts of data and transform the raw data into actionable management information.,Lead advanced analyses to assess relationships and…"
KAGGLE_01108,Data Analyst,TMF Group,Bangalore,2022-07-05,,kaggle_2022,"Have a passion for data analysis and drawing insights from data.,Understand data sources for KPIs and how data is stored in source systems."
KAGGLE_01109,USI-Enabling Areas-GFS Onboarding Testing/Data Validation An...,Deloitte,Hyderabad,2022-06-26,,kaggle_2022,Expert knowledge of MS Excel is required as the role involves comparative data analysis and reconciliation of source data to target system using data analysis…
KAGGLE_01110,Data Analyst,Atologist Infotech,Surat,2022-07-22,,kaggle_2022,"Maintain data pipeline and conduct product data operations process.,Assist with data standardization and defining data validation criteria."
KAGGLE_01111,Senior Analyst - Data Management,MasterCard,Mumbai,2022-06-26,,kaggle_2022,"Conduct frequent, detailed, data audits across data systems and platforms and provide audit reports.,Perform data quality checks (real-time and periodic) based…"
KAGGLE_01112,Senior Data Analyst-Turbo Cross Sell,IDFC FIRST Bank,Mumbai,2022-07-20,,kaggle_2022,"Role/Job Title – Senior Data Analyst-Turbo Cross Sell.,Function/Department - Turbo Cross Sell.,'1. To understand the system enhancements required to better the…"
KAGGLE_01113,Data Product Analyst,JLL,Bangalore,2022-06-29,,kaggle_2022,"Identifies Product data sources, does data profiling and run data quality checks and develops visualizations for product key success metrics."
KAGGLE_01114,Data Analyst,Scaler Academy,Bangalore,2022-06-29,,kaggle_2022,"Solve business problems with data-driven approach.,Build resources that can democratize data accessibility within the organisation."
KAGGLE_01115,Research Science Analyst _Global Banking Pool_Gurugram,McKinsey & Company,Gurgaon,2022-07-22,,kaggle_2022,"Outstanding attention to detail and dedication to data accuracy.,Our GBP team specifically focuses on product-level market-sizing across full spectrum of…"
KAGGLE_01116,SQL Data Analyst,Aeron Composite pvt. ltd.,Ahmedabad,2022-07-23,,kaggle_2022,"Walk-In Interview for SQL Data Analyst Executive*.,Experience: *ERP executive should have knowledge of Implementation of ERP software all modules."
KAGGLE_01117,Data Analyst - ChargeGrid,Magenta,Bangalore,2022-06-26,,kaggle_2022,"Acquire data from primary or secondary data sources and maintain databases/data systems.,Technical expertise regarding data models, database design development,…"
KAGGLE_01118,Data Analyst,Classic Publicity pvt ltd,Pune,,,kaggle_2022,"Proven working experience in data analysis.,Performing analysis to assess quality and meaning of data.,Strong mathematical skills to help collect, measure,…"
KAGGLE_01119,Data Analyst,Brand Concepts ltd,Indore,2022-07-02,,kaggle_2022,"Use statistical methods to analyse data and generate reports.,Work with departmental managers to outline the specific data needs for analysis."
KAGGLE_01120,Reporting & Data Analyst,MasterCard,Pune,2022-06-26,,kaggle_2022,"O Experience in working with organizational/workforce data.,O Demonstrates exceptional judgment and discretion when dealing with highly sensitive people data."
KAGGLE_01121,Reporting & Data Analyst,MasterCard,Pune,2022-06-26,,kaggle_2022,"O Experience in working with organizational/workforce data.,O Demonstrates exceptional judgment and discretion when dealing with highly sensitive people data."
KAGGLE_01122,Data Analyst,Entrolabs It solutions,Vijayawada,2022-06-26,,kaggle_2022,"Tableau / Microsoft Power Bi (Model development using statistical methods ,Analyze data and generate insight - result interpretation and presentation, analyze…"
KAGGLE_01123,CIB_Reference Data Analyst_Team Leader,"JPMorgan Chase Bank, N.A.",Bangalore,,,kaggle_2022,The analyst will work across several products and remediation projects (i.e. regulatory requirements and control/risk related issues).
KAGGLE_01124,Data Governance Analyst,Optimas Solutions,Pune,2022-07-26,,kaggle_2022,"Accurately enter approved data elements into the various Optimas data systems.,Ability to work with large data sets and analyses, blend or summarize data to…"
KAGGLE_01125,Data Analyst,Group 8A,India,2022-06-26,,kaggle_2022,"Minimum of 3+ years of direct Data analysis experience.,Proficiency in Google Ads Analytics & Reporting and other relevant paid search platforms."
KAGGLE_01126,Data Analyst,Rehoboth Academic Services,Bangalore,2022-06-26,,kaggle_2022,"Experience in analyzing quantitative and qualitative data using various statistical tools.,(Predictive models, SEM, Path analysis, etc.)."
KAGGLE_01127,Hiring Data Analyst for Non technical role,Larsen & Toubro Infotech Limited,Hyderabad,2022-06-26,,kaggle_2022,"Working with on AWS datalake daily data load operations.,Have to be very good in communication.,Candidate will be interacting with Sr leadership of Clients."
KAGGLE_01128,Business Data Analyst 2,GP Strategies Corporation,Chennai,2022-07-19,,kaggle_2022,"Summary: Responsible for management information reporting and co-ordinating business intelligence for designated contracts, focussing on report creation, data…"
KAGGLE_01129,Research - Data Analyst / Associate,Information Services Group,Bangalore,2022-06-26,,kaggle_2022,"Thoroughly understand the underlying data, business implications and usage of data for research and consulting deliverables."
KAGGLE_01130,Data Analyst,Infineon Technologies,Bangalore,2022-06-26,,kaggle_2022,"Dive into the data to find key insights that impact the business.,Technically Lead other data scientist to work with engineers and product manager to deliver…"
KAGGLE_01131,Analyst - CPE Operations - Risk and Brand Protection,Deloitte,Hyderabad,2022-07-06,,kaggle_2022,"Verifies third party data provided.,Enters new data into the NextGen, and updates data based on third party CPE documentation and/or information."
KAGGLE_01132,Analyst,MasterCard,Gurgaon,2022-06-26,,kaggle_2022,"Experience in data modelling, programming, querying, data mining, extraction and report development using large volumes of granular data to deliver business…"
KAGGLE_01133,"Senior Analyst, Product Revenue (Data Analyst)",Zscaler,Gurgaon,2022-07-23,,kaggle_2022,"Create analyses that tell a “story” focused on insights, not just data analytics.,Drive business outcomes by developing recommendations based on data (pricing,…"
KAGGLE_01134,KYC System Analyst,Brickendon Consulting,Hyderabad,2022-07-19,,kaggle_2022,"Collate documentation and data to verify identity and ownership/control.,Source of data from approved sources using the methods outlined in policies and…"
KAGGLE_01135,Project Analyst,NatWest Group,Gurgaon,2022-07-21,,kaggle_2022,"Conduct data analysis as required and depending on experience.,Exposure to handling large and complex cross functional project data."
KAGGLE_01136,Data Analyst 2,UnitedHealthcare,Bangalore,2022-07-16,,kaggle_2022,"4+ years of experience managing the development of reporting, analytics, and BI solutions.,4+ years of experience analyzing reporting platforms, solutioning the…"
KAGGLE_01137,Data and Quality Analyst,BCD Travel Corporate,Bangalore,2022-07-24,,kaggle_2022,Conduct analysis gaps of data capabilities and assess data collection improvements to ensure all available data is delivered for reporting.
KAGGLE_01138,Urban Data Analyst,National Institute of Urban Affairs,Delhi,2022-07-21,,kaggle_2022,"Develop custom data models and algorithms to apply to data sets.,Assess the effectiveness and accuracy of new data sources and data gathering techniques."
KAGGLE_01139,Big Data Analyst,Royal Enfield,Gurgaon,2022-06-26,,kaggle_2022,"Analyze data for trends and patterns, and Interpret data with a clear objective in mind.,Devise and utilize algorithms and models to mine big data stores,…"
KAGGLE_01140,Data protection Analyst,Smart Work Consultants,Bangalore,2022-07-19,,kaggle_2022,"The main duties of the role will be to: Monitor incoming queries and requests associated with data subjects, data privacy and general data usage; Maintain…"
KAGGLE_01141,Risk & Controls Analyst,NatWest Group,Bangalore,2022-07-20,,kaggle_2022,"From home working to job sharing, visit the remote and flexible working page on our website to find out more.,This role is based in India and as such all normal…"
KAGGLE_01142,Data Analyst,Eccentric Engine,Remote,2022-06-26,,kaggle_2022,"Acquire data from primary or secondary data sources and maintain a database system.,Identify process improvements to streamline data collection and report…"
KAGGLE_01143,Data Analyst Intern,OPK eServices,Gurgaon,2022-06-26,,kaggle_2022,"Excellent communication and data presentation skills.,Do data analyses and statistical techniques to develop solutions to get meaningful information of data to…"
KAGGLE_01144,BI Consultant,TrueLedge (HR and Accounting Services),Chennai,2022-07-16,,kaggle_2022,"Evaluate existing data-collecting and analytics systems.,Establish procedures for data sharing with internal and external stakeholders."
KAGGLE_01145,Revenue Analyst 1-Fin,Oracle,Bangalore,2022-06-26,,kaggle_2022,"Gathers appropriate data and diagnoses root cause of issues.,Draws accurate conclusions from qualitative and quantitative data.,Flexible to work in shifts MUST."
KAGGLE_01146,CIB-Wholesale KYC operations-Client Data Analyst,"JPMorgan Chase Bank, N.A.",Bangalore,2022-07-20,,kaggle_2022,"Manage own KYC New business book of work and oversee the process end to end.,Administer team responsible for daily BAU deliverables."
KAGGLE_01147,"Data Analyst - Gurgaon, HR",Optum,Gurgaon,2022-07-12,,kaggle_2022,"Strong analytical expertise: data analysis, statistical analysis, data manipulation, data extraction and reporting.,Working Experience with Azure Snowflake."
KAGGLE_01148,Analyst-Data Operations (copy),Nielsen,Bangalore,2022-06-26,,kaggle_2022,"Providing publishers, societies and entertainment services with essential reference data for rights management.,Eye for detail, Logical thought process."
KAGGLE_01149,Data Analyst,RPA Infotech,Gurgaon,2022-06-26,,kaggle_2022,"Must have a passion for data, structured or unstructured.,High-level proficiency with SQL based query languages and relational data concepts."
KAGGLE_01150,Jr. Data Analyst,miracle hub,Surat,2022-07-14,,kaggle_2022,"Any intern or done course data analyst can apply-*.,Must be background or done course data analyst - 6 month to one year exp-*."
KAGGLE_01151,LMS Suppport -Analyst-GTO-Hyderabad,Deloitte,Hyderabad,2022-07-07,,kaggle_2022,"Contribute to the performance evaluation of the vendor-provided digital learning content by analyzing data that includes usage data, support tickets, and…"
KAGGLE_01152,Analytics - Data & Visualisation Analyst,Lenskart,Delhi,2022-06-26,,kaggle_2022,"Manipulate, cleanse and interpret data from multiple data sources, required.,Assist with performance tuning of dashboards, background data queries as needed."
KAGGLE_01153,Data Analyst,ITC Infotech India Ltd,Bangalore,2022-07-01,,kaggle_2022,"Experience in optimizing insertions of large amounts of data.,Experience in Mongo DB & No Sql (experience working on Unstructured data)."
KAGGLE_01154,Data Analyst Trainer,TECHOLAS TECHNOLOGIES,Ernakulam,2022-07-23,,kaggle_2022,"Flexible to both online and offline classes.,Ernakulam, Ernakulam - 682025, Kerala: Reliably commute or planning to relocate before starting work (Required)."
KAGGLE_01155,Risk Analyst,Barclays,Delhi,2022-07-24,,kaggle_2022,"Ensure that all activities and duties are carried out in full compliance with regulatory requirements, Enterprise Wide Risk Management Framework and internal…"
KAGGLE_01156,Data Analyst,GSK,Bangalore,2022-06-26,,kaggle_2022,"Provides relevant data cleaning reports, status updates, feedback on data trends throughout the study course.,Ensures that data from external databases/datasets…"
KAGGLE_01157,Business Analyst,IBM,Bangalore,2022-07-21,,kaggle_2022,"Comfortable/proficient manipulating both financial data and large raw data sets.,Ability to analyze and validate data sets with consistent accuracy to identify…"
KAGGLE_01158,Data Analyst,CRISIL LIMITED,Bangalore,2022-07-21,,kaggle_2022,"Good understanding of SQL and data analysis.,Ability to derive insights from huge volumes of data.,Year of Exp 3*-8 years."
KAGGLE_01159,Data Analyst,Cognizant Technology Solutions India Pvt Ltd,Pune,2022-06-26,,kaggle_2022,Individuals in this role perform data entry of data received from Source documents into the respective Clinical/Safety database While peroforming this activity…
KAGGLE_01160,Graduate Engineer Trainee - Data Analyst,RBHU ETG Private Limited,Mumbai,2022-07-23,,kaggle_2022,"Create data governance policies like RLS to manage data security.,Python/R for data science.,Access data stored in databases/warehouses/flat files."
KAGGLE_01161,Data Analyst: Full Time,Heart It Out,Bangalore,2022-06-26,,kaggle_2022,"Should be comfortable with data viz tools like tableau , data studio etc.,Developing software and data models.,Manages and improves existing reporting systems."
KAGGLE_01162,Business Intelligence Analyst,SafeGuard Global,Remote,2022-07-15,,kaggle_2022,"Analyse and understand requests for data sets; create, test and deliver these data sets to consumers as required.,Provide a high standard of customer care."
KAGGLE_01163,Sustainability Analyst,Rystad Energy,Bangalore,2022-07-24,,kaggle_2022,"Analytical and solid experience within data management/handling.,Research, gather, clean and analyze data related to oil and gas emissions product portfolio."
KAGGLE_01164,Data Analyst Power bi with Python,Intellecto Global Services,Chennai,,,kaggle_2022,"O Good to have : Working knowledge of data warehousing infra tools like Hive.,O Attention to detail and strong data orientationo Ability to adapt to and learn…"
KAGGLE_01165,Data Analyst,AlphaExpression Technologies,Pattom,2022-06-26,,kaggle_2022,"Study and convert functional requirements into technical tasks.,Analyse, calculate and provide estimates.,Ensure the product meets the requirements."
KAGGLE_01166,BI Data Analyst,Logitech,Chennai,2022-06-26,,kaggle_2022,"The data analyst is responsible for collecting and analyzing internal & external data for reporting.,Defining new data collection processes and analysis on data…"
KAGGLE_01167,Research Analyst,ITP Software India Pvt. Ltd,Hyderabad,2022-07-23,,kaggle_2022,"Collecting data from sources such as public opinion surveys and election results 3.,As a researcher you should be able to study the development of political…"
KAGGLE_01168,Data Analyst - Senior Analyst,Deloitte,Bangalore,2022-06-26,,kaggle_2022,"Deep understanding of Performance Management systems, HR data and reporting.,This role will also require expertise on MS Excel - VBA for analysis across the…"
KAGGLE_01169,Junior Analyst,GfK,Gurgaon,2022-07-20,,kaggle_2022,"To meet the agreed daily/weekly/monthly targets and deadlines.,To meet or exceed productivity benchmarks for Junior Analyst’s targets."
KAGGLE_01170,Data Analyst,Relevance Lab,Bangalore,2022-06-26,,kaggle_2022,"Must be experienced with large volume data analysis.,Gather requirements & create the data pipeline which will be used by Tableau Developer."
KAGGLE_01171,MIS Data Analyst,Vantage Circle,Guwahati,2022-07-15,,kaggle_2022,"Maintain a thorough understanding of data and information resources.,Perform data analysis for generating reports on a periodic basis."
KAGGLE_01172,job Data Analytics,CODERS BRAIN TECHNOLOGY PRIVATE LIMITED,Remote,2022-07-19,,kaggle_2022,"Works with data analysts to ensure QA, Launch and Post Launch validations.,Adobe Target Implementation - Focus on Web.,Total work: 8 years (Preferred)."
KAGGLE_01173,Analyst-Online Ops and Resolution,Lowe's,Bangalore,2022-07-20,,kaggle_2022,"The Data & Analytics teams help make data-driven decisions in merchandising, store operations, finance, and supply chain.,3+ years of work experience."
KAGGLE_01174,Data and Infrastructure Analyst,Bechtel,Andaman and Nicobar Islands,2022-06-26,,kaggle_2022,"Large scale data entry from various source media.,Entering data into a Geographic Information System (GIS) environment."
KAGGLE_01175,Technical Business Analyst,Vv Consultancy,Bangalore,2022-07-13,,kaggle_2022,"Approve data model changes as a Data Team Reviewer and code owner for specific database and data model schemas.,Programming languages such as Python or R;"
KAGGLE_01176,Analyst-Data Maintenance,Accenture,Bangalore,2022-06-26,,kaggle_2022,"The role may also need expertise in managing clinical data management projects.,The team is responsible for performing data management activities including…"
KAGGLE_01177,Data Analyst,Sri Renga Global,Tiruchchirappalli,2022-07-22,,kaggle_2022,Skill : knowledge in system and ms office.
KAGGLE_01178,Data Analyst,Futurism,Pune,2022-07-19,,kaggle_2022,"Performs regular backups to ensure data preservation.,Any data scraping tools knowledge will add an advantage.,Strong written and verbal communication skills."
KAGGLE_01179,Data Management & Spend Analysis,Skyleaf Consultants,Gurgaon,2022-07-07,,kaggle_2022,"The position shall be responsible for data management and performing Spend.,The position shall be responsible for helping sourcing team as well as multiple…"
KAGGLE_01180,MIS & Data Analytics,Megara Infotech,Gurgaon,2022-06-26,,kaggle_2022,"Maintaining data in Excel (includes Formula (Sum, count, if), Pivot Table,H-Look Up, V-Look Up.,Typing in the English language without spelling mistakes."
KAGGLE_01181,Data analyst - SQL,Aon Corporation,Bangalore,2022-06-26,,kaggle_2022,Bachelors or Master Degree or University Degree or equivalent with including 1 to 3 years of relevant experience as a Data Analyst with SQL experience.
KAGGLE_01182,BI Analyst,Haven Infoline Pvt Ltd.,Mumbai,2022-07-22,,kaggle_2022,"# Acquire data from primary or secondary data sources and maintain databases/data systems.,# Technical expertise regarding data models, database design…"
KAGGLE_01183,Data Analyst,Decision Tree,Gurgaon,2022-06-26,,kaggle_2022,"Perform data research, analysis, and logical data modeling to validate and document the usage of business data artifacts.,Identify and analyze target segments."
KAGGLE_01184,Research Analyst,Alchemy Research and Analytics,Durgapur,2022-07-20,,kaggle_2022,"Strong analytical and data gathering ability.,Rapid research - data collation and presentation from databases or Internet search."
KAGGLE_01185,Data Analyst,Varsity Educational Management Pvt. Ltd,Hyderabad,2022-07-22,,kaggle_2022,"Hope you are doing great and we need urgent candidate for data analyst with good techinical knowledge.,R or Python-Statistical Programming."
KAGGLE_01186,Data Operations Analyst,Clearstate Pte. Ltd,Gurgaon,2022-07-14,,kaggle_2022,"The candidate will provide data upload and reporting insights, implementation of activities against data pulls, and help improve the quality of customer data."
KAGGLE_01187,Power-Bi Specialist,EPC Group,Remote,2022-07-22,,kaggle_2022,"Knowledge on Connecting multiple data sources, importing data, and transforming data for Business Intelligence.,Extensive experience with M and DAX functions."
KAGGLE_01188,Senior Data Engineer/BIA Analyst,Danske Bank,Bangalore,,,kaggle_2022,"SQL, SAS, Hadoop, Hive, ETL, Spark, Scala, DataStage."
KAGGLE_01189,Data Analyst,PipeCandy,Chennai,2022-06-26,,kaggle_2022,Collaborate and work closely with data quality teams to ensure adherence to data ingestion and data governance standards.
KAGGLE_01190,Supply Chain Analyst,Shell,Bangalore,2022-07-20,,kaggle_2022,"Strong analytical abilities, able to handle and interpret large volumes of data, and out of box thinking to provide valuable insights on economic, technical,…"
KAGGLE_01191,Cybersecurity Analyst for Cybersecurity Operations,Siemens,Pune,2022-07-20,,kaggle_2022,"As a Security Analyst, you will.,Monitor and review notable events in Splunk Enterprise Security dashboards.,Resolve false positives and communicate effectively…"
KAGGLE_01192,Associate Client Data Analyst,FIS Global,Pune,,,kaggle_2022,"Utilizes systems and data to resolve business issues in the most effective and productive manner.,Experienced (relevant combo of work and education)."
KAGGLE_01193,Data Analyst,BatchService,Remote,2022-06-26,,kaggle_2022,"We are looking for an experienced data analyst, preferably with additional data science, machine learning and AI experience."
KAGGLE_01194,Data Investigations Analyst,Standard Chartered,Chennai,2022-07-01,,kaggle_2022,"Proactive identification of data quality issues arising across client data domains, and risks emanating from them.,Internal audits and Quality assurance."
KAGGLE_01195,Analyst,EY,Gurgaon,2022-07-13,,kaggle_2022,"Co-ordinate with the team and assist in creating process management templates, trackers using excel to make the data management, reporting, monitoring steps…"
KAGGLE_01196,Firmwide Regulatory Reporting & Analysis (FRRA) - Data & Pla...,"JPMorgan Chase Bank, N.A.",Bangalore,2022-07-21,,kaggle_2022,"Drive completeness and accuracy of data through data sourcing, data validations, data adjustments, and data reconciliations."
KAGGLE_01197,Analyst-Clinical Data Management (CDM),Accenture,Bangalore,2022-06-26,,kaggle_2022,"The team also managing clinical data management projects.,The team is responsible for performing data management activities including discrepancy review, query…"
KAGGLE_01198,Content Analyst - Drug Forecast,Clarivate,Hyderabad,2022-07-15,,kaggle_2022,"Ability to research and synthesize data and information.,Responsible for accurate interpretation of data relevant to drugs in the form of research and analysis."
KAGGLE_01199,Intern - Business Analyst,Climate Connect,Remote,2022-07-12,,kaggle_2022,"Ability to analyze data using Microsoft Excel, Word, Powerpoint, etc.,With flexible hours and merit-based reward systems, we offer tremendous potential for…"
KAGGLE_01200,Data/Business Analyst,TrueCover,India,2022-06-26,,kaggle_2022,"Collating data from various sources.,Love, eat and pray sanity of data.,Analyse data and bring out the story it represents."
KAGGLE_01201,Data Analyst-Tech,Chqbook,Gurgaon,2022-06-28,,kaggle_2022,"Compile and analyze data related to business' issues.,Develop clear visualizations to convey complicated data in a straightforward fashion."
KAGGLE_01202,Senior Performance Data Analyst,Deutsche Bank,Mumbai,2022-06-26,,kaggle_2022,"Ensure that quarterly or annual data updates are timely processed and uploaded.,Oversight and development of the total EMEA & APAC DWS Real Estate performance…"
KAGGLE_01203,Analyst -Trading Analytics Data Team,Cargill,Gurgaon,2022-07-16,,kaggle_2022,"Minimum of two years of experience with data or data warehousing systems.,Partner with and support other data analysts to validate quality and coverage of…"
KAGGLE_01204,Data Analyst,Surgical Notes RCM LLC,Noida,2022-07-02,,kaggle_2022,"Leverage data from Salesforce and other reporting platforms to analyze data and convert information into insight.,Speaking and listening on a telephone."
KAGGLE_01205,Eyeota | Business Intelligence Analyst,Eyeota,Remote,2022-07-07,,kaggle_2022,"5-8 years’ work experience in a business intelligence or analyst role.,Deliver ad-hoc data extracts for day-to-day business decision making."
KAGGLE_01206,Business Analyst,Shell,Bangalore,,,kaggle_2022,"Work with Process Experts / Process Excellence Team, IT Advisors and Product Managers for streamlined delivery on Tax L&F Requirements."
KAGGLE_01207,Data Analyst,Bombay Play,Bangalore,2022-06-26,,kaggle_2022,"Prototyping new ways to visualise and understand data relationships.,You will find that this role will challenge you to combine your computational & statistical…"
KAGGLE_01208,Data Analyst,NEXTWAVE MULTIMEDIA,Chennai,2022-06-26,,kaggle_2022,"Coordinate with both Strategic and development team explaining data insights and predictions.,Good experience with SQL, data modeling, dashboarding and…"
KAGGLE_01209,Data Analyst,V-Align Technologies,Bangalore,2022-06-26,,kaggle_2022,Candidates with 1 to 2 years’ experience statistical data analysis.
KAGGLE_01210,MIS Analyst,A & J Global Solutions Private Limited,Hyderabad,2022-07-21,,kaggle_2022,"Acquire data from primary or secondary data sources and maintain databases/data systems.,Ensure the data quality and integrity in databases."
KAGGLE_01211,Senior Data Analyst,Flipkart,Bangalore,2022-06-26,,kaggle_2022,"Design and develop complex data queries to move and transform data from operational data sources to analytical databases.,Understanding of macros is beneficial."
KAGGLE_01212,Data Analyst,Hudson Data,Remote,2022-07-13,,kaggle_2022,"Compile and analyze data related to business issues.,You think about data in terms of statistical distributions and have a big enough analytics toolbox to know…"
KAGGLE_01213,Analyst - Bing,InMobi,Bangalore,2022-07-19,,kaggle_2022,"Experienced using Excel to analyze information,Advance Excel, SQL, including data manipulation and data analysis.,2+ years search or digital media experience."
KAGGLE_01214,Sr Data Warehouse Analyst,Honeywell,Bangalore,2022-07-14,,kaggle_2022,"Experience with SSIS and general administrative data experience.,Understanding of best-in-class model and data configuration and development processes."
KAGGLE_01215,Data Analyst,Targray,Gurgaon,2022-06-26,,kaggle_2022,"Developing and maintaining databases, data systems – reorganizing data in a readable format.,Technical proficiency regarding database design development, data…"
KAGGLE_01216,Analyst / Sr. Analyst - US Strategy & Research,Deloitte,Gurgaon,2022-07-19,,kaggle_2022,"And be able to advise/direct others to find the best data/research quickly and reliably.,Know a wide variety of secondary data sources (e.g. Factiva, Capital IQ…"
KAGGLE_01217,Data Business Analyst | 3 to 7 years | Mumbai/Bengaluru/Pune,Capgemini,Mumbai,2022-07-24,,kaggle_2022,"Good to have knowledge of data transformation, data mapping, operations, and basics of ETL tools.,Basics of data analysis using R/ Python etc."
KAGGLE_01218,Financial Data Analyst - ESG,ZM Financial Systems,Bangalore,2022-07-16,,kaggle_2022,Liaise with analysts in order to understand and report the findings and observations of data needed for analysis and publications.
KAGGLE_01219,Data Analyst,HotelHub,Bangalore,2022-06-26,,kaggle_2022,"New data collection from internet.,String data mapping skills by joining multiple tables in SQL DB.,Bachelor or Master degree in Science or Information…"
KAGGLE_01220,Business Analyst,EY,Bangalore,2022-06-26,,kaggle_2022,"Designs functional specifications of applications to address business and user needs.,Identifies internal and external factors which may impact requirements."
KAGGLE_01221,Data Operation Analyst I ( R- 12502),Dun & Bradstreet,Mumbai,2022-07-14,,kaggle_2022,"Ensuring full accuracy of data and quality.,Designation: Data Operations Analyst Department: Finance Solutions, Risk & Compliance."
KAGGLE_01222,Security Analyst,NTT Ltd,Hyderabad,2022-07-22,,kaggle_2022,"Knowledge of and experience with databases (writing queries, analyzing data, developing reports, etc.).,Knowledge of and experience with any security tools…"
KAGGLE_01223,MIS - Data Analyst 1,EY,Bangalore,2022-06-26,,kaggle_2022,"Using statistical tools to interpret data sets, propose data points with patterns that could be valuable for diagnostic and predictive analytics efforts."
KAGGLE_01224,Data Analyst,predera,Hyderabad,2022-06-26,,kaggle_2022,"Proven working experience as a data analyst.,Acquire data from primary or secondary data sources and maintain databases/data systems."
KAGGLE_01225,CIB_Client Data Analyst_Operations Specialist,"JPMorgan Chase Bank, N.A.",Hyderabad,,,kaggle_2022,"T o create and maintain Client Reference data basis of firm wide approved standard documentation.,Party Reference Data Utility is responsible for timely and…"
KAGGLE_01226,Financial Data Analyst - SFG,Moody's,Bangalore,2022-07-19,,kaggle_2022,"Identify trends/deviations in data and use analytical ability to form well thought out credit conclusions.,Support monitoring/surveillance of issuers by e.g.…"
KAGGLE_01227,Data Analyst - BPO / BPM,Zensar Technologies,Pune,2022-07-16,,kaggle_2022,"2+ years experience as Data Analyst in business ops support fuction.,Hands on knowledge on Process execution and support.,Ready to work in graveyard shift."
KAGGLE_01228,ITS Tranfer Pricing - Advanced Analyst,EY,Kolkata,2022-07-13,,kaggle_2022,"To work with accounting and financial data, analyze, and perform financial adjustment calculation.,To demonstrate a basic understanding of economic principles…"
KAGGLE_01229,Senior Clinical Data Analyst,Calyx,Hyderabad,2022-06-26,,kaggle_2022,"Your hard work will be rewarded with a competitive salary and discretionary performance bonus.,The benefits package includes 25 days' holiday per year, pension…"
KAGGLE_01230,Senior Analyst-Data Support L2,Schneider Electric,Gurgaon,2022-06-26,,kaggle_2022,PIM L2 Data Support specialist Purpose of the position The role is necessary for Supporting the PIM/EDMS data within the framework of End to End Service with…
KAGGLE_01231,Data Analyst,"Mojocare, Alpha Digital Health",Bangalore,2022-06-26,,kaggle_2022,"As a data analyst, you will be responsible for compiling actionable insights from data and assisting program, sales and marketing managers build data-driven…"
KAGGLE_01232,"Business Analyst - Strategy , Research and Product Developme...",Climate Connect,Remote,2022-07-12,,kaggle_2022,"Skilled in organising the team's knowledge and body of work using various products and data management tools.,Collaborate on creating key research deliverables,…"
KAGGLE_01233,Data Management Analyst,Honeywell,Bangalore,2022-07-12,,kaggle_2022,"5+ years of experience working in a data warehouse environment and a strong understanding of dimensional data modeling concepts.,Sound ETL knowledge in SSIS."
KAGGLE_01234,Data Analyst or Senior Data Analyst,Mothersonsumi INfotech & Designs,Noida,2022-06-26,,kaggle_2022,"Initiate and complete – project cycle activities like data collection, integration, clean, data analysis, visualization, feature engineering etc."
KAGGLE_01235,Data Manager - Engineering and BI,Dexndot Solutions,Bangalore,2022-07-20,,kaggle_2022,"Coordinate with data generator and ensure compliance to all enterprise data model according to data.,Build data models, data visualizations and automated…"
KAGGLE_01236,Data Security Analyst in MNC,SakeeSoft Pvt Ltd,Bangalore,2022-07-23,,kaggle_2022,"Ensure proper and authorized access to data systems.,GAC Analyst Job Description: Enterprise Information Security team in need of an Information Security…"
KAGGLE_01237,Data Steward Analyst,JLL,Bangalore,2022-07-20,,kaggle_2022,"The role will have wide range of responsibilities including data extraction, data cleansing, researching multiple data sources to support Master Data Management…"
KAGGLE_01238,Data Analyst - Subscription Management,Arcadia,Chennai,2022-06-26,,kaggle_2022,Prior experience with data analysis in finance / billing / payments / energy domain or working in similar roles (data analyst) is preferred.
KAGGLE_01239,Data Analyst,Study Group,Noida,2022-06-26,,kaggle_2022,"Working knowledge in analyzing e-commerce data and paid advertising data.,Tasks: Convert and integrate complex data from multiple data source into dashboards,…"
KAGGLE_01240,Data Analyst,TLC,Delhi,2022-06-26,,kaggle_2022,"Responsible for tracking, reporting, and analyzing the performance of marketing activities, ad-hoc analytic requests, and development/automation of regular…"
KAGGLE_01241,"Analyst, Data Quality",Evolent Health,Pune,2022-07-19,,kaggle_2022,"Activities include: Define and maintain data standards, definitions, and models (e.g. data dictionary, organizational data model."
KAGGLE_01242,Data Scientist / Analyst,Deutsche Bank,Bangalore,2022-06-26,,kaggle_2022,"Intermediate to advanced knowledge in data science, big data tools and infrastructural components – Hadoop / PySpark / Jupyter.,Best in class leave policy."
KAGGLE_01243,Data Analyst,Saras Analytics,Hyderabad,2022-06-26,,kaggle_2022,"We are a group of engineers and analysts focused on improving business performance through data analysis.,Strong mathematical skills to help collect, measure,…"
KAGGLE_01244,Business Analyst,E2logy Software Solutions,Noida,2022-07-20,,kaggle_2022,"Knowledge of diagrams like data flow, sequence diagrams etc.,Ability to document and analyze required information, and data."
KAGGLE_01245,Engineer Data Analyst,International Centre for Entrepreneurship and...,Ahmedabad,2022-07-05,,kaggle_2022,"Responsibilities:Interpret data, analyze results using statistical techniques and provide ongoing reportsDevelop and implement databases, data collection…"
KAGGLE_01246,Business/Data Analyst Analytics,Grazitti,Mohali,2022-06-26,,kaggle_2022,"Should analyze data and presenting data through reports that aid decision-making.,Your role would need a keen eye for detail, experience as a data analyst, and…"
KAGGLE_01247,Business Analyst,Your Retail Coach,Santacruz,,,kaggle_2022,"Should be enable to assess various business opportunities and efficiently making data.,Interpret, evaluate and interrelate research data and develop integrated…"
KAGGLE_01248,Data Scientist (Analyst),Scienaptic Systems,Bangalore,2022-06-26,,kaggle_2022,"Coming up with data driven solutions to control risk.,The Data Scientist role will enable you to be at the forefront of latest cutting-edge technology and…"
KAGGLE_01249,Business Analyst I,Amex,Gurgaon,2022-07-21,,kaggle_2022,"Generating business insights using data analytics to answer business problems.,Supports management in developing and implementing systems, reengineering…"
KAGGLE_01250,Business Analyst,Venture7 Technology Private Limited,Remote,2022-07-26,,kaggle_2022,"Identify systems processes by evaluation of real-time data.,Excellent written and verbal communicator with the ability to translate data into actionable…"
KAGGLE_01251,Data Governance Solution Analyst,Cargill,Bangalore,2022-07-25,,kaggle_2022,Ensures data integrity and compliance by partnering with stakeholders to learn and educate on the data strategy.
KAGGLE_01252,Data Analyst,Apsidata,Noida,2022-06-26,,kaggle_2022,"✓ 2-4 years of strong experience in Tabulation and Data validation using Quantum.,✓ Proficiency in Quantum scripting tool is essential."
KAGGLE_01253,Financial Analyst I - Finance and Reporting,Labcorp,Bangalore,,,kaggle_2022,"Ensure all data is complete and accurate in Hyperion.,Utilize wide ranging data sources and systems, developing reports & tools to facilitate a deeper insight…"
KAGGLE_01254,Senior Product Analyst,Anar App,Remote,2022-06-28,,kaggle_2022,"1+ year experience as an analyst with a consumer or marketplace/platform product.,Data and User focused: Balance data insights with user research to drive…"
KAGGLE_01255,Business Analyst,Zignuts Technolab pvt. ltd.,Remote,2022-07-21,,kaggle_2022,"Analyse and document functional requirements to the assigned projects and services as per defined business requirements.,Microsoft Office: 1 year (Preferred)."
KAGGLE_01256,TTT- Consultant - Business/data analyst,EY,Bangalore,2022-06-26,,kaggle_2022,Technical data analyst (knowledge of db/ ETL) who has experience in creating/ documenting both business and technical requirements as part of requirement…
KAGGLE_01257,Senior Clinical Data Analyst,Parexel,India,2022-07-12,,kaggle_2022,"Manage all phases of data management activities from study start up to database close.,Minimum Work Experience • Previous relevant working experience preferred,…"
KAGGLE_01258,Junior Data Mastering Analyst,UBS,Pune,2022-06-26,,kaggle_2022,"Identify data gaps and data integrity issues in current data, partner with data owners and IT team to plan resolution.,Experience to guide IT in data solutions."
KAGGLE_01259,Senior Analyst- Risk In Change,Commonwealth Bank,Bangalore,2022-06-26,,kaggle_2022,"Responsible for data quality in & maintenance of various databases in all tools used.,Ability to think critically and analytically and use data driven insights…"
KAGGLE_01260,Materials Mgmt Analyst I,Honeywell,Bangalore,2022-07-16,,kaggle_2022,"Champion data quality initiatives and drive data accuracy across all phases of material data management.,Previous experience as SAP Material Master process…"
KAGGLE_01261,Data and Dialler Analyst,Webhelp,Gurgaon,2022-06-26,,kaggle_2022,"Clearly articulating and facilitating data analytical findings to stakeholder at all levels.,Ensuring the supply of data, supporting analytics and reports to…"
KAGGLE_01262,Data Analyst,Anton Tech Private Limited,Chennai,,,kaggle_2022,"Acquiring data from primary and secondary data sources and maintaining databases/data systems.,Managing, creating, updating and master data."
KAGGLE_01263,Analyst - Data Analytics | Marketing,CashKaro,Gurgaon,2022-06-26,,kaggle_2022,"In this role, we want analysts to use the data models and reports, to draw actionable and meaningful insights.,Traffic Metrics, broken by Source, Channel, etc."
KAGGLE_01264,Business Analyst,Lululemon India Tech Hub,Bangalore,2022-07-06,,kaggle_2022,Overall 7+ years of experience including a minimum of 3+ years of System/Business analyst experience within the eCommerce or Retail Digital industry.
KAGGLE_01265,Business Analyst,HRK,Bangalore,2022-07-22,,kaggle_2022,"Work closely with data analysts, data scientists, report developers, and business process owners to empower data-backed decision making."
KAGGLE_01266,Data Analyst,BridgeLoyalty,Mumbai,2022-06-26,,kaggle_2022,"Senior data analyst, responsible for designing data collection, storage, and retrieval system and processes.,He will be responsible for ensuring data collection…"
KAGGLE_01267,Data Analyst,MJB Technology Solutions,Pune,2022-06-26,,kaggle_2022,"Technical or data-driven educational background (computer science, engineering, statistics, data science).,Data Engineering skills(ability to extract data from…"
KAGGLE_01268,Business Analyst,iQuest,Pune,2022-07-19,,kaggle_2022," Using and applying a variety of data modelling techniques., Liaison between the client and the team for the successful delivery of the project."
KAGGLE_01269,Database Quality Analyst,Cision,Remote,2022-07-12,,kaggle_2022,The primary responsibility of this role is to continuously drive improvements in the quality of output in Cision’s Database Research business to ensure a…
KAGGLE_01270,Lead Business Analyst - Data,LifeWorks,Noida,2022-07-21,,kaggle_2022,"Support ongoing clients related to any prod data fixes/Data reports/ Extracts.,Our innovative programs have a lasting impact on the health, financial security…"
KAGGLE_01271,Sr. Business Analyst,Tech mahindra,Hyderabad,2022-07-20,,kaggle_2022,Job description : Deliver service commitments (SLA&OLA) and ensure delivery of contractual KPI/CPI ¿ Work closely with the SDM on daily operational requirements…
KAGGLE_01272,Data Analyst,PayU,Bangalore,2022-07-09,,kaggle_2022,"Experience in quantitative or statistical analysis, data mining, predictive or statistical modelling, applied programming, data management, data transformation,…"
KAGGLE_01273,Product Data Analyst,Carousell Group,Bangalore,2022-07-19,,kaggle_2022,"Mentor and coach other data analysts.,Is data-driven and passionate about solving problems through data & enable others using data in decision making."
KAGGLE_01274,Political Research Analyst,Buidlnext Infracon Pvt ltd,Hyderabad,2022-07-21,,kaggle_2022,"Subjects and collect and analyze data.,Collecting data from sources such as public opinion surveys and election results."
KAGGLE_01275,Senior Reporting Analyst,Siemens,Pune,2022-07-19,,kaggle_2022,"3+ years as a business/data analyst/analytical experience.,Excellent data management and analysis skills to assemble, clean and analyze data effectively from…"
KAGGLE_01276,Data Analyst,Zessta,Hyderabad,2022-06-26,,kaggle_2022,"Connecting data sources, importing data, and transforming data for Business intelligence.,Analytical thinking for translating data into informative reports and…"
KAGGLE_01277,Frontend Data Analyst,Ultimez Technology,Hubli,,,kaggle_2022,"Experienced in data analysis and data visualisation.,Experienced with data –binding frameworks.,Proficiency working with SQL databases and data pipelines."
KAGGLE_01278,Data Visualization Developer (Tableau Developer),Spinnaker Corporate Advisors,Mumbai,2022-07-25,,kaggle_2022,"Understand the data structure and prep the data for Analytics.,Create Tableau reports/dashboards that provide insight.,Solid understanding of SQL Server."
KAGGLE_01279,Reference Data Analyst,Deutsche Bank,Jaipur,2022-07-02,,kaggle_2022,"Background in any of the processess under client data / Tax / Instruments / would be beneficial.,Best in class leave policy.,Accident and Term life Insurance."
KAGGLE_01280,Data Analyst - Financial Analyst,Crowe,Noida,,,kaggle_2022,"Ensure data compatibility and bridge the gap of data and business needs based on GAAP.,General understanding of data tables and ETL techniques."
KAGGLE_01281,Data Analyst,BBS,Gurgaon,2022-06-26,,kaggle_2022,"Experience in data analysis, including data cleaning/preparation, reporting, modeling.,Daily data analysis in online financial business, including data cleaning…"
KAGGLE_01282,Data Analytics Developer (Junior),FENG GROUP,Mumbai,2022-07-12,,kaggle_2022,"Create ad hoc data sets to support specific research projects;,Document data assets, usage recommendations, and known issues;"
KAGGLE_01283,Security Analyst,EY,Thiruvananthapuram,2022-06-26,,kaggle_2022,"Good working knowledge of data analytic methods and tools, including but not limited to Spotfire, and Microsoft Excel.,To qualify for the role you must have:"
KAGGLE_01284,Management Trainee / Analyst,Escalent,Noida,2022-07-20,,kaggle_2022,"Conduct quantitative (statistical analysis, financial data.,Conduct quantitative (statistical analysis, financial data analysis, etc.)."
KAGGLE_01285,Business Consultant / Data Analyst,Zensar Technologies,Pune,2022-06-26,,kaggle_2022,"Interpret large raw data sets; conduct data analysis and audits – high level of excel mastery is required, Strong Analytical skills to help collect, measure,…"
KAGGLE_01286,Data Analyst,ZM Financial Systems,Bangalore,2022-07-09,,kaggle_2022,"Regularly meet with other data analysts to help with Alteryx issues, and recommend best practices from both a technical and process perspective as related to…"
KAGGLE_01287,Data Analyst - BI (Flexi Model Pool),Cacti Global,Remote,2022-07-02,,kaggle_2022,"Design conceptual and logical data models and flowcharts Present information using data visualization techniques.,Good data management using Excel."
KAGGLE_01288,Lead Analyst Internship For freshers,Redlifealert,Remote,,,kaggle_2022,"Guide junior analysts on research methods, data analysis, and other related tasks.,Development of Excel sheet data.,Make 40 cold calls daily."
KAGGLE_01289,"Data Analyst, Trust and Safety, AdSpam",Google,Hyderabad,2022-06-26,,kaggle_2022,"2 years of experience in data and analytics.,Bachelor's degree in Computer Science, Applied Mathematics, Statistics, Quantitative Social Sciences, or equivalent…"
KAGGLE_01290,Research Analyst - Benchmarks-7,FactSet Research Systems,Hyderabad,2022-07-22,,kaggle_2022,"Interacts with benchmark data provider.,Uses proprietary software to query data.,The Research Analyst is able to integrate Benchmark products and support or fix…"
KAGGLE_01291,Financial Data Analyst,Moody's,Bangalore,2022-07-17,,kaggle_2022,"Frequently liaise with associate analysts in order to understand and remediate data issues.,Ensure data consistency and completeness."
KAGGLE_01292,Sr Data Management Analyst,ZM Financial Systems,Bangalore,2022-07-13,,kaggle_2022,"Experience with data quality, data cleanup, data enrichment, data strategy, customer data integration (CDI), enterprise information management (EIM), and/or…"
KAGGLE_01293,Research Analyst,Client of SolutionBox,Jaipur,2022-07-19,,kaggle_2022,"Translate data into meaningful insights and providing data-driven answers to difficult questions.,Assess the effectiveness and accuracy of new data sources and…"
KAGGLE_01294,Supply Chain Analyst-Contractual 2 years,Pearson,India,2022-07-20,,kaggle_2022,"Provide support with queries on data anomalies & conduct adhoc analysis as requested.,Assist Senior Demand and Supply Planner for any activity relating to…"
KAGGLE_01295,Data Analyst -3,BK Talent Lease Consulting,Gurgaon,2022-06-26,,kaggle_2022,"BKTC is looking for young and energetic Data Analysts, freshers and experienced for a leading international Consulting firm to join our growing team."
KAGGLE_01296,Business/Data Analyst,Applied Research Works,Kolkata,2022-06-26,,kaggle_2022,"Identify data issues/risks and provide solutions for improvement.,Handle requests concerning large data volumes on a daily basis, coming both from clients and…"
KAGGLE_01297,"Senior Analyst, Data Analysis",Standard Chartered,Chennai,2022-06-26,,kaggle_2022,"To succeed as an MIS analyst, applicants must be proficient with Microsoft Tools, including Excel and PowerPoint, and also possess advanced computer skills for…"
KAGGLE_01298,Senior Analyst - Global Mobility USI Strategy and Reporting...,Deloitte,Hyderabad,2022-06-26,,kaggle_2022,"§ Data analysis leveraging multiple data sources and tools including Excel, Salesforce, Tableau, SAP/HRIS.,Follows approach and reporting cycles for collecting…"
KAGGLE_01299,Data Analyst - Data and Analytics,Intel,Bangalore,2022-06-26,,kaggle_2022,"Develop and promote modern solution/data design approaches that ensure connected data and reusable Data products for business use Ensure business rules, data…"
KAGGLE_01300,Excel Analyst,Navtech,Hyderabad,2022-06-26,,kaggle_2022,"Optimize statistical efficiency and quality by developing and implementing data collection systems and data analytics.,Who Ae We Looking For Exactly?"
KAGGLE_01301,Excel Analyst,Navtech,Hyderabad,2022-06-26,,kaggle_2022,Optimize statistical efficiency and quality by developing and implementing data collection systems and data analytics.
KAGGLE_01302,Data Analyst,Travel Centric Technology,Bangalore,2022-06-26,,kaggle_2022,"New data collection from internet.,String data mapping skills by joining multiple tables in SQL DB.,Bachelor or Master degree in Science or Information…"
KAGGLE_01303,Data Analyst,NovoTree Minds Consulting,Bangalore,2022-06-26,,kaggle_2022,"Successful candidates will be analytical with business acumen, and detail driven with excellent problem solving skillsThe ideal candidate will have a strong…"
KAGGLE_01304,Cyber Security Analyst,Sagar Infotech,Delhi,2022-07-16,,kaggle_2022,"Perform data analysis and develop reports.,1+ years of information security experience.,Requires excellent communication skills, especially written."
KAGGLE_01305,Business Analyst,Ahana Systems and Solutions,Remote,2022-07-03,,kaggle_2022,"Should have experience in designing data models, data marts and exposure to tools like Erwin, Toad Data Modeler or similar tools."
KAGGLE_01306,Sr Data Analyst - Business Analytics,Gartner,Gurgaon,,,kaggle_2022,"Integrate large volumes of data and connect discrete data points to enable retention analytics.,Solve bugs and data quality issues by proactive collaboration…"
KAGGLE_01307,Data Analyst - Life & Health,Munich Re,Mumbai,2022-07-11,,kaggle_2022,"Provide technical expertise in data storage structures, data mining, data cleansing and process optimization.,Provide quality assurance of imported data."
KAGGLE_01308,USI-EH22-EA-CMG-Tech CoE-Pursuits Data Analyst-A/SA,Deloitte,Hyderabad,2022-06-26,,kaggle_2022,"Provide analyses and insights to interpret data to help stakeholders in better decision making.,Articulate data issues to the Pursuit Leadership team in a…"
KAGGLE_01309,Data Analyst,Dataminerz Innovative Solutions,Mumbai,2022-07-23,,kaggle_2022,"Top-deciles data wrangling skills; strength in SQL and Python for data analysis and transformations.,3-7 years of demonstrated success in analytics role…"
KAGGLE_01310,Data Analyst,Zuora,Chennai,2022-06-26,,kaggle_2022,"Assist in the ongoing development of technical best practices for data movement, data quality, data cleansing, data security and privacy."
KAGGLE_01311,Research Analyst - Product,Xiaomi India,Bangalore,2022-06-26,,kaggle_2022,Someone who is passionate about both technology and data and strives for addressing business problems through data-driven solutions.
KAGGLE_01312,Markets Data Management Senior Analyst,NatWest Group,Gurgaon,2022-07-01,,kaggle_2022,"Acting as a point of contact for static data queries and requests.,You’ll need to have excellent analytical skills, with a structured and methodical approach…"
KAGGLE_01313,Business Analyst - Remote,Leena AI India Pvt Ltd,Bangalore,2022-07-23,,kaggle_2022,Drive identification of requirements across business units and identify substandard systems processes through evaluation of real-time data.
KAGGLE_01314,Senior Data Processing Analyst - Report Services,NielsenIQ,Chennai,2022-07-15,,kaggle_2022,Need to have analytical ability to investigate issues with the RMS data which is questioned by client as part of Data Inquiry.
KAGGLE_01315,Analyst - Ops Risk & Compliance - Line 1,Commonwealth Bank,Bangalore,2022-07-08,,kaggle_2022,"Ability to think critically and use data driven insights to solve problems.,Contribute to the design and implementation of controls and process maps Contribute…"
KAGGLE_01316,Data Analyst,UBS,Mumbai,2022-06-26,,kaggle_2022,"Involvement in various aspects of data analysis: requirement definition, data collection, analysis and visualization.,Have experience with using Ariba P2P tool."
KAGGLE_01317,Data Management Analyst,Barclays,Pune,2022-06-26,,kaggle_2022,"Support annual attestation activities of critical data flows.,Execute identification and resolution of data lineage issues, supporting the analysis and creation…"
KAGGLE_01318,"Analyst , Data Change Management",Standard Chartered,Chennai,2022-06-26,,kaggle_2022,"Familiar with data sourcing, data capture, data transformation and data preparation techniques.,Experience in end to end analytics delivery from data ingestion…"
KAGGLE_01319,Quality and Data Governance Analyst II,S&P Global,Gurgaon,2022-07-12,,kaggle_2022,"Design and build metrics to monitor data quality.,Create effective SQL/PLSQL queries for profound data analysis.,SQL and PL-SQL skills - mandatory."
KAGGLE_01320,Capabilities and Insights Analyst_Insurance Actuarial Scienc...,McKinsey & Company,Gurgaon,2022-07-22,,kaggle_2022,You will be based in Gurugram office and work across Asia on client engagements where you will be required to support and/or lead workstreams on client projects…
KAGGLE_01321,Data Analyst Lead | Connecticut,Photon,Bangalore,2022-07-16,,kaggle_2022,1 Has worked with Data Project defining Data Visualization Story.
KAGGLE_01322,IBO Business Analytics – Business & Data Analyst,Orange Business Services,Mumbai,2022-07-15,,kaggle_2022,"Processing confidential data and information according to guidelines.,Demonstrated experience in handling large data sets and relational databases."
KAGGLE_01323,Data Analytics,E2E Infoware Management Services,Bangalore,2022-06-26,,kaggle_2022,"Data Analytics Platform – Big Data Developer / Spark with Scala Developer / Hadoop Developer Location : Bangalore,Chennai…"
KAGGLE_01324,Data reporting analyst,Regalix,Hyderabad,2022-06-26,,kaggle_2022,"Pulling data to develop reports.,Regularly examine data reports to locate and resolve mistakes throughout.,Create business reports that provide insight into key…"
KAGGLE_01325,Data Analyst,Open Secret,Mumbai,2022-06-26,,kaggle_2022,"Compile and analyze data related to business' issues.,Use data to analyze and evaluate, transform data and insights into business recommendations, communicate…"
KAGGLE_01326,"Liquidity Data Governance Analyst, Senior Associate",State Street,Bangalore,2022-07-21,,kaggle_2022,"Proactively identify and investigate emerging data issues based on daily data quality analytics checks, liaise with data providers for understanding root-cause…"
KAGGLE_01327,Analyst-GDC,KPMG,Bangalore,2022-07-23,,kaggle_2022,"2 - 5 years of experience in software testing/quality analyst, database and visualization concepts using tools such as Alteryx, Power BI."
KAGGLE_01328,Senior Data Analyst,VIBA PURSUITS PVT LTD,Hyderabad,2022-07-21,,kaggle_2022,"Experience managing large data sets and analyzing data for actionable insights.,Apply suitable combination of data/analytical skills and domain knowledge, to…"
KAGGLE_01329,"Data Analyst, Seller Growth and Retention",ASSPL - Karnataka,Bangalore,,,kaggle_2022,"Understanding of data warehousing, data modeling concept and building new DW tables.,Translate data into actionable insights.,Experience with SQL or ETL."
KAGGLE_01330,KX Reporting & Analytics - Analyst,Deloitte,Bangalore,2022-06-30,,kaggle_2022,"1-2 years of experience in data analytics, data strategy, and reporting.,The Analyst, Analytics, is responsible for data cleansing, transformation, processing,…"
KAGGLE_01331,Data Tranformation Analyst II,S&P Global,Gurgaon,2022-06-26,,kaggle_2022,"Automotive data research on the Internet or web services.,Database fulfillment with dedicated technical data for each vehicle."
KAGGLE_01332,Financial Data Analyst - ESG,Moody's,Bangalore,2022-07-14,,kaggle_2022,Liaise with analysts in order to understand and report the findings and observations of data needed for analysis and publications.
KAGGLE_01333,Monitoring & Evaluation Analyst,CIMMYT,Patna,2022-06-26,,kaggle_2022,"Landscape Diagnostic Survey (LDS) data management – handling the ODK server of LDS hosted at IASRI, monitoring LDS progress, downloading LDS data, curating data…"
KAGGLE_01334,Senior Business Analyst,Trane Technologies,Delhi,2022-06-26,,kaggle_2022,"Lead the research, definition and design of customer facing applications (sales) and Data Analytics.,During execution of project deliverables."
KAGGLE_01335,Data Governance Analyst,Crowe,Noida,2022-06-26,,kaggle_2022,Participate in the application and deployment of data policies and processes and their continued enforcement to include areas such as workflow for data…
KAGGLE_01336,Sr. Data Analyst,Grameen Foundation,Delhi,2022-06-26,,kaggle_2022,"Working knowledge of data mining principles: predictive analytics, cleansing, mapping, collecting data from multiple data systems on premises and cloud – based…"
KAGGLE_01337,Financial Data Analyst - Banking,Moody's Investors Service,Bangalore,2022-07-26,,kaggle_2022,"Create and maintain various documentations and provide guidance to support analysts basis the same.,Our data, analytical solutions and insights help decision…"
KAGGLE_01338,Data Analyst For Associate & Senior Associate - COSI Team,Apex Group,Bangalore,2022-07-22,,kaggle_2022,"Collect data, clean data, validate data and re-collect if any issue found.,Connect with stakeholders for operational data."
KAGGLE_01339,Data Analyst Tableau,Apps Associates,Gurgaon,2022-06-26,,kaggle_2022,"Minimum of 7 years of professional experience in data analytics or research.,Experience Required: • Minimum of 7 years of professional experience in data…"
KAGGLE_01340,Senior Data Analyst,ISG Elastomers,Vasai,2022-07-05,,kaggle_2022,"Should be well versed with Reports, Graphs and Excel."
KAGGLE_01341,Python Data Analyst - Coimbatore Location,Cognizant,Chennai,2022-07-14,,kaggle_2022,"Experience with data analysis tools, such as Jupyter notebooks.,Previous experience working on products involving analysis of big data sets."
KAGGLE_01342,Jr. Data Analyst,Armorblox,Bangalore,2022-06-26,,kaggle_2022,"As a Junior Data Analyst, you will be responsible for identifying new types of email attacks, validating detections made by our algorithms, updating our machine…"
KAGGLE_01343,Senior Analyst - Referential Data,Société Générale,Chennai,2022-07-06,,kaggle_2022,"Efficient and pro-active email management.,Pro-activeness on email responses & proper justification for aged items.,Contribute to Team Meetings & Agenda points."
KAGGLE_01344,Ref Data Mgmt Analyst 1 - C09,Citi,Gurgaon,2022-06-26,,kaggle_2022,"Remediates data in the Corporate Actions system on the basis of accurate analysis and scrubbing of data.,Managing various data remediation work streams Projects…"
KAGGLE_01345,Senior Consultant - Data Analyst,Thoughtworks,Bangalore,,,kaggle_2022,"Ability to identify missing data and recommend new data elements to create appropriate insights.,Expertise and experience with data mining, evaluation, analysis…"
KAGGLE_01346,Data Analyst,Vimaan Robotics,Bangalore,2022-06-26,,kaggle_2022,"2-4 years related experience such as data extraction and analytics, data quality, and database relational structures."
KAGGLE_01347,Data Analyst ( Aurangabad),MAN Energy Solutions,India,2022-06-26,,kaggle_2022,"Perform data analysis on various business data.,Data cleaning, data manipulation on mass data in existing system.,Data cleaning and data manipulation."
KAGGLE_01348,Data Analyst,iSageBrum Technologies Pvt Ltd,Ahmedabad,2022-07-12,,kaggle_2022,"Compile and analyze data related to business issues.,Develop clear visualizations to convey complicated data in a straightforward fashion."
KAGGLE_01349,Data Analyst,Luxoft,Pune,2022-06-26,,kaggle_2022,"Ability to model data, gather required data.,Understand optimization of data sources e.g. consolidation of multiple data sources into one scalable solution."
KAGGLE_01350,Data Analyst / Data Scientist,CoffeeBeans Consulting,Bangalore,2022-07-07,,kaggle_2022,Identify new internal and external data sources to support analytics initiatives and work with appropriate partners to absorb the data into new or existing data…
KAGGLE_01351,Analyst – Employee Data Management,PhonePe,Bangalore,2022-06-26,,kaggle_2022,"High process orientation and data management skills.,Conduct data quality audits across People Operations processes."
KAGGLE_01352,Business Analyst | BA-42,Blockseed,Indore,2022-07-20,,kaggle_2022,"You will be required to fill 3 Forms Followed by an assignment and then 2 Phone Interviews.,You would have to work 2-4 hours on the weekends as the clients are…"
KAGGLE_01353,Data analysis and Steering,BK Talent Lease Consulting,Delhi,2022-06-26,,kaggle_2022,"Experience in data & number crunching and analyzing & presenting the data in desired formats.,Experience in quantitative analysis, research, data mining,…"
KAGGLE_01354,Data analysis and Steering,BK Talent Lease Consulting,Delhi,2022-06-26,,kaggle_2022,"Experience in data & number crunching and analyzing & presenting the data in desired formats.,Experience in quantitative analysis, research, data mining,…"
KAGGLE_01355,Data Analyst/Senior Data Analyst,Maersk,Pune,2022-06-30,,kaggle_2022,"Develop reports and establish self-service reporting capability.,Convert existing manual reports to an automated, sustainable, and scalable platform such as…"
KAGGLE_01356,Business Analyst,DuckTale IT Services Pvt Ltd,Sahibzada Ajit Singh Nagar,2022-07-22,,kaggle_2022,"Business analyst: 1 year (Preferred).,Collecting data from the clients.,Identify and reconcile errors in client data to ensure accurate business requirements."
KAGGLE_01357,Analyst (Risk and Control),Morgan Stanley,Mumbai,2022-07-08,,kaggle_2022,"Analyze data to identify key risk trends to be escalated to management.,Identify, log, and assist in resolving data gaps and issues with our IT partners."
KAGGLE_01358,Data Assurance Transparency_Data Analytics_Senior Associate,PwC,Kolkata,2022-07-20,,kaggle_2022,"In joining, you’ll focus on data strategies and analytical modelling, systems assessment, dashboard development, and developing tools for continuous data…"
KAGGLE_01359,PDM Data Analyst,Schneider Electric,Bangalore,2022-06-26,,kaggle_2022,"Provide operational support to data migration projects to analyze and cleanse the legacy data, then prepare it for import into corporate IT platforms."
KAGGLE_01360,Data Analyst,CreditAccess Grameen,Bangalore,2022-06-26,,kaggle_2022,"Meet ad-hoc data/customized reporting requirement as and when sought.,Conduct analysis using available internal and external data; come up with actionable…"
KAGGLE_01361,Data Analyst (ONSITE – EUROPE),Squalas,Hyderabad,2022-06-26,,kaggle_2022,"Preferable : Must have, at least medior level.,Power BI, SQL, Tableau, Periscope, PostgreSQL, BigQuery, Pandas, Data prep."
KAGGLE_01362,Data Analyst - 7129,ION,Noida,2022-06-26,,kaggle_2022,Enriching the data with efficient data collection mechanism and build data ware house to query the historical data.
KAGGLE_01363,Associate Data Analyst,WebMD,Mumbai,2022-06-26,,kaggle_2022,"Bachelor’s degree in data analytical fields or at least 4 years additional experience in data analytics.,Microsoft Excel (including pivots, formulas, and macros…"
KAGGLE_01364,Business Analyst / Data Analyst,IBST Private Limited,Bangalore,2022-06-26,,kaggle_2022,"Should have at least 7 years’ experience working as a Business Analyst / Data Analyst.,Presentation Skills - Microsoft Excel, MS - Word ; PPT."
KAGGLE_01365,Data Analyst,Apps Associates,Gurgaon,2022-06-26,,kaggle_2022,"Conduct data assessment, perform data quality checks and transform data using SQL and ETL tools.,Role: Data Analyst Location: Gurgaon Experience: 3-6 years…"
KAGGLE_01366,Business Analyst ( Mandatory 3 to 4yrs Experience required ),TGS the global skills,Gurgaon,2022-07-20,,kaggle_2022,"Business analyst: 4 years (Preferred).,Data analytics • Support the VP in identifying and resourcing the right talent to build an optimal Technology and data…"
KAGGLE_01367,Senior Data Migration Analyst,Q2ebanking,Bangalore,2022-07-20,,kaggle_2022,"TBU TBU At Q2, our goal is to be a diverse and inclusive workforce that fosters mutual respect for our employees and the communities we serve. Q2 is an…"
KAGGLE_01368,Data Analyst,DS Smith,Delhi,2022-06-26,,kaggle_2022,Input into designing the Data Warehouse used to support the reporting needs Analysis of data and creating exec summaries of a data set.
KAGGLE_01369,Business Data Analyst,mPower Software Services,Bangalore,2022-06-26,,kaggle_2022,Instilling a company wide-culture of data-first decision making and driving continuous data quality best practices.
KAGGLE_01370,Order Management & Procurement Data Analyst,Motorola Solutions,Bangalore,2022-06-26,,kaggle_2022,"Experience in delivery data analytical reporting and bringing data to life through enhanced data visualization and reporting capabilities,."
KAGGLE_01371,Market Research Analyst,NPPD CARE,Remote,2022-07-25,,kaggle_2022,"Job type: Remote ( Work From Home).,After 2 monthsof training, there will be evaluation and hiring.,Do you have basic idea on Data Analysis concepts ?"
KAGGLE_01372,Data Analyst,PlusWealth Capital Management,Gurgaon,2022-06-26,,kaggle_2022,"Using cutting edge statistical and machine learning techniques to identify opportunities from terabytes of data.,Knowledge of Python or Perl is a plus."
KAGGLE_01373,Data Management and Delivery Analyst 1,JLL,Bangalore,2022-06-26,,kaggle_2022,"Performs data discovery to understand data values and relationships in new data sources.,The Data Management Analyst achieves this through data discovery &…"
KAGGLE_01374,Data Engineer: Business Intelligence,IBM,Bangalore,2022-07-14,,kaggle_2022,"Performing and documenting data analysis, data validation, and data mapping/design.,Creating tools to store data within the organization."
KAGGLE_01375,Data Analyst- Growth,Skill-Lync,Remote,2022-06-26,,kaggle_2022,"2+ years of experience as a data analyst.,We are looking for a data analyst who can organize the huge amounts of marketing data available into actionable…"
KAGGLE_01376,Data Analyst | 5 to 7 Years | Mumbai,Capgemini,Mumbai,2022-06-30,,kaggle_2022,"Ensure all assets (i.e., images, video, PDF, InDesign files etc.).,Are uploaded, managed, and maintained in Global Marketing Databases for the client."
KAGGLE_01377,"Data Analyst, India",Criteo,Remote,2022-06-26,,kaggle_2022,"You will turn business requests into data problems and tackle them in a scalable and efficient way, working together with analyst teams across the APAC region."
KAGGLE_01378,Rpa Business Analyst,Tech Mahindra Business Services Limited,Chennai,2022-07-15,,kaggle_2022,"Presenting data, sharing analysis and getting concurrence from stakeholders on actions (for.,RPA Business Analyst experience preferably into Telecom domain."
KAGGLE_01379,Data And Analytics - CRL 2.0 Data Science,EY,Bangalore,2022-07-13,,kaggle_2022,"5 - 8 years of experience.,Should have had hands on experience in ML/ Advanced Analytics.,Hands on AI projects would be preferred.,Expert in Python/R coding."
KAGGLE_01380,Business Management Analyst,EY,Bangalore,2022-07-16,,kaggle_2022,"Very good working knowledge of MS Excel and MS PowerPoint, including data analysis features of Excel.,Business Management Analyst for business management…"
KAGGLE_01381,Business Analyst,CareerLabs,Bangalore,2022-07-13,,kaggle_2022,"The business analyst will be responsible for working with business stakeholders in identifying business processes, collecting and documenting information,…"
KAGGLE_01382,Operations Data Analyst,Alkegen,Pune,2022-06-26,,kaggle_2022,"Identify and support implementation of automated digital methods of capturing and displaying line data and plant data, as well as populating data lakes."
KAGGLE_01383,Data Visualisation Analyst,Pulsus Group,Hyderabad,2022-06-26,,kaggle_2022,"Experience with large data sets, ability to write/execute SQL queries to extract, review and understand; Experience with reporting, data management, or data…"
KAGGLE_01384,Data Analyst,VELLOM INFOTECH,Jalandhar,2022-07-19,,kaggle_2022,"*Keeping a track of all the orders coming from the website on a daily basis.*.,*Taking approvals from the customers for the orders before sending it to the…"
KAGGLE_01385,Data Analyst,Logicsoft International,Delhi,2022-06-26,,kaggle_2022,"Developing and maintaining databases, data systems – reorganizing data in a readable format.,Performing analysis to assess quality and meaning of data."
KAGGLE_01386,Logistics Transportation analyst and IT Expert,Bosch Group,Bangalore,2022-07-19,,kaggle_2022,"Refine the digitization strategy & lead value extraction from existing execution.,Drive digital transformation in Transportation and Warehousing."
KAGGLE_01387,Senior Analyst,Arthur J. Gallagher,Bangalore,2022-07-20,,kaggle_2022,"Familiar with extraction of relevant data, cleanse and transform data into insights that drive business value, through use of data analytics, data visualization…"
KAGGLE_01388,Digital Forensics Analyst (Junior),FENG GROUP,Chennai,2022-07-22,,kaggle_2022,"Assist seniors in highly sensitive or confidential data or images;,The ability to identify patterns or trends across large amounts of data."
KAGGLE_01389,FCSO Data Quality Analyst,Standard Chartered,Bangalore,2022-06-26,,kaggle_2022,Data Quality (DQ) Analysts are responsible for ensuring the overall health of the data ecosystem and the quality of data per bank’s data quality management…
KAGGLE_01390,"Product Analyst, Data Science, Engineering",Google,Bangalore,2022-06-26,,kaggle_2022,"You will weave stories with meaningful insight from data.,You will work to effectively turn business questions into data analysis, and provide meaningful…"
KAGGLE_01391,DATA ANALYST,Cityinfo Services,Bangalore,2022-06-26,,kaggle_2022,"Execute processes to monitor data governance policies and procedures to ensure data integrity and privacy, establish consistent data definitions, and monitor…"
KAGGLE_01392,Data Governance Analyst,Principal Global Services,Hyderabad,2022-06-26,,kaggle_2022,"Knowledge of data governance, data quality, and data stewardship best practices.,Consult with key stakeholders, business data owners, and data stewards to:…"
KAGGLE_01393,Business Analyst,Milkyway Infotech Pvt. Ltd.,Noida,2022-07-22,,kaggle_2022,"Experience in analysing data to draw business-relevant conclusions and in data visualization techniques and tools.,A degree in IT / Computer Science."
KAGGLE_01394,Data Privacy Analyst,Flex,Pune,2022-06-26,,kaggle_2022,"You will engage with external current or potential Suppliers for performing data protection impact assessments of solutions which hold personal data, verifies…"
KAGGLE_01395,Operate Services - Data Analytics - Associate 2 - Bangalore,PwC,Bangalore,2022-06-28,,kaggle_2022,"Our data analysts are integral to our recent growth and success within our data management & engineering division.,Identifying patterns and trends in datasets."
KAGGLE_01396,Data Analyst,Falcon Smart IT,Chennai,2022-06-26,,kaggle_2022,"Job Type : Fixed term contract.,Advanced excel and macros.,Data Analysis - mainly ERP download reports in inventory."
KAGGLE_01397,ArcGIS Data Modeler-Analyst/Consultant-Hyderabad/Bengaluru/M...,Deloitte,Bangalore,2022-06-30,,kaggle_2022,"We are committed to helping our clients work with newly empowered customers, hyper-connected digital ecosystems, and expansion in data."
KAGGLE_01398,Data Insights Analyst,The Economist Newspaper Limited,Gurgaon,2022-06-26,,kaggle_2022,"Experience working with data from multiple data systems and databases.,Ability to examine data critically to extract meaningful insights."
KAGGLE_01399,Data Analyst,Mantras2Success consultants,Mumbai,2022-07-20,,kaggle_2022,"Experience delivering reporting, database, data integration and cube solutions.,Experience of database design or integration experience with SQL Server…"
KAGGLE_01400,Business Analyst Oracle,Excellence and Eminence LLP,Bangalore,2022-07-23,,kaggle_2022,"Partner with project managers and other business analysts to review and understand business requirements, recommend solutions, and provide level of effort…"
KAGGLE_01401,Intern Data Analyst,AIMLEAP Full-Stack Techies,Bangalore,2022-06-26,,kaggle_2022," Working with delivery team in data management, data enrichment, web data mining/scraping (python), basic understanding of SQL and automation."
KAGGLE_01402,Global Data Analyst,Lloyd's Register Group,Mumbai,2022-07-14,,kaggle_2022,"The global data analyst provides the local and area teams with analysis, insight and support with all type of data queries."
KAGGLE_01403,Lead Data Governance Analyst,Barclays,Pune,2022-07-22,,kaggle_2022,"Support data quality issue & measures related activity in partnership with domain data.,Support data governance and quality assurance activities."
KAGGLE_01404,Business Analyst,ART OF LIVING HUMAN RESOURCES,Bangalore,2022-07-16,,kaggle_2022,"Develop high level data models and process flows.,Should understand the business objective, validate all the requirements of the."
KAGGLE_01405,Risk Assurance_Data Analytics_Senior Associate_Bangalore (Re...,PwC,Bangalore,2022-06-26,,kaggle_2022,"In joining, you’ll focus on data strategies and analytical modelling, systems assessment, dashboard development, and developing tools for continuous data…"
KAGGLE_01406,Pricing Analyst,Global Electronics,Pune,2022-07-20,,kaggle_2022,"Strong verbal/written communication and data presentation skills.,.Strong on diving deep to understand data nuances.,Track record for being detail-oriented."
KAGGLE_01407,Power BI Developer,TheMaverics Technologies,Mumbai,2022-07-26,,kaggle_2022,"Connecting to data sources, importing data, and transforming data for Business Intelligence.,Expertise in using advance level calculations on the data set."
KAGGLE_01408,"Senior Auditor, Data Analytics",NatWest Group,Gurgaon,,,kaggle_2022,"The ability to assess and prioritise data effectively.,You must be able to demonstrate strong problem-solving skills and we’ll look to you to have an eye for…"
KAGGLE_01409,Senior Data Analyst,Postman,Remote,2022-06-26,,kaggle_2022,"You have a knack for helping people make data driven decisions.,Work closely with Data Engineering and partner teams to author and develop core data sets,…"
KAGGLE_01410,Data Analyst,IronList,Ahmedabad,2022-06-26,,kaggle_2022,"Acquire data from primary or secondary data sources and maintain databases/data systems.,Technical expertise regarding data models, database design development,…"
KAGGLE_01411,Sr. Data Analyst,eTeam InfoServices Pvt. Ltd,Pune,2022-07-23,,kaggle_2022,"Job Types: Full-time, Contractual / Temporary."
KAGGLE_01412,Senior Data Analyst,AIMLEAP,India,2022-06-26,,kaggle_2022,"Hands-on experience in leading delivery teams in data cleaning, data management, data enrichment, data transformation.,Employment Type: Permanent/Full time."
KAGGLE_01413,Business Analyst,PlaySimple Games,Bangalore,2022-07-14,,kaggle_2022,"Excellent SQL skills: extensive experience querying large, complex data sets.,Will answer business-related questions through exploratory data analyses and ad…"
KAGGLE_01414,Equity Analyst,Value Research India,Noida,2022-07-05,,kaggle_2022,"Must have an aptitude for data analysis and basic knowledge of Excel.,Spot and write analysis-driven or topical articles on Indian markets, industries and…"
KAGGLE_01415,Data Insights Analyst,Clearstate Pte. Ltd,Gurgaon,2022-06-26,,kaggle_2022,"Experience working with data from multiple data systems and databases.,Ability to examine data critically to extract meaningful insights."
KAGGLE_01416,Advisory-Consulting-Data Analytics-Associate 2-Bangalore,PwC,Bangalore,2022-06-26,,kaggle_2022,"Handle, manipulate and analyse data and information responsibly.,Invite and give in the moment feedback in a constructive manner."
KAGGLE_01417,Data Engineer / Data Analyst,Adglobal360 India,Gurgaon,2022-06-26,,kaggle_2022,"Work with data and analytics experts to strive for greater functionality in our data systems.,Drive KPI using the data."
KAGGLE_01418,AVP - Data Analyst,Barclays,Pune,2022-07-24,,kaggle_2022,"Familiar with data platform capabilities like data ingestion (ETL vs CDC), data lake, data warehouse, data marts, data science."
KAGGLE_01419,Data Analyst,Bar Code India,Gurgaon,2022-06-26,,kaggle_2022,"Acquire data from primary or secondary data sources and maintain databases/data systems.,He will study existing customer data.,Accuracy and attention to detail."
KAGGLE_01420,"Remote Data Analyst (Tableau, Qlikview, Spotfire, and PowerB...",Turing,Remote,2022-07-22,,kaggle_2022,"The selected candidate will be tasked with developing new data validation methods and data analysis tools.,Ensure the correct usage of existing data sources,…"
KAGGLE_01421,"Data Analyst, Weather/Altitude Network",NextNav,Bangalore,2022-06-26,,kaggle_2022,"Strong analytical skills, with a solid foundation in statistics and data processing, including data reduction, regression, automation, and visualization."
KAGGLE_01422,Research Science Analyst_Global Payments Map_Gurugram,McKinsey & Company,Gurgaon,2022-07-22,,kaggle_2022,"Excellent analytical and problem-solving skills, incl. intellectual curiosity, ability to structure problems in qualitative and quantitative terms, ability to…"
KAGGLE_01423,Lead Data Analyst,PowerSchool Group LLC,Bangalore,2022-07-09,,kaggle_2022,"3-5 years’ prior experience in a data analyst role.,Conduct data analysis; evaluate business processes; determine business needs; identify requirements; develop…"
KAGGLE_01424,Banking.Data Management Analyst,Citco,Hyderabad,2022-06-26,,kaggle_2022,"Analyze data using Microsoft Excel and produce reports for the internal and external stakeholders;,Maintain and update customer data in Citco Banks information…"
KAGGLE_01425,"Senior Data Analyst, ICE Bonds",Intercontinental Exchange,Hyderabad,2022-07-21,,kaggle_2022,"Process and analyze large volumes of data.,Develop data analytics for the ICE Bonds fixed income business.,Strong analytical skills including ability to rapidly…"
KAGGLE_01426,Data Analyst,Carlson Wagonlit Travel,Gurgaon,2022-06-26,,kaggle_2022,"Understanding of end-to-end data processes and data flow and Products.,Maintaining and improving the data flow globally.,Review reports to measure & meet KPI’s."
KAGGLE_01427,Data Analyst,GO MO Group,Pune,2022-06-26,,kaggle_2022,"Hands-on expertise in data research skills using available resources.,Devise and evaluate methods for collecting data, interpreting information and collating in…"
KAGGLE_01428,"Data Analyst - Payments, Cards & EToll",IDFC FIRST Bank,Mumbai,2022-06-28,,kaggle_2022," Drive application & technical architectures to ensure scalability, data consistency, speed of access, appropriate monitoring & instrumentation."
KAGGLE_01429,Data Analyst,HRhelpdesk,Bangalore,2022-06-26,,kaggle_2022,"Knowledge of data modelling through entity relationship/ORM tools and data normalization are a plus.,Responsibilities: - The role will be part of larger Tech…"
KAGGLE_01430,USI-EH23-EA-GTLO-Talent Program Support - Analyst,Deloitte,Hyderabad,2022-06-29,,kaggle_2022,"§ Employee engagement and brand initiatives, Mobility, Strategic Hiring, Digital Transformation, Diversity/Inclusion – These projects will include activities in…"
KAGGLE_01431,Power BI Developer,citius tech,Remote,2022-07-08,,kaggle_2022,"Connect to data sources, import data, and transform data for Business Intelligence.,Excellent in analytical thinking for translating data into informative…"
KAGGLE_01432,Customer Service Analyst,Amex,Gurgaon,2022-07-20,,kaggle_2022,"Drive key metrics by making recommendations based on identifying and analyzing data and implementing strategies.,Participate in different projects and deliver."
KAGGLE_01433,Business Analyst,Q UP APP- 3409Tech venture pvt. ltd,Pune,2022-07-23,,kaggle_2022,"Utilizing IT data for business insights.,Business analyst: 1 year (Preferred).,Understanding strategic business needs and plans for growth."
KAGGLE_01434,Data Analyst - Senior Associate 2,PwC,Bangalore,2022-06-26,,kaggle_2022,"Able to assess the effectiveness and accuracy of new data sources and data gathering techniques.,Knowledge of designing, implementing, deploying, and…"
KAGGLE_01435,Business Analyst,Paytm,Bangalore,2022-06-26,,kaggle_2022,"You will execute quantitative analysis that translates data into actionable insights.,Penchant for business and persistence to work with data to derive insights…"
KAGGLE_01436,Divisional Risk and Control Analyst,Deutsche Bank,Jaipur,2022-07-22,,kaggle_2022,"Perform risk monitoring and independent risk assessments.,Drive and deliver risk and control related initiatives.,Best in class leave policy."
KAGGLE_01437,CRM Database Administrator/Analyst,c3controls,Mumbai,,,kaggle_2022,"Ability to present complex data clearly.,Develop data mining and customer prospect profiling.,The successful candidate will drive business insights and…"
KAGGLE_01438,Business Analyst,Société Générale,Bangalore,2022-07-23,,kaggle_2022,"Expertise in MS Office tools, Agile toolset, data visualization and collaboration tools., JIRA.,Job Role - Lead business Analyst."
KAGGLE_01439,Senior Business Analyst,ixigo,Haryana,2022-07-26,,kaggle_2022,"Provide solutions for data modeling, usability & management of different data sources.,Execute data projects and reports from end to end."
KAGGLE_01440,Analyst-Supply chain management,Accenture,Chennai,,,kaggle_2022,This includes focusing on tracking business performance through trusted data and insights while actively managing employee behaviors.
KAGGLE_01441,Analyst - Global Business Operations,InMobi,Bangalore,2022-07-07,,kaggle_2022,Undertake Publisher/Users data subject requests by complying to the regulations and updating relevant user rights forms in the tool.
KAGGLE_01442,Senior Data Analyst (Panel),YouGov,Mumbai,2022-07-23,,kaggle_2022,"You'll have excellent data interrogation and analysis skills, using qualitative or quantitative data, to guide planning and prioritisation."
KAGGLE_01443,BI Data Analyst,Lingaro Group,Remote,2022-06-26,,kaggle_2022,"Gathering data, analyzing data, modeling data.,Hands-on experience with data integration, data modeling.,Minimum 2-year experience in business data analysis and…"
KAGGLE_01444,Data Analyst,CarDekho,Gurgaon,2022-06-26,,kaggle_2022,"Create various analysis for error handling in existing data products.,You will execute quantitative analysis that translates data into actionable insights."
KAGGLE_01445,Business Analyst- CSU,Ameriprise Financial,Gurgaon,2022-07-02,,kaggle_2022,"Provide support to Registered Principals and Supervision leaders in conducting supervision by providing 1st level analysis of documents and processes, data…"
KAGGLE_01446,Senior Data Analyst- Machine Learning,Oracle,Bangalore,2022-06-26,,kaggle_2022,"Good knowledge in data engineering concepts, data architecture design, performance tuning, and data modeling advanced ability to perform exploratory data…"
KAGGLE_01447,PPC Analyst,CedCommerce,Lucknow,2022-06-26,,kaggle_2022,"Google Analytics data analysis and reports.,Ability to analyze data through web analytics and expert knowledge on Google Analytics and Google Adwords."
KAGGLE_01448,Talent Data and Analytics Coordinator -Analyst,Deloitte,Hyderabad,2022-06-26,,kaggle_2022,"Work with external organizational design vendors, like OrgVue, to submit data and conduct data analysis to help achieve business objectives."
KAGGLE_01449,Data Analysts & Market Research,Razorpod,Gurgaon,2022-07-23,,kaggle_2022,"Ability to derive stories from data & Visualization.,Conduct competitive research and analyze benchmarking data to drive relevant next steps for key brands."
KAGGLE_01450,Data Analyst,BCD Travel Corporate,Bangalore,2022-06-26,,kaggle_2022,"Conduct trending, data mining and data analytics efficiently.,Diagnose and fix data related and reporting issues to ensure data accuracy."
KAGGLE_01451,Data Analyst,Cisco Systems,Bangalore,2022-07-04,,kaggle_2022,"Ability to take data driven decisions.,Great with reporting, analytics, visualization of data.,Technical as well as business knowledge of data and database…"
KAGGLE_01452,Data Processing Analyst I,"Arrow Electronics, Inc.",Delhi,2022-06-26,,kaggle_2022,"Prepare, check source information , verify data and correct data where necessary.,Comply with data integrity and security policies."
KAGGLE_01453,Capacity Planning Data Analyst,Johnson Controls,Pune,2022-07-09,,kaggle_2022,< >You will work with the Onshore Capacity Planning Data Analysts to produce capacity plans by country and domains to support delivery of Installations and…
KAGGLE_01454,Senior Data Processing Analyst- Omnishopper,NielsenIQ,Chennai,2022-07-16,,kaggle_2022,Omni Shopper Team member is considered as the Core team who are responsible to building Customized Databases based on client requirements by coordinating with…
KAGGLE_01455,Sr. Analyst - Accounting Data Management,WNS India,Bangalore,2022-07-20,,kaggle_2022,"Able to understand the underlying reference data and data flows and its impact on reporting / accounting processes.,VBA Macros experience strongly preferred."
KAGGLE_01456,Data Analyst - Power Systems Engineering,Cyient,Hyderabad,2022-07-16,,kaggle_2022,"O Analyze raw data from technical attributes existing in reports.,We leverage digital technologies, advanced analytics capabilities, and our domain knowledge…"
KAGGLE_01457,Operations Analyst,"Nomura Holdings, Inc.",India,,,kaggle_2022,"Understanding of data base, data model and data visualization tools.,Participate in transformation efforts within Operations by re-engineering / automation of…"
KAGGLE_01458,Business Analyst - Project Management (Exp),Applicate IT Solutions,Gurgaon,,,kaggle_2022,"Technical skills required to understand client requirements & developing technical solutions by defining, analysing, and documenting those requirements. should…"
KAGGLE_01459,Freelance Data Analytics,Analytics Squad,Noida,2022-06-26,,kaggle_2022,"Experience in data extraction and data manipulation including Importing.,Research, analyze, and present data as assigned.,Analyst *- Power BI/SQL/SAS/Tableau."
KAGGLE_01460,Data Migration DB2 Analyst/Consultant,Deloitte,Chennai,2022-06-26,,kaggle_2022,"Previous experience in any of the database tools like Oracle Goldengate, Oracle data pump, Oracle RMAN, Oracle Data Guard, SQL Server Migration Assistant."
KAGGLE_01461,Lead Data Analyst - Payments,Careers at Tide,Delhi,2022-07-17,,kaggle_2022,"Developing SQL code to interrogate our data to solve key business problems.,As part of this team, you will be using your skills as an analytics and data science…"
KAGGLE_01462,Data Analyst (Overnight),24-7 Intouch,Hyderabad,2022-06-26,,kaggle_2022,"Develop and maintain databases, data systems – reorganizing data in a readable format.,Proven working experience in data analysis."
KAGGLE_01463,Data Analyst - Audit,Ivy CompTech,Hyderabad,2022-06-26,,kaggle_2022,"Processing confidential data and information according to guidelines.,Supporting initiatives for data integrity and normalization."
KAGGLE_01464,Data Technical Analyst (Risk DMO),UBS,Mumbai,2022-07-21,,kaggle_2022,"Keen interest in understanding business context for the data.,Make recommendations about the methods and ways in which we obtain and analyze data to improve…"
KAGGLE_01465,Content Analyst - Drug Forecast,Ex Libris,Hyderabad,2022-07-15,,kaggle_2022,"Ability to research and synthesize data and information.,Responsible for accurate interpretation of data relevant to drugs in the form of research and analysis."
KAGGLE_01466,Business Analyst,Larsen & Toubro Infotech Limited,Chennai,2022-06-26,,kaggle_2022,"Good knowledge of MS Excel and SQL and some coding experience with data analytics.,Good Experience in SWIFT messaging, Fedwire, RTGS, Bofa etc."
KAGGLE_01467,Data Analyst,Airtel India,Gurgaon,2022-06-26,,kaggle_2022,"Assemble and summarize data to generate reports on financial status and risks (daily, weekly, monthly and quarterly)."
KAGGLE_01468,Business Analyst,ConcertAI,Bangalore,2022-07-23,,kaggle_2022,"Familiarity with agile development and concepts such as databases, programming, statistical modeling, data visualization."
KAGGLE_01469,Business Analyst,Uber,Hyderabad,2022-06-26,,kaggle_2022,"1-2 years of work experience in a data processing, data analysis and automation.,Proficiency in Excel/Sheets, SQL, and data visualization tools."
KAGGLE_01470,Business Analyst,ConcertAI,Bangalore,2022-07-23,,kaggle_2022,"Familiarity with agile development and concepts such as databases, programming, statistical modeling, data visualization."
KAGGLE_01471,Business Analyst,Uber,Hyderabad,2022-06-26,,kaggle_2022,"1-2 years of work experience in a data processing, data analysis and automation.,Proficiency in Excel/Sheets, SQL, and data visualization tools."
KAGGLE_01472,"Business System Analyst, Data Management",Google,Bangalore,2022-06-26,,kaggle_2022,"Experience in master data management and data governance.,Ability to work with teams and see the scope of improving data processes and data quality, and…"
KAGGLE_01473,Data warehouse Business Analyst,Codvo.ai,Pune,2022-06-26,,kaggle_2022,"Working knowledge of data query tools, Business Objects.,Participate in the creation of Business Requirements Document.,Use Case Analysis and Documentation."
KAGGLE_01474,"Scaled Abuse Analyst, YouTube",YouTube,Hyderabad,2022-07-02,,kaggle_2022,"Experience in collecting, managing, and synthesizing data sets and information from sources, data mining, and data analysis."
KAGGLE_01475,MIS Data Analyst - Fintech,Mantras2Success consultants,Hyderabad,2022-06-26,,kaggle_2022,"Should be able to handle large amount of data.,Analyze and interpret data to help improve processes and workflows."
KAGGLE_01476,Business Analyst,WebMobril Technologies,Noida,2022-07-17,,kaggle_2022,"Evaluating business processes, anticipating requirements, uncovering areas for improvement, and developing and implementing solutions."
KAGGLE_01477,Agile business Analyst,Maruti Suzuki India Ltd,Gurgaon,2022-07-01,,kaggle_2022,"Writing the business requirement documentation including overall solution, data definition, process flows, interfaces, product configurations, support tools and…"
KAGGLE_01478,Quality Analyst,ADCI - Tamil Nadu,Chennai,,,kaggle_2022,"This will help is efficient data aggregation.,SM auditor should have an eye for detail and data accuracy skills.,Bachelor's Degree from good school."
KAGGLE_01479,Internal Audit-BENGALURU-Analyst-Data Analytics,Goldman Sachs,Bangalore,2022-06-26,,kaggle_2022," Experience with advanced data analytics tools and techniques., Knowledge of basic statistics, including descriptive statistics, data distribution models,…"
KAGGLE_01480,Data Analyst,AaNeel,Ahmedabad,2022-06-26,,kaggle_2022,"Maintain the health of data sources, and data collection systems through stringent data quality check and process improvements."
KAGGLE_01481,Business Data Analyst - ETL,AstraZeneca,Chennai,2022-07-20,,kaggle_2022,"Experience in using one or more data visualisation tools (preferably Microstrategy).,Diverse minds that work cross- functionally and broadly together."
KAGGLE_01482,Call Center Operations Analyst I,FIS Global,Gurgaon,2022-07-15,,kaggle_2022,"Researches data anomalies and issues.,Provides recommendations for improvement and written documentation that relates to analysis of data."
KAGGLE_01483,CIB - Client Data Analyst,"JPMorgan Chase Bank, N.A.",Mumbai,2022-07-07,,kaggle_2022,"Experience working with Business Intelligence (BI) platforms and a true passion for data modelling, solving complex data issues, and developing infrastructure…"
KAGGLE_01484,Genome Analyst,MedGenome Labs,India,2022-06-26,,kaggle_2022,"Support in data analysis of projects.,Manage clinical report generation, closely work with the genome analyst team and close orders within TAT."
KAGGLE_01485,USI-EH23-DTTL(MF)-CA M&NSO-CRM Data Governance-Analyst,Deloitte,Hyderabad,2022-06-28,,kaggle_2022,"Working knowledge of data quality management, data entry improvement and user requirements.,Other significant responsibilities will be to support on-going…"
KAGGLE_01486,Data Analyst,NEXTracker,Hyderabad,2022-06-26,,kaggle_2022,"Adept at data prep, data modeling and data visualization.,Performs ETL work to pull data from source systems, including manipulating data, and placing in the…"
KAGGLE_01487,Data Analyst/Associate Analyst,PRS Legislative Research,Delhi,2022-06-26,,kaggle_2022,"It is essential to have prior experience in data scraping, analysis and visualisation.,The candidate should have a background in data sciences, and should be…"
KAGGLE_01488,Power BI Developer,Cygnux Softtech Pvt. Ltd.,Surat,2022-07-18,,kaggle_2022,"Analyzing data and present data through reports that aid decision-making.,Create relationships between data and develop tabular and other multidimensional data…"
KAGGLE_01489,Data mining analyst (Part,Arsh Biotech,India,2022-06-26,,kaggle_2022,Essential Qualifications: Bachelors in any of the Life Sciences (Students undertaking Bachelors may also apply). Excellent written communication skills and…
KAGGLE_01490,"Analyst, Analytics & Metric",MasterCard,Pune,2022-06-26,,kaggle_2022,"Experience in data modeling, programming, querying, data mining and report development using large volumes of granular data to deliver business intelligence and…"
KAGGLE_01491,Business Analyst - Payments,Oracle,Bangalore,2022-06-26,,kaggle_2022,"Ability to create SQL with minimal direction for data retrieval from relational database.,Atleast 5+ years of experience in payments industry."
KAGGLE_01492,HR Data Management Analyst,GSK,Bangalore,2022-06-26,,kaggle_2022,"Excellent data gathering and analytical skills with critical attention to detail.,Uses Dashboard \ Reports and available data analytics to ensure personal and…"
KAGGLE_01493,Reporting Specialist-Analyst,Deloitte,Bangalore,2022-06-26,,kaggle_2022,"Review data to detect any data integrity issues (i.e., identify illogical results, etc.).,2-3 years of applied experience in data collection, analysis, and…"
KAGGLE_01494,Data Analyst,Iron Systems,Noida,2022-06-26,,kaggle_2022,"Deep understanding of data analysis and blending data sources.,Strong data modeling skills and SQL expertise.,Experience in designing, developing, and deploying…"
KAGGLE_01495,Data Engineer Analyst Customer Analytics,"JPMorgan Chase Bank, N.A.",Hyderabad,2022-07-19,,kaggle_2022,"Knowledge of database/data sets/schema design, modelling and development.,Function as data team member for engagements to support the implementation of Data and…"
KAGGLE_01496,KYC Pipeline Analyst – Associate,Deutsche Bank,Bangalore,,,kaggle_2022,"The Reference Data Analyst supports various elements of the data lifecycle, from ensuring that data is captured from the best source, to validating and…"
KAGGLE_01497,Patient Cloud - Data Analyst,Dassault Systèmes,Pune,2022-06-26,,kaggle_2022,Design and develop QC checks to support ongoing data cleaning to identify issues/risks in data quality and data cleaning performance.
KAGGLE_01498,Data Analyst,Lithium Urban Technologies,Bangalore,2022-06-26,,kaggle_2022,"Filter and “clean” data by reviewing data in excel sheets, rectify data problems.,Interpret data, analyze results using data analysis techniques and provide…"
KAGGLE_01499,Power BI Reporting Analyst,Right Head India,Remote,2022-07-23,,kaggle_2022,"Power BI Reporting Analyst with hands on SSIS & SQL experience.,Collect and understand the report requirements by working with different SMEs - Create custom…"
KAGGLE_01500,Data Analyst,Orcapod,Bangalore,2022-06-30,,kaggle_2022,"5 Developed standardized scripts to verify the completeness, accuracy, and integrity of the data received from client, as well as additional programs to address…"
KAGGLE_01501,Business Analyst: ADM,IBM,Gurgaon,2022-07-20,,kaggle_2022,"Sound experience in data analysis, validation and presentation of results.,Be ready to navigate the complex relationships that make the business world run and…"
KAGGLE_01502,Market Research Analyst,SafeGuard Global,India,2022-07-20,,kaggle_2022,"Manage large volume of B2B data research on LinkedIn, and leverage a range of database tools to create and enter accurate customer profiles into CRM."
KAGGLE_01503,Data Governance Analyst,Quacquarelli Symonds,Mumbai,2022-07-15,,kaggle_2022,"Being experienced in data management is strongly encouraged, especially in data quality, governance and reference data.,Ensure platform SLA uptime is met."
KAGGLE_01504,Data Analyst,WHITE FORCE OUTSOURCING SERVICES PRIVATE LIMITED,Hyderabad,2022-06-26,,kaggle_2022,"Relevant experience in data analysis & reporting 2) proficiency in python, sql and MS Office 3) should have experience in executing projects successfully by…"
KAGGLE_01505,Data Analyst (Power BI),Helius Technologies,India,2022-06-26,,kaggle_2022,"Connect to data sources, importing data and transforming data for Business Intelligence.,Experience in Tabular Model creation & data visualizations."
KAGGLE_01506,Senior Data Management and Delivery Analyst,JLL,Bangalore,2022-07-02,,kaggle_2022,"Experience with data architecture, data integration/engineering, data warehousing, and/or business intelligence deployed in a complex environment."
KAGGLE_01507,Business Analyst,XY Retail,Mangalore,2022-07-22,,kaggle_2022,"Experience in analysing data to draw business-relevant conclusions and in data visualization techniques and tools.,Define reporting and alerting requirements."
KAGGLE_01508,Statistical Analyst,Eli Lilly,Bangalore,2022-07-11,,kaggle_2022,"Collaborate with data management in the planning and implementation of data quality assurance plans.,Assist in and/or be accountable for selecting statistical…"
KAGGLE_01509,Sr Quality and Data Governance Analyst I,S&P Global,Hyderabad,2022-07-12,,kaggle_2022,Transferring data from various internal and external sources into the data collection application and checking existing data for discrepancies/duplicates.
KAGGLE_01510,Jr. Data Analyst - R/ Python/ Power BI,Cacti Global,Mumbai,2022-07-02,,kaggle_2022,Work with management to prioritize business and information needs and propose solutions and strategies to business challenges Analyse and interpret trends or…
KAGGLE_01511,Data Analyst,Crypto Mize,Delhi,2022-06-26,,kaggle_2022,"After the extraction of the data, therefore, Data Analysts have to convert the raw data into structured data by resolving the errors in the data, removing…"
KAGGLE_01512,Data/Information Mgt Analyst,Citi,Mumbai,2022-07-19,,kaggle_2022,"This function covers incumbents responsible for various data activities, which include database administration, data analysis, maintenance, data quality, and…"
KAGGLE_01513,Data Quality Analyst,Standard Chartered,Chennai,2022-06-26,,kaggle_2022,"Various data domain owners and data quality teams.,Conduct data analysis implementation and monitoring of DQ.,Provide analysis into data quality inconsistencies…"
KAGGLE_01514,Project Analyst,Aprameya Engineering Limited,Ahmedabad,2022-07-23,,kaggle_2022,"Prior experience as a project analyst.,Eligibility Criteria - Master in Statistics / Post Graduate in Public Health / Hospital Management."
KAGGLE_01515,Data Analyst,Garrett Advancing Motion,Madurai,2022-06-26,,kaggle_2022,Strong analytics capabilities and excellent analytical problem-solving techniques with the ability to deal with large volumes of data and data cleaning.
KAGGLE_01516,Database Developer/Analyst - Permanent Remote -,Alpha Net Technologies Pvt Ltd,Pune,2022-07-22,,kaggle_2022,"Create and federate audience segments; both ad hoc using SQL and via internal CDP, to support business units and power their digital marketing channels."
KAGGLE_01517,Data Analyst & Quality Lead,NOKIA,Bangalore,2022-07-15,,kaggle_2022,Act as primary contact and take ownership for incoming demands that will support integration requirements between source and target application(s).
KAGGLE_01518,Senior Video Analyst Day Shift,Innovary Technologies,Bangalore,2022-07-26,,kaggle_2022,Innovary Technologies is looking for Sr. Data Analyst who is result oriented individual contributor with passion on Traffic Data Analysis and People behavior…
KAGGLE_01519,Operations Analyst,Cargill,Bangalore,2022-07-14,,kaggle_2022,"4-5 of related work experience into manufacturing data analysis and coordination.,The Operations Analyst will be responsible for the structuring of information…"
KAGGLE_01520,"Policy Analyst, India Country Program",IISD,Delhi,2022-07-20,,kaggle_2022,"Experience with data analysis tools required.,The successful applicant will be a fast learner with experience and a keen interest in analyzing policies and data…"
KAGGLE_01521,"Business Analyst - Analytics, Strategy & Operations - Mercha...",OPTnation,Delhi,2022-07-22,,kaggle_2022,"Strong attention to detail, ensuring the highest level of quality/rigor in reports and data analysis.,Analyze data and package for internal / client usage,…"
KAGGLE_01522,Data Analyst / Senior Analyst - Digital Product,Amex,Gurgaon,2022-06-26,,kaggle_2022,"Develop and deploy new data sources, data derivations, and business intelligence.,Experience with using data querying and scripting languages to analyze large…"
KAGGLE_01523,Senior Data Analyst-Process Mining,Reckitt,Hyderabad,2022-06-26,,kaggle_2022,"Understand diverse technologies and can analyse requirements, define specifications and interpret complex data."
KAGGLE_01524,Advisory-Deals-FDD-Data Analytics-Associate 2-Kolkata,PwC,Kolkata,2022-07-21,,kaggle_2022,We are looking to recruit a team member who can draw upon their previous consulting or in-house experience to bring high-quality advice and support for our…
KAGGLE_01525,Supply Chain Analyst,GLOBALFOUNDRIES,Bangalore,2022-07-22,,kaggle_2022,"Perform system analyst role in performing data analysis between touch points, root cause analysis on any gaps/issues, design, develop & validate the reports…"
KAGGLE_01526,"Analyst, Data Governance",Standard Chartered,Bangalore,2022-06-26,,kaggle_2022,"Experienced in data analysis, data profiling, data mining and MI tools.,Experienced in operating with Bloomberg terminal functions including data mining ,…"
KAGGLE_01527,Immigration Analyst,Deloitte,Hyderabad,2022-06-26,,kaggle_2022,"The Immigration Transformation group is responsible for cost optimization, data management and analytics, process excellence, strategic projects, technology…"
KAGGLE_01528,Data & MIS Analyst,HRhelpdesk,Mumbai,2022-06-26,,kaggle_2022,"Has an eye for quality in data solutions design.,Understanding of complex data structures and use them towards solution design."
KAGGLE_01529,Business Analyst,Neosoft Technologies,Mumbai,,,kaggle_2022,Developing functional specifications for use by system developers using data and process modelling techniques to create clear system specifications for the…
KAGGLE_01530,Business Analyst,MedTourEasy,Delhi,2022-06-26,,kaggle_2022,"Experience in analysing data to draw business-relevant conclusions and in data visualization techniques and tools.,Define reporting and alerting requirements."
KAGGLE_01531,Head Data Analytics,Strategic Talent Partner,Noida,2022-06-26,,kaggle_2022,"Treatments, filters and conditions to your data.,Enhancing data collection procedures to include information that is relevant for building analytic."
KAGGLE_01532,Project Management Analyst,Deutsche Bank,Bangalore,2022-07-15,,kaggle_2022,"Perform data analysis, design of data architecture requirements and mapping.,Strong Knowledge of reference data management is a mandate."
KAGGLE_01533,Senior Data Analyst,GrepTech Solutions,Chennai,2022-07-15,,kaggle_2022,"To analyse Data and prepare reports with MS-Excel.,Take decisions based on the Hourly/Alarm reports.,Full Training will be provided."
KAGGLE_01534,Operations Analyst- Online,PhonePe,Bangalore,2022-07-08,,kaggle_2022,"Addressing internal queries, data requirements and escalations regarding category.,I. Monitoring & extracting relevant data points & MIS from our analytics."
KAGGLE_01535,Senior Analyst-Data Maintenance,Accenture,Bangalore,2022-07-20,,kaggle_2022,"The role may also need expertise in managing clinical data management projects.,The team is responsible for performing data management activities including…"
KAGGLE_01536,"Analyst I, Global Financial Data Operations",Kroll,Mumbai,2022-07-21,,kaggle_2022,Collecting and analyzing financial data and taking ownership in data quality controls to ensure consistent and high-quality data are delivered as per the…
KAGGLE_01537,Team Lead - Data Analytics,Saras Analytics,Hyderabad,2022-06-26,,kaggle_2022,"Experience using statistical computer languages (R, Python, SLQ, etc.) to manipulate data and draw insights from large data sets."
KAGGLE_01538,Business Intelligence Manager,CASEY FOODS OPC PVT LTD.,Cuttack,2022-07-24,,kaggle_2022,"Develop a growth strategy focused both on financial gain and customer satisfaction.,Conduct research to identify new markets and customer needs."
KAGGLE_01539,HR Analyst,Flex-I Partners,Bangalore,2022-07-08,,kaggle_2022,"Responsible for managing HR data.,3 - 5 years experience in maintaining HR data.,Analysis on different HR matrices and managing various dashboards."
KAGGLE_01540,Data Analyst,TARGET,Bangalore,2022-07-03,,kaggle_2022,"Able to support conclusions with analytical evidence using descriptive stats, inferential stats and data visualizations."
KAGGLE_01541,Sr. Analyst - Research & Insights - Investment Management Re...,Deloitte,Mumbai,2022-07-25,,kaggle_2022,"Using advanced data science and survey advisory capabilities to strengthen the credibility of insights.,This will include quantitative and qualitative data…"
KAGGLE_01542,Data Analyst,Skyleaf Consultants,Pune,2022-07-06,,kaggle_2022,"Ability to work with large amount of data (size in TB’s).,To develop customer risk strategies, segmentation and profiles, using data science based tools."
KAGGLE_01543,Data Analyst-Python (R5582),Avalara,Pune,2022-07-02,,kaggle_2022,"Strong SQL experience in querying large data sets; creating & maintaining views.,Be responsible for accuracy, integrity, and consistency of data by taking…"
KAGGLE_01544,Cross-Border E-Commerce Product Research and Data Analytics...,FENG GROUP,Remote,2022-07-13,,kaggle_2022,4\. Participate in the formulation of Product Sales Plans on various platforms and regularly track and maintain the related data for further analysis.
KAGGLE_01545,Data Domain Governance Analyst,Barclays,Delhi,2022-06-26,,kaggle_2022,"Basic knowledge of data controls.,Partner with Risk Portfolio managers & analysts, to help them fulfil their data domain related responsibilities acting as a…"
KAGGLE_01546,AML Analyst Position at Contis / Solaris,Contis / Solaris,Chennai,2022-07-23,,kaggle_2022,"Evaluation of money laundering networks including ticket creation and connection of already existing tickets.,Reporting of new money laundering patterns."
KAGGLE_01547,CIB_Data Capture/ Cheque Processing / Transaction Processing...,"JPMorgan Chase Bank, N.A.",Bangalore,2022-07-13,,kaggle_2022,"Knowledge and experience in an operations or data processing environment.,Manage a team with an ability to drive business results; including but not limited to…"
KAGGLE_01548,Senior Data Developer/Analyst,Ford Global Business Services,Chennai,2022-07-12,,kaggle_2022,"Coordinate new and existing process improvement project management functions.,Troubleshoot GWO analytical issues and determine the updates that are required to…"
KAGGLE_01549,Data Analyst,Stellapps Technologies,Bangalore,2022-06-26,,kaggle_2022,"Creating data visualizations to effectively convey findings.,Experience in data models and reporting packages.,Strong verbal and written communication skills."
KAGGLE_01550,Analyst-Transaction risk management,Accenture,Bangalore,,,kaggle_2022,"Years of Experience: 3-5 years.,You will be working as a part of the Transaction risk management team which focuses on reviewing potential fraudulent/high-risk…"
KAGGLE_01551,Market Risk Analyst,Deutsche Bank,Pune,,,kaggle_2022,You will be a part of the Market Risk Analysis and Control (MRAC) function within MVRM and will be responsible for the provision of all official market risk…
KAGGLE_01552,Medical Billing Service RCM Senior Analyst - Work From Home,Vericle,Remote,2022-06-26,,kaggle_2022,"Hands on experience with data analysis and data classification.,Collect process error data, analyze it, categorize it, and report."
KAGGLE_01553,IFS-IFS Central Services-Data Analyst- Senior Associate 2-Ko...,PwC,Kolkata,2022-06-26,,kaggle_2022,"Our data analysts are integral to our recent growth and success within our data management & engineering division.,Identifying patterns and trends in datasets."
KAGGLE_01554,Data Analyst –Corporate Sustainability - Automotive,Fermi Spectra Enterprises Private Limited,Remote,2022-07-06,,kaggle_2022,"Analysis, verification and transfer of process data records from the energy management system.,B) Extensive knowledge in the field of data analysis in…"
KAGGLE_01555,Global Demand Planning & Inventory Analyst,NEXTracker,Hyderabad,,,kaggle_2022,"Highly data-driven and process orientated.,Ability to handle and make sense out of a large amount of data is a key differentiator."
KAGGLE_01556,Sr. Data Analyst,NEWJ,Mumbai,2022-06-26,,kaggle_2022,5+ years of work experience in SQL/Python and data visualization/BI Tools to communicate business insights using data.
KAGGLE_01557,Fraud Risk Analyst 1 1,Worldline,Chennai,2022-06-26,,kaggle_2022,". Ashok D. confirmed the job description is already known to HR for these roles. . Job Segment: Network,…"
KAGGLE_01558,IT Business Analyst,Shaurya Technosoft Pvt Ltd,Pune,2022-07-25,,kaggle_2022,Assists in analyzing and documenting client's business requirements and processes; communicates these requirements to technical personnel by constructing basic…
KAGGLE_01559,Quality Analyst,Shine Web Services,Mohali,2022-07-22,,kaggle_2022,"Should be very strong in Manual Testing.,Experience in Data Analysis, Data Validation, Data Cleansing, Data Verification.,Mobile Apps testing using Simulators."
KAGGLE_01560,Senior Analyst (Data/Product/Business),Epifi Technologies,Bangalore,2022-06-26,,kaggle_2022,"Analysts work on a rich data ecosystem, supported by a full-fledged Data Engineering team that collaborates with analysts to build high-performance solutions,…"
KAGGLE_01561,Cyber Security Risk and Compliance- Analyst/Senior Analyst,Deloitte,Bangalore,2022-06-26,,kaggle_2022,"Cyber Security vigilantly protects Deloitte and client data.,Cyber Security Risk and Compliance Analyst.,You will serve as a CSRC Analyst within the Deloitte US…"
KAGGLE_01562,Urjent Hiring for Data Analyst,K D Groups,Bahadurgarh,2022-06-26,,kaggle_2022,"Excellent Excel Skills - Comfort with Pivots, Functions and Experience of Designing Small Models.,Within Excel is a Must.,Experience with Macros is a Big Plus."
KAGGLE_01563,Data Analyst,TELUS International,Mumbai,2022-06-26,,kaggle_2022,"Acquire data from primary or secondary data sources and maintain databases/data systems.,Technical expertise in data models, database design development, data…"
KAGGLE_01564,Data Analyst,Zensar Technologies,Pune,2022-06-29,,kaggle_2022,"3+ years experience as Data Analyst in business ops support fuction.,Hands on knowledge on biz ops support and Data analysis."
KAGGLE_01565,Data Analyst (Experienced),Orbio solutions,Bangalore,2022-06-26,,kaggle_2022,"Good To Have: Retail Insights, data models.,Skills: Experience in Competitor Analysis, Data Analysis, Excel, Python, R, Tableau, SQL Queries, Selenium."
KAGGLE_01566,MIS Analyst (Logistics),Trucknetic (Savir Logistics Pvt Ltd),Delhi,2022-07-23,,kaggle_2022,"Perform data analysis for generating reports on periodic basis.,Downloading Data from Systems and mapping the same as per the requirement, coordinating with…"
KAGGLE_01567,CMG - GPS - Marketing - Analyst - Data Analytics,Deloitte,Hyderabad,2022-06-26,,kaggle_2022,"Build and deploy data models that can be used by marketers for developing data driven campaign strategies.,1 – 3 years’ experience in developing and executing…"
KAGGLE_01568,Business Analyst,Zenatix,Gurgaon,2022-07-19,,kaggle_2022,"Basic knowledge of R or Python, and data analysis techniques.,Data Analytics: Analyze client’s data to draw insights and prepare business cases and reports on a…"
KAGGLE_01569,Operations Analyst,Glaucus Logistics,Delhi,2022-07-21,,kaggle_2022,"\* Experience in data analysis & reporting.,Proven exp as an operations analyst , warehouse coordinator and similar role.,\*Experience Required - 3 + years."
KAGGLE_01570,Data Analyst with Business drive,Lingaro Group,Remote,2022-06-26,,kaggle_2022,"Very good database and data warehouse knowledge.,Identifying, gathering, analyzing, modelling data from local sources.,Grow as we grow as a company."
KAGGLE_01571,Analyst Master Data Management,GLOBALFOUNDRIES,Bangalore,2022-06-26,,kaggle_2022,"Data added to data sets are consistent with the common data model.,Generate data and use reporting tools to provide accurate information from disparate data…"
KAGGLE_01572,Data Analyst,PT Commeasure Solutions Indonesia (Reddoorz),India,2022-06-26,,kaggle_2022,"Requirements:Collaborate with business, strategy, marketing, data warehousing and tech team to understand/review the data requirements and structure of the data…"
KAGGLE_01573,Data Analyst,DAT,Bangalore,2022-06-26,,kaggle_2022,"Proven working experience as a Data analyst.,Prior experience (2-3 years) in data analytics which spans across business metrics and processes."
KAGGLE_01574,Data Analyst - Regulatory Risk and Finance,Macquarie Group Limited,Gurgaon,2022-06-26,,kaggle_2022,"Using business data and analysis from various data sources, including manual excel spreadsheets you’ll work and develop automated reporting solutions with the…"
KAGGLE_01575,Sr. Data Analyst,Oportun Inc,Remote,2022-06-26,,kaggle_2022,"Build and maintain complex data integrations for internal and external data, and maintain the data domain metadata and data catalog."
KAGGLE_01576,Data Analyst,Voiceover,Gurgaon,2022-06-26,,kaggle_2022,"Minimum 5 years of working experience as a data analyst.,Technical expertise regarding data models, database design development, data mining and segmentation…"
KAGGLE_01577,Business Analyst - Manuel Testing,Larsen & Toubro Infotech Limited,Hyderabad,2022-06-26,,kaggle_2022,"Analyze data to ensure data quality and accurate calculation results.,Perform business and data analysis in development of requirements and in ongoing support…"
KAGGLE_01578,Business Analyst-Business Intelligence,"Netrika, Consulting and Investigations",Gurgaon,2022-07-13,,kaggle_2022,"Training for the above profile would be provided.,Candidate should have good communication skills.,0 to 1 year of experience in any research profile (Company…"
KAGGLE_01579,Learning Integration-Analyst/Senior Analyst,Deloitte,Bangalore,2022-07-20,,kaggle_2022,"Experience with data visualization software such as Tableau is preferred.,Prepare, export, and clean up data for distribution to Deloitte member firms and…"
KAGGLE_01580,Business Analyst,Shri Ramswaroop Digital Technologies Pvt. Ltd.,Lucknow,2022-07-22,,kaggle_2022,"Lead efforts to gather and analyze data required to prepare business process and procedural documentation.,Independently consults with users regarding business…"
KAGGLE_01581,Research Analyst - Central Events (Hybrid),Janes,Bangalore,2022-07-06,,kaggle_2022,"Linking millions of assured data points, Janes data model creates a framework of interconnected open-source defence intelligence."
KAGGLE_01582,Program Research Analyst – Sustainable Cities and Transport,WRI India,Mumbai,2022-07-08,,kaggle_2022,"Design and implement quantitative and qualitative methods of data collection.,Undertake analysis using quantitative and qualitative tools to assess data…"
KAGGLE_01583,Data Analyst,Angara E-Commerce Pvt Ltd,Jaipur,2022-07-07,,kaggle_2022,"Analyze website data to determine areas of site improvement.,Create business on-demand as well as regular reports that provide insights into key data points."
JOBSEARCH_158,"Data Analyst","Memologs","Delhi","2026-08-26","Full-time","indeed_2026","Design experiments prior to launch, including test and control group selection, duration, budget, and statistical power analysis. Report results with quantified uncertainty, including confidence intervals. Work in SQL and Python within the shared codebase, with analysis subject to code review. Strong SQL, including joins, window functions and aggregation. Proficiency in Python with pandas and numpy. Sound statistical reasoning. Experience running A/B tests, geo experiments. Familiarity with difference-in-differences, control group construction, time-series forecasting or Bayesian methods."
JOBSEARCH_168,"Data Scientist","Vodafone","Pune","2026-07-08","Full-time","indeed_2026","Build, test, and deliver analytical models. Perform data preparation, cleansing, and optimisation using SQL and NoSQL technologies. Develop descriptive and predictive models. Comfortable working with complex, high-volume, high-dimensional datasets, preferably using Hadoop or Spark. Proficient in SQL and database technologies such as Teradata, Oracle, or MySQL. Skilled in applying machine learning techniques. Experienced in statistical tools such as Python, R, SAS, MATLAB, or SPSS."
JOBSEARCH_172,"Associate Data Scientist","Optum","Pune","2026-06-17","Full-time","indeed_2026","Strong foundation in statistics, probability, ML/DL algorithms, and model evaluation techniques. Python and SQL proficiency. Hands-on experience with Pandas, NumPy, Scikit-learn, and at least one deep learning framework (PyTorch/TensorFlow). Generative AI and LLMs - working knowledge of large language models (GPT, LLaMA, etc.), prompt engineering, and prompt optimization techniques. RAG and embeddings - understanding of Retrieval-Augmented Generation architectures, vector databases (FAISS, Pinecone, Weaviate), and embedding strategies. LLM frameworks - exposure to LangChain, LangGraph. AI agents and autonomous systems - experience building AI agents, chatbots, or agentic workflows. Model fine-tuning - hands-on experience with LLM fine-tuning (LoRA, QLoRA, PEFT). MLOps/LLMOps - familiarity with model deployment pipelines, CI/CD for ML, experiment tracking (MLflow). Familiarity with data visualization tools such as Tableau, Matplotlib, or Seaborn."
JOBSEARCH_174,"Data Science- AIML","Citi","Pune","2026-08-25","Full-time","indeed_2026","Assist in the development, fine-tuning, and deployment of Machine Learning and Deep Learning models. Fine tune large language models or build internal SLMs from scratch. Conduct research to advance the state-of-the-art in generative modeling. Strong understanding of Model Risk Management guidelines for LLM based solutions. Experience with developing and deploying machine learning models in a production environment. Familiarity with MLOps practices and tools.
